ISO-10303-21;
HEADER;
/* Generated by software containing ST-Developer
 * from STEP Tools, Inc. (www.steptools.com) 
 */

FILE_DESCRIPTION(
/* description */ (''),
/* implementation_level */ '2;1');

FILE_NAME(
/* name */ 'spotify final carcaza.step',
/* time_stamp */ '2026-04-27T22:04:53-05:00',
/* author */ (''),
/* organization */ (''),
/* preprocessor_version */ 'ST-DEVELOPER v20.1',
/* originating_system */ 'Autodesk Translation Framework v15.8.0.0',
/* authorisation */ '');

FILE_SCHEMA (('AUTOMOTIVE_DESIGN { 1 0 10303 214 3 1 1 }'));
ENDSEC;

DATA;
#10=MECHANICAL_DESIGN_GEOMETRIC_PRESENTATION_REPRESENTATION('',(#15,#16,
#17,#18,#19),#3725);
#11=SHAPE_REPRESENTATION_RELATIONSHIP('SRR','None',#3732,#12);
#12=ADVANCED_BREP_SHAPE_REPRESENTATION('',(#20,#21,#22,#23,#24),#3724);
#13=(
BOUNDED_SURFACE()
B_SPLINE_SURFACE(2,2,((#3628,#3629,#3630),(#3631,#3632,#3633),(#3634,#3635,
#3636)),.UNSPECIFIED.,.F.,.F.,.F.)
B_SPLINE_SURFACE_WITH_KNOTS((3,3),(3,3),(0.643501108793286,1.5707963267949),
(-3.14159265358979,-1.5707963267949),.UNSPECIFIED.)
GEOMETRIC_REPRESENTATION_ITEM()
RATIONAL_B_SPLINE_SURFACE(((1.,0.707106781186548,1.),(0.894427190999913,
0.632455532033674,0.894427190999913),(1.,0.707106781186548,1.)))
REPRESENTATION_ITEM('')
SURFACE()
);
#14=(
BOUNDED_SURFACE()
B_SPLINE_SURFACE(2,2,((#3648,#3649,#3650),(#3651,#3652,#3653),(#3654,#3655,
#3656)),.UNSPECIFIED.,.F.,.F.,.F.)
B_SPLINE_SURFACE_WITH_KNOTS((3,3),(3,3),(0.643501108793286,1.5707963267949),
(-3.14159265358979,-1.5707963267949),.UNSPECIFIED.)
GEOMETRIC_REPRESENTATION_ITEM()
RATIONAL_B_SPLINE_SURFACE(((1.,0.707106781186547,1.),(0.894427190999921,
0.632455532033679,0.894427190999921),(1.,0.707106781186547,1.)))
REPRESENTATION_ITEM('')
SURFACE()
);
#15=STYLED_ITEM('',(#3741),#20);
#16=STYLED_ITEM('',(#3741),#21);
#17=STYLED_ITEM('',(#3741),#22);
#18=STYLED_ITEM('',(#3741),#23);
#19=STYLED_ITEM('',(#3741),#24);
#20=MANIFOLD_SOLID_BREP('Cuerpo3',#2229);
#21=MANIFOLD_SOLID_BREP('Cuerpo4',#2230);
#22=MANIFOLD_SOLID_BREP('Cuerpo5',#2231);
#23=MANIFOLD_SOLID_BREP('Cuerpo6',#2232);
#24=MANIFOLD_SOLID_BREP('Cuerpo7',#2233);
#25=FACE_BOUND('',#250,.T.);
#26=FACE_BOUND('',#251,.T.);
#27=FACE_BOUND('',#252,.T.);
#28=FACE_BOUND('',#253,.T.);
#29=FACE_BOUND('',#254,.T.);
#30=FACE_BOUND('',#255,.T.);
#31=FACE_BOUND('',#257,.T.);
#32=FACE_BOUND('',#311,.T.);
#33=FACE_BOUND('',#312,.T.);
#34=FACE_BOUND('',#313,.T.);
#35=FACE_BOUND('',#314,.T.);
#36=FACE_BOUND('',#315,.T.);
#37=FACE_BOUND('',#316,.T.);
#38=FACE_BOUND('',#324,.T.);
#39=FACE_BOUND('',#331,.T.);
#40=FACE_BOUND('',#333,.T.);
#41=FACE_BOUND('',#336,.T.);
#42=FACE_BOUND('',#338,.T.);
#43=FACE_BOUND('',#371,.T.);
#44=FACE_BOUND('',#372,.T.);
#45=FACE_BOUND('',#375,.T.);
#46=PLANE('',#2258);
#47=PLANE('',#2283);
#48=PLANE('',#2289);
#49=PLANE('',#2290);
#50=PLANE('',#2293);
#51=PLANE('',#2296);
#52=PLANE('',#2299);
#53=PLANE('',#2302);
#54=PLANE('',#2305);
#55=PLANE('',#2308);
#56=PLANE('',#2311);
#57=PLANE('',#2314);
#58=PLANE('',#2317);
#59=PLANE('',#2320);
#60=PLANE('',#2323);
#61=PLANE('',#2326);
#62=PLANE('',#2329);
#63=PLANE('',#2332);
#64=PLANE('',#2335);
#65=PLANE('',#2338);
#66=PLANE('',#2341);
#67=PLANE('',#2344);
#68=PLANE('',#2347);
#69=PLANE('',#2350);
#70=PLANE('',#2353);
#71=PLANE('',#2356);
#72=PLANE('',#2359);
#73=PLANE('',#2364);
#74=PLANE('',#2365);
#75=PLANE('',#2366);
#76=PLANE('',#2367);
#77=PLANE('',#2368);
#78=PLANE('',#2369);
#79=PLANE('',#2372);
#80=PLANE('',#2373);
#81=PLANE('',#2374);
#82=PLANE('',#2375);
#83=PLANE('',#2376);
#84=PLANE('',#2377);
#85=PLANE('',#2378);
#86=PLANE('',#2379);
#87=PLANE('',#2380);
#88=PLANE('',#2381);
#89=PLANE('',#2382);
#90=PLANE('',#2383);
#91=PLANE('',#2384);
#92=PLANE('',#2385);
#93=PLANE('',#2386);
#94=PLANE('',#2387);
#95=PLANE('',#2388);
#96=PLANE('',#2389);
#97=PLANE('',#2390);
#98=PLANE('',#2391);
#99=PLANE('',#2392);
#100=PLANE('',#2393);
#101=PLANE('',#2394);
#102=PLANE('',#2395);
#103=PLANE('',#2396);
#104=PLANE('',#2397);
#105=PLANE('',#2398);
#106=PLANE('',#2399);
#107=PLANE('',#2400);
#108=PLANE('',#2404);
#109=PLANE('',#2408);
#110=PLANE('',#2409);
#111=PLANE('',#2413);
#112=PLANE('',#2430);
#113=PLANE('',#2431);
#114=PLANE('',#2432);
#115=PLANE('',#2433);
#116=PLANE('',#2434);
#117=PLANE('',#2435);
#118=PLANE('',#2436);
#119=PLANE('',#2437);
#120=PLANE('',#2438);
#121=PLANE('',#2439);
#122=PLANE('',#2440);
#123=PLANE('',#2441);
#124=SPHERICAL_SURFACE('',#2253,5.);
#125=SPHERICAL_SURFACE('',#2287,5.);
#126=FACE_OUTER_BOUND('',#245,.T.);
#127=FACE_OUTER_BOUND('',#246,.T.);
#128=FACE_OUTER_BOUND('',#247,.T.);
#129=FACE_OUTER_BOUND('',#248,.T.);
#130=FACE_OUTER_BOUND('',#249,.T.);
#131=FACE_OUTER_BOUND('',#256,.T.);
#132=FACE_OUTER_BOUND('',#258,.T.);
#133=FACE_OUTER_BOUND('',#259,.T.);
#134=FACE_OUTER_BOUND('',#260,.T.);
#135=FACE_OUTER_BOUND('',#261,.T.);
#136=FACE_OUTER_BOUND('',#262,.T.);
#137=FACE_OUTER_BOUND('',#263,.T.);
#138=FACE_OUTER_BOUND('',#264,.T.);
#139=FACE_OUTER_BOUND('',#265,.T.);
#140=FACE_OUTER_BOUND('',#266,.T.);
#141=FACE_OUTER_BOUND('',#267,.T.);
#142=FACE_OUTER_BOUND('',#268,.T.);
#143=FACE_OUTER_BOUND('',#269,.T.);
#144=FACE_OUTER_BOUND('',#270,.T.);
#145=FACE_OUTER_BOUND('',#271,.T.);
#146=FACE_OUTER_BOUND('',#272,.T.);
#147=FACE_OUTER_BOUND('',#273,.T.);
#148=FACE_OUTER_BOUND('',#274,.T.);
#149=FACE_OUTER_BOUND('',#275,.T.);
#150=FACE_OUTER_BOUND('',#276,.T.);
#151=FACE_OUTER_BOUND('',#277,.T.);
#152=FACE_OUTER_BOUND('',#278,.T.);
#153=FACE_OUTER_BOUND('',#279,.T.);
#154=FACE_OUTER_BOUND('',#280,.T.);
#155=FACE_OUTER_BOUND('',#281,.T.);
#156=FACE_OUTER_BOUND('',#282,.T.);
#157=FACE_OUTER_BOUND('',#283,.T.);
#158=FACE_OUTER_BOUND('',#284,.T.);
#159=FACE_OUTER_BOUND('',#285,.T.);
#160=FACE_OUTER_BOUND('',#286,.T.);
#161=FACE_OUTER_BOUND('',#287,.T.);
#162=FACE_OUTER_BOUND('',#288,.T.);
#163=FACE_OUTER_BOUND('',#289,.T.);
#164=FACE_OUTER_BOUND('',#290,.T.);
#165=FACE_OUTER_BOUND('',#291,.T.);
#166=FACE_OUTER_BOUND('',#292,.T.);
#167=FACE_OUTER_BOUND('',#293,.T.);
#168=FACE_OUTER_BOUND('',#294,.T.);
#169=FACE_OUTER_BOUND('',#295,.T.);
#170=FACE_OUTER_BOUND('',#296,.T.);
#171=FACE_OUTER_BOUND('',#297,.T.);
#172=FACE_OUTER_BOUND('',#298,.T.);
#173=FACE_OUTER_BOUND('',#299,.T.);
#174=FACE_OUTER_BOUND('',#300,.T.);
#175=FACE_OUTER_BOUND('',#301,.T.);
#176=FACE_OUTER_BOUND('',#302,.T.);
#177=FACE_OUTER_BOUND('',#303,.T.);
#178=FACE_OUTER_BOUND('',#304,.T.);
#179=FACE_OUTER_BOUND('',#305,.T.);
#180=FACE_OUTER_BOUND('',#306,.T.);
#181=FACE_OUTER_BOUND('',#307,.T.);
#182=FACE_OUTER_BOUND('',#308,.T.);
#183=FACE_OUTER_BOUND('',#309,.T.);
#184=FACE_OUTER_BOUND('',#310,.T.);
#185=FACE_OUTER_BOUND('',#317,.T.);
#186=FACE_OUTER_BOUND('',#318,.T.);
#187=FACE_OUTER_BOUND('',#319,.T.);
#188=FACE_OUTER_BOUND('',#320,.T.);
#189=FACE_OUTER_BOUND('',#321,.T.);
#190=FACE_OUTER_BOUND('',#322,.T.);
#191=FACE_OUTER_BOUND('',#323,.T.);
#192=FACE_OUTER_BOUND('',#325,.T.);
#193=FACE_OUTER_BOUND('',#326,.T.);
#194=FACE_OUTER_BOUND('',#327,.T.);
#195=FACE_OUTER_BOUND('',#328,.T.);
#196=FACE_OUTER_BOUND('',#329,.T.);
#197=FACE_OUTER_BOUND('',#330,.T.);
#198=FACE_OUTER_BOUND('',#332,.T.);
#199=FACE_OUTER_BOUND('',#334,.T.);
#200=FACE_OUTER_BOUND('',#335,.T.);
#201=FACE_OUTER_BOUND('',#337,.T.);
#202=FACE_OUTER_BOUND('',#339,.T.);
#203=FACE_OUTER_BOUND('',#340,.T.);
#204=FACE_OUTER_BOUND('',#341,.T.);
#205=FACE_OUTER_BOUND('',#342,.T.);
#206=FACE_OUTER_BOUND('',#343,.T.);
#207=FACE_OUTER_BOUND('',#344,.T.);
#208=FACE_OUTER_BOUND('',#345,.T.);
#209=FACE_OUTER_BOUND('',#346,.T.);
#210=FACE_OUTER_BOUND('',#347,.T.);
#211=FACE_OUTER_BOUND('',#348,.T.);
#212=FACE_OUTER_BOUND('',#349,.T.);
#213=FACE_OUTER_BOUND('',#350,.T.);
#214=FACE_OUTER_BOUND('',#351,.T.);
#215=FACE_OUTER_BOUND('',#352,.T.);
#216=FACE_OUTER_BOUND('',#353,.T.);
#217=FACE_OUTER_BOUND('',#354,.T.);
#218=FACE_OUTER_BOUND('',#355,.T.);
#219=FACE_OUTER_BOUND('',#356,.T.);
#220=FACE_OUTER_BOUND('',#357,.T.);
#221=FACE_OUTER_BOUND('',#358,.T.);
#222=FACE_OUTER_BOUND('',#359,.T.);
#223=FACE_OUTER_BOUND('',#360,.T.);
#224=FACE_OUTER_BOUND('',#361,.T.);
#225=FACE_OUTER_BOUND('',#362,.T.);
#226=FACE_OUTER_BOUND('',#363,.T.);
#227=FACE_OUTER_BOUND('',#364,.T.);
#228=FACE_OUTER_BOUND('',#365,.T.);
#229=FACE_OUTER_BOUND('',#366,.T.);
#230=FACE_OUTER_BOUND('',#367,.T.);
#231=FACE_OUTER_BOUND('',#368,.T.);
#232=FACE_OUTER_BOUND('',#369,.T.);
#233=FACE_OUTER_BOUND('',#370,.T.);
#234=FACE_OUTER_BOUND('',#373,.T.);
#235=FACE_OUTER_BOUND('',#374,.T.);
#236=FACE_OUTER_BOUND('',#376,.T.);
#237=FACE_OUTER_BOUND('',#377,.T.);
#238=FACE_OUTER_BOUND('',#378,.T.);
#239=FACE_OUTER_BOUND('',#379,.T.);
#240=FACE_OUTER_BOUND('',#380,.T.);
#241=FACE_OUTER_BOUND('',#381,.T.);
#242=FACE_OUTER_BOUND('',#382,.T.);
#243=FACE_OUTER_BOUND('',#383,.T.);
#244=FACE_OUTER_BOUND('',#384,.T.);
#245=EDGE_LOOP('',(#1449,#1450,#1451,#1452));
#246=EDGE_LOOP('',(#1453,#1454,#1455,#1456));
#247=EDGE_LOOP('',(#1457,#1458,#1459));
#248=EDGE_LOOP('',(#1460,#1461,#1462,#1463));
#249=EDGE_LOOP('',(#1464,#1465,#1466,#1467));
#250=EDGE_LOOP('',(#1468,#1469,#1470,#1471,#1472,#1473,#1474,#1475));
#251=EDGE_LOOP('',(#1476,#1477,#1478,#1479,#1480,#1481,#1482,#1483));
#252=EDGE_LOOP('',(#1484,#1485,#1486,#1487,#1488,#1489,#1490,#1491));
#253=EDGE_LOOP('',(#1492,#1493,#1494,#1495,#1496,#1497,#1498,#1499));
#254=EDGE_LOOP('',(#1500,#1501,#1502,#1503,#1504,#1505,#1506,#1507));
#255=EDGE_LOOP('',(#1508,#1509,#1510,#1511,#1512,#1513,#1514,#1515));
#256=EDGE_LOOP('',(#1516,#1517,#1518,#1519,#1520,#1521));
#257=EDGE_LOOP('',(#1522,#1523,#1524,#1525));
#258=EDGE_LOOP('',(#1526,#1527,#1528,#1529));
#259=EDGE_LOOP('',(#1530,#1531,#1532));
#260=EDGE_LOOP('',(#1533,#1534,#1535,#1536));
#261=EDGE_LOOP('',(#1537,#1538,#1539,#1540));
#262=EDGE_LOOP('',(#1541,#1542,#1543,#1544));
#263=EDGE_LOOP('',(#1545,#1546,#1547,#1548));
#264=EDGE_LOOP('',(#1549,#1550,#1551,#1552));
#265=EDGE_LOOP('',(#1553,#1554,#1555,#1556));
#266=EDGE_LOOP('',(#1557,#1558,#1559,#1560));
#267=EDGE_LOOP('',(#1561,#1562,#1563,#1564));
#268=EDGE_LOOP('',(#1565,#1566,#1567,#1568));
#269=EDGE_LOOP('',(#1569,#1570,#1571,#1572));
#270=EDGE_LOOP('',(#1573,#1574,#1575,#1576));
#271=EDGE_LOOP('',(#1577,#1578,#1579,#1580));
#272=EDGE_LOOP('',(#1581,#1582,#1583,#1584));
#273=EDGE_LOOP('',(#1585,#1586,#1587,#1588));
#274=EDGE_LOOP('',(#1589,#1590,#1591,#1592));
#275=EDGE_LOOP('',(#1593,#1594,#1595,#1596));
#276=EDGE_LOOP('',(#1597,#1598,#1599,#1600));
#277=EDGE_LOOP('',(#1601,#1602,#1603,#1604));
#278=EDGE_LOOP('',(#1605,#1606,#1607,#1608));
#279=EDGE_LOOP('',(#1609,#1610,#1611,#1612));
#280=EDGE_LOOP('',(#1613,#1614,#1615,#1616));
#281=EDGE_LOOP('',(#1617,#1618,#1619,#1620));
#282=EDGE_LOOP('',(#1621,#1622,#1623,#1624));
#283=EDGE_LOOP('',(#1625,#1626,#1627,#1628));
#284=EDGE_LOOP('',(#1629,#1630,#1631,#1632));
#285=EDGE_LOOP('',(#1633,#1634,#1635,#1636));
#286=EDGE_LOOP('',(#1637,#1638,#1639,#1640));
#287=EDGE_LOOP('',(#1641,#1642,#1643,#1644));
#288=EDGE_LOOP('',(#1645,#1646,#1647,#1648));
#289=EDGE_LOOP('',(#1649,#1650,#1651,#1652));
#290=EDGE_LOOP('',(#1653,#1654,#1655,#1656));
#291=EDGE_LOOP('',(#1657,#1658,#1659,#1660));
#292=EDGE_LOOP('',(#1661,#1662,#1663,#1664));
#293=EDGE_LOOP('',(#1665,#1666,#1667,#1668));
#294=EDGE_LOOP('',(#1669,#1670,#1671,#1672));
#295=EDGE_LOOP('',(#1673,#1674,#1675,#1676));
#296=EDGE_LOOP('',(#1677,#1678,#1679,#1680));
#297=EDGE_LOOP('',(#1681,#1682,#1683,#1684));
#298=EDGE_LOOP('',(#1685,#1686,#1687,#1688));
#299=EDGE_LOOP('',(#1689,#1690,#1691,#1692));
#300=EDGE_LOOP('',(#1693,#1694,#1695,#1696));
#301=EDGE_LOOP('',(#1697,#1698,#1699,#1700));
#302=EDGE_LOOP('',(#1701,#1702,#1703,#1704));
#303=EDGE_LOOP('',(#1705,#1706,#1707,#1708));
#304=EDGE_LOOP('',(#1709,#1710,#1711,#1712));
#305=EDGE_LOOP('',(#1713,#1714,#1715,#1716));
#306=EDGE_LOOP('',(#1717,#1718,#1719,#1720));
#307=EDGE_LOOP('',(#1721,#1722,#1723,#1724));
#308=EDGE_LOOP('',(#1725,#1726,#1727,#1728));
#309=EDGE_LOOP('',(#1729,#1730,#1731,#1732));
#310=EDGE_LOOP('',(#1733,#1734,#1735,#1736));
#311=EDGE_LOOP('',(#1737,#1738,#1739,#1740,#1741,#1742,#1743,#1744));
#312=EDGE_LOOP('',(#1745,#1746,#1747,#1748,#1749,#1750,#1751,#1752));
#313=EDGE_LOOP('',(#1753,#1754,#1755,#1756,#1757,#1758,#1759,#1760));
#314=EDGE_LOOP('',(#1761,#1762,#1763,#1764,#1765,#1766,#1767,#1768));
#315=EDGE_LOOP('',(#1769,#1770,#1771,#1772,#1773,#1774,#1775,#1776));
#316=EDGE_LOOP('',(#1777,#1778,#1779,#1780,#1781,#1782,#1783,#1784));
#317=EDGE_LOOP('',(#1785,#1786,#1787,#1788));
#318=EDGE_LOOP('',(#1789,#1790,#1791,#1792));
#319=EDGE_LOOP('',(#1793,#1794,#1795,#1796));
#320=EDGE_LOOP('',(#1797,#1798,#1799,#1800));
#321=EDGE_LOOP('',(#1801,#1802,#1803,#1804));
#322=EDGE_LOOP('',(#1805,#1806,#1807,#1808));
#323=EDGE_LOOP('',(#1809,#1810,#1811,#1812));
#324=EDGE_LOOP('',(#1813,#1814,#1815,#1816));
#325=EDGE_LOOP('',(#1817,#1818,#1819,#1820,#1821,#1822));
#326=EDGE_LOOP('',(#1823,#1824,#1825,#1826));
#327=EDGE_LOOP('',(#1827,#1828,#1829,#1830));
#328=EDGE_LOOP('',(#1831,#1832,#1833,#1834));
#329=EDGE_LOOP('',(#1835,#1836,#1837,#1838));
#330=EDGE_LOOP('',(#1839,#1840,#1841,#1842));
#331=EDGE_LOOP('',(#1843));
#332=EDGE_LOOP('',(#1844,#1845,#1846,#1847));
#333=EDGE_LOOP('',(#1848,#1849,#1850,#1851));
#334=EDGE_LOOP('',(#1852,#1853,#1854,#1855));
#335=EDGE_LOOP('',(#1856,#1857,#1858,#1859));
#336=EDGE_LOOP('',(#1860,#1861,#1862,#1863));
#337=EDGE_LOOP('',(#1864,#1865,#1866,#1867));
#338=EDGE_LOOP('',(#1868));
#339=EDGE_LOOP('',(#1869,#1870,#1871,#1872));
#340=EDGE_LOOP('',(#1873,#1874,#1875,#1876));
#341=EDGE_LOOP('',(#1877,#1878,#1879,#1880));
#342=EDGE_LOOP('',(#1881,#1882,#1883,#1884));
#343=EDGE_LOOP('',(#1885,#1886,#1887,#1888));
#344=EDGE_LOOP('',(#1889,#1890,#1891,#1892));
#345=EDGE_LOOP('',(#1893,#1894,#1895,#1896));
#346=EDGE_LOOP('',(#1897,#1898,#1899,#1900));
#347=EDGE_LOOP('',(#1901,#1902,#1903,#1904));
#348=EDGE_LOOP('',(#1905,#1906,#1907,#1908));
#349=EDGE_LOOP('',(#1909,#1910,#1911,#1912));
#350=EDGE_LOOP('',(#1913,#1914,#1915,#1916));
#351=EDGE_LOOP('',(#1917,#1918,#1919,#1920));
#352=EDGE_LOOP('',(#1921,#1922,#1923,#1924));
#353=EDGE_LOOP('',(#1925,#1926,#1927,#1928));
#354=EDGE_LOOP('',(#1929,#1930,#1931,#1932));
#355=EDGE_LOOP('',(#1933,#1934,#1935,#1936));
#356=EDGE_LOOP('',(#1937,#1938,#1939,#1940));
#357=EDGE_LOOP('',(#1941,#1942,#1943,#1944));
#358=EDGE_LOOP('',(#1945,#1946,#1947,#1948));
#359=EDGE_LOOP('',(#1949,#1950,#1951,#1952));
#360=EDGE_LOOP('',(#1953,#1954,#1955,#1956));
#361=EDGE_LOOP('',(#1957,#1958,#1959,#1960));
#362=EDGE_LOOP('',(#1961,#1962,#1963,#1964));
#363=EDGE_LOOP('',(#1965,#1966,#1967,#1968));
#364=EDGE_LOOP('',(#1969,#1970,#1971,#1972));
#365=EDGE_LOOP('',(#1973,#1974,#1975,#1976));
#366=EDGE_LOOP('',(#1977,#1978,#1979,#1980));
#367=EDGE_LOOP('',(#1981,#1982,#1983,#1984));
#368=EDGE_LOOP('',(#1985,#1986,#1987,#1988));
#369=EDGE_LOOP('',(#1989,#1990,#1991,#1992));
#370=EDGE_LOOP('',(#1993,#1994,#1995,#1996,#1997,#1998));
#371=EDGE_LOOP('',(#1999,#2000,#2001,#2002,#2003,#2004,#2005,#2006));
#372=EDGE_LOOP('',(#2007,#2008,#2009,#2010,#2011,#2012,#2013,#2014));
#373=EDGE_LOOP('',(#2015,#2016,#2017,#2018));
#374=EDGE_LOOP('',(#2019,#2020,#2021,#2022,#2023,#2024));
#375=EDGE_LOOP('',(#2025,#2026,#2027,#2028,#2029,#2030,#2031,#2032));
#376=EDGE_LOOP('',(#2033,#2034,#2035,#2036));
#377=EDGE_LOOP('',(#2037,#2038,#2039,#2040));
#378=EDGE_LOOP('',(#2041,#2042,#2043,#2044));
#379=EDGE_LOOP('',(#2045,#2046,#2047,#2048));
#380=EDGE_LOOP('',(#2049,#2050,#2051,#2052,#2053,#2054,#2055,#2056));
#381=EDGE_LOOP('',(#2057,#2058,#2059,#2060));
#382=EDGE_LOOP('',(#2061,#2062,#2063,#2064));
#383=EDGE_LOOP('',(#2065,#2066,#2067,#2068));
#384=EDGE_LOOP('',(#2069,#2070,#2071,#2072));
#385=LINE('',#3073,#619);
#386=LINE('',#3080,#620);
#387=LINE('',#3083,#621);
#388=LINE('',#3090,#622);
#389=LINE('',#3093,#623);
#390=LINE('',#3096,#624);
#391=LINE('',#3097,#625);
#392=LINE('',#3100,#626);
#393=LINE('',#3104,#627);
#394=LINE('',#3108,#628);
#395=LINE('',#3112,#629);
#396=LINE('',#3116,#630);
#397=LINE('',#3120,#631);
#398=LINE('',#3124,#632);
#399=LINE('',#3128,#633);
#400=LINE('',#3132,#634);
#401=LINE('',#3136,#635);
#402=LINE('',#3140,#636);
#403=LINE('',#3144,#637);
#404=LINE('',#3148,#638);
#405=LINE('',#3152,#639);
#406=LINE('',#3156,#640);
#407=LINE('',#3160,#641);
#408=LINE('',#3164,#642);
#409=LINE('',#3168,#643);
#410=LINE('',#3172,#644);
#411=LINE('',#3176,#645);
#412=LINE('',#3180,#646);
#413=LINE('',#3184,#647);
#414=LINE('',#3188,#648);
#415=LINE('',#3192,#649);
#416=LINE('',#3196,#650);
#417=LINE('',#3198,#651);
#418=LINE('',#3200,#652);
#419=LINE('',#3204,#653);
#420=LINE('',#3206,#654);
#421=LINE('',#3208,#655);
#422=LINE('',#3209,#656);
#423=LINE('',#3212,#657);
#424=LINE('',#3218,#658);
#425=LINE('',#3219,#659);
#426=LINE('',#3223,#660);
#427=LINE('',#3224,#661);
#428=LINE('',#3225,#662);
#429=LINE('',#3229,#663);
#430=LINE('',#3232,#664);
#431=LINE('',#3233,#665);
#432=LINE('',#3237,#666);
#433=LINE('',#3240,#667);
#434=LINE('',#3241,#668);
#435=LINE('',#3245,#669);
#436=LINE('',#3248,#670);
#437=LINE('',#3249,#671);
#438=LINE('',#3255,#672);
#439=LINE('',#3256,#673);
#440=LINE('',#3257,#674);
#441=LINE('',#3261,#675);
#442=LINE('',#3264,#676);
#443=LINE('',#3265,#677);
#444=LINE('',#3269,#678);
#445=LINE('',#3272,#679);
#446=LINE('',#3273,#680);
#447=LINE('',#3277,#681);
#448=LINE('',#3280,#682);
#449=LINE('',#3281,#683);
#450=LINE('',#3287,#684);
#451=LINE('',#3288,#685);
#452=LINE('',#3289,#686);
#453=LINE('',#3293,#687);
#454=LINE('',#3296,#688);
#455=LINE('',#3297,#689);
#456=LINE('',#3301,#690);
#457=LINE('',#3304,#691);
#458=LINE('',#3305,#692);
#459=LINE('',#3309,#693);
#460=LINE('',#3312,#694);
#461=LINE('',#3313,#695);
#462=LINE('',#3319,#696);
#463=LINE('',#3320,#697);
#464=LINE('',#3321,#698);
#465=LINE('',#3325,#699);
#466=LINE('',#3328,#700);
#467=LINE('',#3329,#701);
#468=LINE('',#3333,#702);
#469=LINE('',#3336,#703);
#470=LINE('',#3337,#704);
#471=LINE('',#3341,#705);
#472=LINE('',#3344,#706);
#473=LINE('',#3345,#707);
#474=LINE('',#3351,#708);
#475=LINE('',#3352,#709);
#476=LINE('',#3353,#710);
#477=LINE('',#3357,#711);
#478=LINE('',#3360,#712);
#479=LINE('',#3361,#713);
#480=LINE('',#3365,#714);
#481=LINE('',#3368,#715);
#482=LINE('',#3369,#716);
#483=LINE('',#3373,#717);
#484=LINE('',#3376,#718);
#485=LINE('',#3377,#719);
#486=LINE('',#3383,#720);
#487=LINE('',#3384,#721);
#488=LINE('',#3385,#722);
#489=LINE('',#3389,#723);
#490=LINE('',#3392,#724);
#491=LINE('',#3393,#725);
#492=LINE('',#3397,#726);
#493=LINE('',#3400,#727);
#494=LINE('',#3401,#728);
#495=LINE('',#3405,#729);
#496=LINE('',#3408,#730);
#497=LINE('',#3409,#731);
#498=LINE('',#3415,#732);
#499=LINE('',#3418,#733);
#500=LINE('',#3420,#734);
#501=LINE('',#3421,#735);
#502=LINE('',#3425,#736);
#503=LINE('',#3427,#737);
#504=LINE('',#3429,#738);
#505=LINE('',#3430,#739);
#506=LINE('',#3433,#740);
#507=LINE('',#3435,#741);
#508=LINE('',#3436,#742);
#509=LINE('',#3439,#743);
#510=LINE('',#3441,#744);
#511=LINE('',#3442,#745);
#512=LINE('',#3444,#746);
#513=LINE('',#3445,#747);
#514=LINE('',#3449,#748);
#515=LINE('',#3452,#749);
#516=LINE('',#3454,#750);
#517=LINE('',#3457,#751);
#518=LINE('',#3459,#752);
#519=LINE('',#3461,#753);
#520=LINE('',#3462,#754);
#521=LINE('',#3464,#755);
#522=LINE('',#3468,#756);
#523=LINE('',#3469,#757);
#524=LINE('',#3470,#758);
#525=LINE('',#3473,#759);
#526=LINE('',#3474,#760);
#527=LINE('',#3477,#761);
#528=LINE('',#3478,#762);
#529=LINE('',#3480,#763);
#530=LINE('',#3483,#764);
#531=LINE('',#3484,#765);
#532=LINE('',#3487,#766);
#533=LINE('',#3488,#767);
#534=LINE('',#3490,#768);
#535=LINE('',#3496,#769);
#536=LINE('',#3498,#770);
#537=LINE('',#3500,#771);
#538=LINE('',#3501,#772);
#539=LINE('',#3504,#773);
#540=LINE('',#3506,#774);
#541=LINE('',#3507,#775);
#542=LINE('',#3510,#776);
#543=LINE('',#3512,#777);
#544=LINE('',#3513,#778);
#545=LINE('',#3515,#779);
#546=LINE('',#3516,#780);
#547=LINE('',#3522,#781);
#548=LINE('',#3524,#782);
#549=LINE('',#3526,#783);
#550=LINE('',#3527,#784);
#551=LINE('',#3530,#785);
#552=LINE('',#3532,#786);
#553=LINE('',#3533,#787);
#554=LINE('',#3536,#788);
#555=LINE('',#3538,#789);
#556=LINE('',#3539,#790);
#557=LINE('',#3541,#791);
#558=LINE('',#3542,#792);
#559=LINE('',#3548,#793);
#560=LINE('',#3550,#794);
#561=LINE('',#3552,#795);
#562=LINE('',#3553,#796);
#563=LINE('',#3556,#797);
#564=LINE('',#3558,#798);
#565=LINE('',#3559,#799);
#566=LINE('',#3562,#800);
#567=LINE('',#3564,#801);
#568=LINE('',#3565,#802);
#569=LINE('',#3567,#803);
#570=LINE('',#3568,#804);
#571=LINE('',#3576,#805);
#572=LINE('',#3579,#806);
#573=LINE('',#3582,#807);
#574=LINE('',#3584,#808);
#575=LINE('',#3585,#809);
#576=LINE('',#3590,#810);
#577=LINE('',#3594,#811);
#578=LINE('',#3596,#812);
#579=LINE('',#3597,#813);
#580=LINE('',#3600,#814);
#581=LINE('',#3602,#815);
#582=LINE('',#3603,#816);
#583=LINE('',#3608,#817);
#584=LINE('',#3612,#818);
#585=LINE('',#3614,#819);
#586=LINE('',#3615,#820);
#587=LINE('',#3624,#821);
#588=LINE('',#3627,#822);
#589=LINE('',#3646,#823);
#590=LINE('',#3647,#824);
#591=LINE('',#3666,#825);
#592=LINE('',#3667,#826);
#593=LINE('',#3669,#827);
#594=LINE('',#3672,#828);
#595=LINE('',#3674,#829);
#596=LINE('',#3676,#830);
#597=LINE('',#3678,#831);
#598=LINE('',#3680,#832);
#599=LINE('',#3682,#833);
#600=LINE('',#3684,#834);
#601=LINE('',#3685,#835);
#602=LINE('',#3687,#836);
#603=LINE('',#3691,#837);
#604=LINE('',#3693,#838);
#605=LINE('',#3694,#839);
#606=LINE('',#3697,#840);
#607=LINE('',#3699,#841);
#608=LINE('',#3700,#842);
#609=LINE('',#3702,#843);
#610=LINE('',#3705,#844);
#611=LINE('',#3707,#845);
#612=LINE('',#3708,#846);
#613=LINE('',#3710,#847);
#614=LINE('',#3712,#848);
#615=LINE('',#3714,#849);
#616=LINE('',#3715,#850);
#617=LINE('',#3718,#851);
#618=LINE('',#3719,#852);
#619=VECTOR('',#2448,3.75);
#620=VECTOR('',#2455,10.);
#621=VECTOR('',#2458,10.);
#622=VECTOR('',#2467,5.);
#623=VECTOR('',#2470,10.);
#624=VECTOR('',#2473,10.);
#625=VECTOR('',#2474,10.);
#626=VECTOR('',#2475,10.);
#627=VECTOR('',#2478,10.);
#628=VECTOR('',#2481,10.);
#629=VECTOR('',#2484,10.);
#630=VECTOR('',#2487,10.);
#631=VECTOR('',#2490,10.);
#632=VECTOR('',#2493,10.);
#633=VECTOR('',#2496,10.);
#634=VECTOR('',#2499,10.);
#635=VECTOR('',#2502,10.);
#636=VECTOR('',#2505,10.);
#637=VECTOR('',#2508,10.);
#638=VECTOR('',#2511,10.);
#639=VECTOR('',#2514,10.);
#640=VECTOR('',#2517,10.);
#641=VECTOR('',#2520,10.);
#642=VECTOR('',#2523,10.);
#643=VECTOR('',#2526,10.);
#644=VECTOR('',#2529,10.);
#645=VECTOR('',#2532,10.);
#646=VECTOR('',#2535,10.);
#647=VECTOR('',#2538,10.);
#648=VECTOR('',#2541,10.);
#649=VECTOR('',#2544,10.);
#650=VECTOR('',#2549,10.);
#651=VECTOR('',#2550,10.);
#652=VECTOR('',#2551,10.);
#653=VECTOR('',#2554,10.);
#654=VECTOR('',#2555,10.);
#655=VECTOR('',#2556,10.);
#656=VECTOR('',#2557,10.);
#657=VECTOR('',#2560,10.);
#658=VECTOR('',#2569,10.);
#659=VECTOR('',#2570,5.);
#660=VECTOR('',#2573,10.);
#661=VECTOR('',#2574,10.);
#662=VECTOR('',#2575,10.);
#663=VECTOR('',#2580,10.);
#664=VECTOR('',#2583,10.);
#665=VECTOR('',#2584,10.);
#666=VECTOR('',#2589,10.);
#667=VECTOR('',#2592,10.);
#668=VECTOR('',#2593,10.);
#669=VECTOR('',#2598,10.);
#670=VECTOR('',#2601,10.);
#671=VECTOR('',#2602,10.);
#672=VECTOR('',#2609,10.);
#673=VECTOR('',#2610,10.);
#674=VECTOR('',#2611,10.);
#675=VECTOR('',#2616,10.);
#676=VECTOR('',#2619,10.);
#677=VECTOR('',#2620,10.);
#678=VECTOR('',#2625,10.);
#679=VECTOR('',#2628,10.);
#680=VECTOR('',#2629,10.);
#681=VECTOR('',#2634,10.);
#682=VECTOR('',#2637,10.);
#683=VECTOR('',#2638,10.);
#684=VECTOR('',#2645,10.);
#685=VECTOR('',#2646,10.);
#686=VECTOR('',#2647,10.);
#687=VECTOR('',#2652,10.);
#688=VECTOR('',#2655,10.);
#689=VECTOR('',#2656,10.);
#690=VECTOR('',#2661,10.);
#691=VECTOR('',#2664,10.);
#692=VECTOR('',#2665,10.);
#693=VECTOR('',#2670,10.);
#694=VECTOR('',#2673,10.);
#695=VECTOR('',#2674,10.);
#696=VECTOR('',#2681,10.);
#697=VECTOR('',#2682,10.);
#698=VECTOR('',#2683,10.);
#699=VECTOR('',#2688,10.);
#700=VECTOR('',#2691,10.);
#701=VECTOR('',#2692,10.);
#702=VECTOR('',#2697,10.);
#703=VECTOR('',#2700,10.);
#704=VECTOR('',#2701,10.);
#705=VECTOR('',#2706,10.);
#706=VECTOR('',#2709,10.);
#707=VECTOR('',#2710,10.);
#708=VECTOR('',#2717,10.);
#709=VECTOR('',#2718,10.);
#710=VECTOR('',#2719,10.);
#711=VECTOR('',#2724,10.);
#712=VECTOR('',#2727,10.);
#713=VECTOR('',#2728,10.);
#714=VECTOR('',#2733,10.);
#715=VECTOR('',#2736,10.);
#716=VECTOR('',#2737,10.);
#717=VECTOR('',#2742,10.);
#718=VECTOR('',#2745,10.);
#719=VECTOR('',#2746,10.);
#720=VECTOR('',#2753,10.);
#721=VECTOR('',#2754,10.);
#722=VECTOR('',#2755,10.);
#723=VECTOR('',#2760,10.);
#724=VECTOR('',#2763,10.);
#725=VECTOR('',#2764,10.);
#726=VECTOR('',#2769,10.);
#727=VECTOR('',#2772,10.);
#728=VECTOR('',#2773,10.);
#729=VECTOR('',#2778,10.);
#730=VECTOR('',#2781,10.);
#731=VECTOR('',#2782,10.);
#732=VECTOR('',#2791,10.);
#733=VECTOR('',#2794,10.);
#734=VECTOR('',#2795,10.);
#735=VECTOR('',#2796,10.);
#736=VECTOR('',#2799,10.);
#737=VECTOR('',#2800,10.);
#738=VECTOR('',#2801,10.);
#739=VECTOR('',#2802,10.);
#740=VECTOR('',#2805,10.);
#741=VECTOR('',#2806,10.);
#742=VECTOR('',#2807,10.);
#743=VECTOR('',#2810,10.);
#744=VECTOR('',#2811,10.);
#745=VECTOR('',#2812,10.);
#746=VECTOR('',#2815,10.);
#747=VECTOR('',#2816,10.);
#748=VECTOR('',#2821,10.);
#749=VECTOR('',#2824,10.);
#750=VECTOR('',#2827,10.);
#751=VECTOR('',#2828,10.);
#752=VECTOR('',#2829,10.);
#753=VECTOR('',#2830,10.);
#754=VECTOR('',#2831,10.);
#755=VECTOR('',#2834,10.);
#756=VECTOR('',#2837,10.);
#757=VECTOR('',#2838,10.);
#758=VECTOR('',#2839,10.);
#759=VECTOR('',#2842,10.);
#760=VECTOR('',#2843,10.);
#761=VECTOR('',#2846,10.);
#762=VECTOR('',#2847,10.);
#763=VECTOR('',#2850,10.);
#764=VECTOR('',#2853,10.);
#765=VECTOR('',#2854,10.);
#766=VECTOR('',#2857,10.);
#767=VECTOR('',#2858,10.);
#768=VECTOR('',#2861,10.);
#769=VECTOR('',#2868,10.);
#770=VECTOR('',#2869,10.);
#771=VECTOR('',#2870,10.);
#772=VECTOR('',#2871,10.);
#773=VECTOR('',#2874,10.);
#774=VECTOR('',#2875,10.);
#775=VECTOR('',#2876,10.);
#776=VECTOR('',#2879,10.);
#777=VECTOR('',#2880,10.);
#778=VECTOR('',#2881,10.);
#779=VECTOR('',#2884,10.);
#780=VECTOR('',#2885,10.);
#781=VECTOR('',#2892,10.);
#782=VECTOR('',#2893,10.);
#783=VECTOR('',#2894,10.);
#784=VECTOR('',#2895,10.);
#785=VECTOR('',#2898,10.);
#786=VECTOR('',#2899,10.);
#787=VECTOR('',#2900,10.);
#788=VECTOR('',#2903,10.);
#789=VECTOR('',#2904,10.);
#790=VECTOR('',#2905,10.);
#791=VECTOR('',#2908,10.);
#792=VECTOR('',#2909,10.);
#793=VECTOR('',#2916,10.);
#794=VECTOR('',#2917,10.);
#795=VECTOR('',#2918,10.);
#796=VECTOR('',#2919,10.);
#797=VECTOR('',#2922,10.);
#798=VECTOR('',#2923,10.);
#799=VECTOR('',#2924,10.);
#800=VECTOR('',#2927,10.);
#801=VECTOR('',#2928,10.);
#802=VECTOR('',#2929,10.);
#803=VECTOR('',#2932,10.);
#804=VECTOR('',#2933,10.);
#805=VECTOR('',#2942,10.);
#806=VECTOR('',#2945,10.);
#807=VECTOR('',#2948,10.);
#808=VECTOR('',#2949,10.);
#809=VECTOR('',#2950,10.);
#810=VECTOR('',#2955,10.);
#811=VECTOR('',#2960,10.);
#812=VECTOR('',#2961,10.);
#813=VECTOR('',#2962,10.);
#814=VECTOR('',#2965,10.);
#815=VECTOR('',#2966,10.);
#816=VECTOR('',#2967,10.);
#817=VECTOR('',#2972,10.);
#818=VECTOR('',#2977,10.);
#819=VECTOR('',#2978,10.);
#820=VECTOR('',#2979,10.);
#821=VECTOR('',#2990,5.);
#822=VECTOR('',#2993,10.);
#823=VECTOR('',#3004,10.);
#824=VECTOR('',#3005,5.);
#825=VECTOR('',#3016,10.);
#826=VECTOR('',#3017,5.);
#827=VECTOR('',#3020,10.);
#828=VECTOR('',#3021,10.);
#829=VECTOR('',#3022,10.);
#830=VECTOR('',#3023,10.);
#831=VECTOR('',#3024,10.);
#832=VECTOR('',#3025,10.);
#833=VECTOR('',#3026,10.);
#834=VECTOR('',#3027,10.);
#835=VECTOR('',#3028,10.);
#836=VECTOR('',#3031,10.);
#837=VECTOR('',#3036,10.);
#838=VECTOR('',#3037,10.);
#839=VECTOR('',#3038,10.);
#840=VECTOR('',#3041,10.);
#841=VECTOR('',#3042,10.);
#842=VECTOR('',#3043,10.);
#843=VECTOR('',#3046,10.);
#844=VECTOR('',#3049,10.);
#845=VECTOR('',#3050,10.);
#846=VECTOR('',#3051,10.);
#847=VECTOR('',#3054,10.);
#848=VECTOR('',#3055,10.);
#849=VECTOR('',#3056,10.);
#850=VECTOR('',#3057,10.);
#851=VECTOR('',#3062,10.);
#852=VECTOR('',#3063,10.);
#853=CIRCLE('',#2248,3.75);
#854=CIRCLE('',#2249,3.75);
#855=CIRCLE('',#2251,5.);
#856=CIRCLE('',#2252,5.00000000000002);
#857=CIRCLE('',#2254,5.);
#858=CIRCLE('',#2255,5.);
#859=CIRCLE('',#2257,5.);
#860=CIRCLE('',#2259,0.500000000000007);
#861=CIRCLE('',#2260,0.500000000000029);
#862=CIRCLE('',#2261,0.500000000000007);
#863=CIRCLE('',#2262,0.5);
#864=CIRCLE('',#2263,0.500000000000012);
#865=CIRCLE('',#2264,0.500000000000007);
#866=CIRCLE('',#2265,0.500000000000007);
#867=CIRCLE('',#2266,0.500000000000007);
#868=CIRCLE('',#2267,0.500000000000007);
#869=CIRCLE('',#2268,0.500000000000007);
#870=CIRCLE('',#2269,0.500000000000007);
#871=CIRCLE('',#2270,0.500000000000012);
#872=CIRCLE('',#2271,0.500000000000009);
#873=CIRCLE('',#2272,0.500000000000007);
#874=CIRCLE('',#2273,0.500000000000007);
#875=CIRCLE('',#2274,0.500000000000007);
#876=CIRCLE('',#2275,0.500000000000007);
#877=CIRCLE('',#2276,0.500000000000007);
#878=CIRCLE('',#2277,0.500000000000007);
#879=CIRCLE('',#2278,0.500000000000007);
#880=CIRCLE('',#2279,0.500000000000012);
#881=CIRCLE('',#2280,0.500000000000007);
#882=CIRCLE('',#2281,0.500000000000007);
#883=CIRCLE('',#2282,0.500000000000007);
#884=CIRCLE('',#2284,5.);
#885=CIRCLE('',#2286,5.);
#886=CIRCLE('',#2288,5.);
#887=CIRCLE('',#2292,0.500000000000007);
#888=CIRCLE('',#2295,0.500000000000012);
#889=CIRCLE('',#2298,0.500000000000007);
#890=CIRCLE('',#2301,0.500000000000007);
#891=CIRCLE('',#2304,0.500000000000007);
#892=CIRCLE('',#2307,0.500000000000007);
#893=CIRCLE('',#2310,0.500000000000007);
#894=CIRCLE('',#2313,0.500000000000007);
#895=CIRCLE('',#2316,0.500000000000007);
#896=CIRCLE('',#2319,0.500000000000009);
#897=CIRCLE('',#2322,0.500000000000007);
#898=CIRCLE('',#2325,0.500000000000007);
#899=CIRCLE('',#2328,0.500000000000007);
#900=CIRCLE('',#2331,0.500000000000007);
#901=CIRCLE('',#2334,0.500000000000012);
#902=CIRCLE('',#2337,0.500000000000007);
#903=CIRCLE('',#2340,0.500000000000007);
#904=CIRCLE('',#2343,0.500000000000012);
#905=CIRCLE('',#2346,0.500000000000007);
#906=CIRCLE('',#2349,0.500000000000007);
#907=CIRCLE('',#2352,0.500000000000029);
#908=CIRCLE('',#2355,0.500000000000007);
#909=CIRCLE('',#2358,0.5);
#910=CIRCLE('',#2361,0.500000000000007);
#911=CIRCLE('',#2363,5.);
#912=CIRCLE('',#2371,5.);
#913=CIRCLE('',#2402,1.);
#914=CIRCLE('',#2403,1.);
#915=CIRCLE('',#2406,1.);
#916=CIRCLE('',#2407,1.);
#917=CIRCLE('',#2411,1.2);
#918=CIRCLE('',#2412,1.2);
#919=CIRCLE('',#2415,1.2);
#920=CIRCLE('',#2416,1.2);
#921=CIRCLE('',#2418,5.);
#922=CIRCLE('',#2419,5.);
#923=CIRCLE('',#2420,5.);
#924=CIRCLE('',#2421,5.);
#925=CIRCLE('',#2422,1.);
#926=CIRCLE('',#2424,5.);
#927=CIRCLE('',#2425,5.);
#928=CIRCLE('',#2426,5.);
#929=CIRCLE('',#2427,1.00000000000001);
#930=CIRCLE('',#2429,5.);
#931=VERTEX_POINT('',#3070);
#932=VERTEX_POINT('',#3072);
#933=VERTEX_POINT('',#3076);
#934=VERTEX_POINT('',#3077);
#935=VERTEX_POINT('',#3079);
#936=VERTEX_POINT('',#3081);
#937=VERTEX_POINT('',#3085);
#938=VERTEX_POINT('',#3089);
#939=VERTEX_POINT('',#3091);
#940=VERTEX_POINT('',#3095);
#941=VERTEX_POINT('',#3098);
#942=VERTEX_POINT('',#3099);
#943=VERTEX_POINT('',#3101);
#944=VERTEX_POINT('',#3103);
#945=VERTEX_POINT('',#3105);
#946=VERTEX_POINT('',#3107);
#947=VERTEX_POINT('',#3109);
#948=VERTEX_POINT('',#3111);
#949=VERTEX_POINT('',#3114);
#950=VERTEX_POINT('',#3115);
#951=VERTEX_POINT('',#3117);
#952=VERTEX_POINT('',#3119);
#953=VERTEX_POINT('',#3121);
#954=VERTEX_POINT('',#3123);
#955=VERTEX_POINT('',#3125);
#956=VERTEX_POINT('',#3127);
#957=VERTEX_POINT('',#3130);
#958=VERTEX_POINT('',#3131);
#959=VERTEX_POINT('',#3133);
#960=VERTEX_POINT('',#3135);
#961=VERTEX_POINT('',#3137);
#962=VERTEX_POINT('',#3139);
#963=VERTEX_POINT('',#3141);
#964=VERTEX_POINT('',#3143);
#965=VERTEX_POINT('',#3146);
#966=VERTEX_POINT('',#3147);
#967=VERTEX_POINT('',#3149);
#968=VERTEX_POINT('',#3151);
#969=VERTEX_POINT('',#3153);
#970=VERTEX_POINT('',#3155);
#971=VERTEX_POINT('',#3157);
#972=VERTEX_POINT('',#3159);
#973=VERTEX_POINT('',#3162);
#974=VERTEX_POINT('',#3163);
#975=VERTEX_POINT('',#3165);
#976=VERTEX_POINT('',#3167);
#977=VERTEX_POINT('',#3169);
#978=VERTEX_POINT('',#3171);
#979=VERTEX_POINT('',#3173);
#980=VERTEX_POINT('',#3175);
#981=VERTEX_POINT('',#3178);
#982=VERTEX_POINT('',#3179);
#983=VERTEX_POINT('',#3181);
#984=VERTEX_POINT('',#3183);
#985=VERTEX_POINT('',#3185);
#986=VERTEX_POINT('',#3187);
#987=VERTEX_POINT('',#3189);
#988=VERTEX_POINT('',#3191);
#989=VERTEX_POINT('',#3195);
#990=VERTEX_POINT('',#3197);
#991=VERTEX_POINT('',#3199);
#992=VERTEX_POINT('',#3202);
#993=VERTEX_POINT('',#3203);
#994=VERTEX_POINT('',#3205);
#995=VERTEX_POINT('',#3207);
#996=VERTEX_POINT('',#3211);
#997=VERTEX_POINT('',#3217);
#998=VERTEX_POINT('',#3221);
#999=VERTEX_POINT('',#3222);
#1000=VERTEX_POINT('',#3227);
#1001=VERTEX_POINT('',#3231);
#1002=VERTEX_POINT('',#3235);
#1003=VERTEX_POINT('',#3239);
#1004=VERTEX_POINT('',#3243);
#1005=VERTEX_POINT('',#3247);
#1006=VERTEX_POINT('',#3253);
#1007=VERTEX_POINT('',#3254);
#1008=VERTEX_POINT('',#3259);
#1009=VERTEX_POINT('',#3263);
#1010=VERTEX_POINT('',#3267);
#1011=VERTEX_POINT('',#3271);
#1012=VERTEX_POINT('',#3275);
#1013=VERTEX_POINT('',#3279);
#1014=VERTEX_POINT('',#3285);
#1015=VERTEX_POINT('',#3286);
#1016=VERTEX_POINT('',#3291);
#1017=VERTEX_POINT('',#3295);
#1018=VERTEX_POINT('',#3299);
#1019=VERTEX_POINT('',#3303);
#1020=VERTEX_POINT('',#3307);
#1021=VERTEX_POINT('',#3311);
#1022=VERTEX_POINT('',#3317);
#1023=VERTEX_POINT('',#3318);
#1024=VERTEX_POINT('',#3323);
#1025=VERTEX_POINT('',#3327);
#1026=VERTEX_POINT('',#3331);
#1027=VERTEX_POINT('',#3335);
#1028=VERTEX_POINT('',#3339);
#1029=VERTEX_POINT('',#3343);
#1030=VERTEX_POINT('',#3349);
#1031=VERTEX_POINT('',#3350);
#1032=VERTEX_POINT('',#3355);
#1033=VERTEX_POINT('',#3359);
#1034=VERTEX_POINT('',#3363);
#1035=VERTEX_POINT('',#3367);
#1036=VERTEX_POINT('',#3371);
#1037=VERTEX_POINT('',#3375);
#1038=VERTEX_POINT('',#3381);
#1039=VERTEX_POINT('',#3382);
#1040=VERTEX_POINT('',#3387);
#1041=VERTEX_POINT('',#3391);
#1042=VERTEX_POINT('',#3395);
#1043=VERTEX_POINT('',#3399);
#1044=VERTEX_POINT('',#3403);
#1045=VERTEX_POINT('',#3407);
#1046=VERTEX_POINT('',#3413);
#1047=VERTEX_POINT('',#3417);
#1048=VERTEX_POINT('',#3419);
#1049=VERTEX_POINT('',#3423);
#1050=VERTEX_POINT('',#3424);
#1051=VERTEX_POINT('',#3426);
#1052=VERTEX_POINT('',#3428);
#1053=VERTEX_POINT('',#3432);
#1054=VERTEX_POINT('',#3434);
#1055=VERTEX_POINT('',#3438);
#1056=VERTEX_POINT('',#3440);
#1057=VERTEX_POINT('',#3448);
#1058=VERTEX_POINT('',#3450);
#1059=VERTEX_POINT('',#3455);
#1060=VERTEX_POINT('',#3456);
#1061=VERTEX_POINT('',#3458);
#1062=VERTEX_POINT('',#3460);
#1063=VERTEX_POINT('',#3466);
#1064=VERTEX_POINT('',#3467);
#1065=VERTEX_POINT('',#3472);
#1066=VERTEX_POINT('',#3476);
#1067=VERTEX_POINT('',#3482);
#1068=VERTEX_POINT('',#3486);
#1069=VERTEX_POINT('',#3494);
#1070=VERTEX_POINT('',#3495);
#1071=VERTEX_POINT('',#3497);
#1072=VERTEX_POINT('',#3499);
#1073=VERTEX_POINT('',#3503);
#1074=VERTEX_POINT('',#3505);
#1075=VERTEX_POINT('',#3509);
#1076=VERTEX_POINT('',#3511);
#1077=VERTEX_POINT('',#3520);
#1078=VERTEX_POINT('',#3521);
#1079=VERTEX_POINT('',#3523);
#1080=VERTEX_POINT('',#3525);
#1081=VERTEX_POINT('',#3529);
#1082=VERTEX_POINT('',#3531);
#1083=VERTEX_POINT('',#3535);
#1084=VERTEX_POINT('',#3537);
#1085=VERTEX_POINT('',#3546);
#1086=VERTEX_POINT('',#3547);
#1087=VERTEX_POINT('',#3549);
#1088=VERTEX_POINT('',#3551);
#1089=VERTEX_POINT('',#3555);
#1090=VERTEX_POINT('',#3557);
#1091=VERTEX_POINT('',#3561);
#1092=VERTEX_POINT('',#3563);
#1093=VERTEX_POINT('',#3572);
#1094=VERTEX_POINT('',#3573);
#1095=VERTEX_POINT('',#3575);
#1096=VERTEX_POINT('',#3577);
#1097=VERTEX_POINT('',#3581);
#1098=VERTEX_POINT('',#3583);
#1099=VERTEX_POINT('',#3587);
#1100=VERTEX_POINT('',#3589);
#1101=VERTEX_POINT('',#3593);
#1102=VERTEX_POINT('',#3595);
#1103=VERTEX_POINT('',#3599);
#1104=VERTEX_POINT('',#3601);
#1105=VERTEX_POINT('',#3605);
#1106=VERTEX_POINT('',#3607);
#1107=VERTEX_POINT('',#3611);
#1108=VERTEX_POINT('',#3613);
#1109=VERTEX_POINT('',#3620);
#1110=VERTEX_POINT('',#3621);
#1111=VERTEX_POINT('',#3623);
#1112=VERTEX_POINT('',#3625);
#1113=VERTEX_POINT('',#3637);
#1114=VERTEX_POINT('',#3638);
#1115=VERTEX_POINT('',#3643);
#1116=VERTEX_POINT('',#3644);
#1117=VERTEX_POINT('',#3657);
#1118=VERTEX_POINT('',#3658);
#1119=VERTEX_POINT('',#3663);
#1120=VERTEX_POINT('',#3664);
#1121=VERTEX_POINT('',#3670);
#1122=VERTEX_POINT('',#3671);
#1123=VERTEX_POINT('',#3673);
#1124=VERTEX_POINT('',#3675);
#1125=VERTEX_POINT('',#3677);
#1126=VERTEX_POINT('',#3679);
#1127=VERTEX_POINT('',#3681);
#1128=VERTEX_POINT('',#3683);
#1129=VERTEX_POINT('',#3690);
#1130=VERTEX_POINT('',#3692);
#1131=VERTEX_POINT('',#3696);
#1132=VERTEX_POINT('',#3698);
#1133=VERTEX_POINT('',#3704);
#1134=VERTEX_POINT('',#3706);
#1135=VERTEX_POINT('',#3711);
#1136=VERTEX_POINT('',#3713);
#1137=EDGE_CURVE('',#931,#931,#853,.T.);
#1138=EDGE_CURVE('',#931,#932,#385,.T.);
#1139=EDGE_CURVE('',#932,#932,#854,.T.);
#1140=EDGE_CURVE('',#933,#934,#855,.T.);
#1141=EDGE_CURVE('',#934,#935,#386,.T.);
#1142=EDGE_CURVE('',#935,#936,#856,.T.);
#1143=EDGE_CURVE('',#936,#933,#387,.T.);
#1144=EDGE_CURVE('',#935,#937,#857,.T.);
#1145=EDGE_CURVE('',#937,#936,#858,.T.);
#1146=EDGE_CURVE('',#935,#938,#388,.T.);
#1147=EDGE_CURVE('',#939,#938,#859,.T.);
#1148=EDGE_CURVE('',#939,#937,#389,.T.);
#1149=EDGE_CURVE('',#934,#940,#390,.T.);
#1150=EDGE_CURVE('',#938,#940,#391,.T.);
#1151=EDGE_CURVE('',#941,#942,#392,.T.);
#1152=EDGE_CURVE('',#942,#943,#860,.T.);
#1153=EDGE_CURVE('',#943,#944,#393,.T.);
#1154=EDGE_CURVE('',#944,#945,#861,.T.);
#1155=EDGE_CURVE('',#945,#946,#394,.T.);
#1156=EDGE_CURVE('',#946,#947,#862,.T.);
#1157=EDGE_CURVE('',#947,#948,#395,.T.);
#1158=EDGE_CURVE('',#948,#941,#863,.T.);
#1159=EDGE_CURVE('',#949,#950,#396,.T.);
#1160=EDGE_CURVE('',#950,#951,#864,.T.);
#1161=EDGE_CURVE('',#951,#952,#397,.T.);
#1162=EDGE_CURVE('',#952,#953,#865,.T.);
#1163=EDGE_CURVE('',#953,#954,#398,.T.);
#1164=EDGE_CURVE('',#954,#955,#866,.T.);
#1165=EDGE_CURVE('',#955,#956,#399,.T.);
#1166=EDGE_CURVE('',#956,#949,#867,.T.);
#1167=EDGE_CURVE('',#957,#958,#400,.T.);
#1168=EDGE_CURVE('',#958,#959,#868,.T.);
#1169=EDGE_CURVE('',#959,#960,#401,.T.);
#1170=EDGE_CURVE('',#960,#961,#869,.T.);
#1171=EDGE_CURVE('',#961,#962,#402,.T.);
#1172=EDGE_CURVE('',#962,#963,#870,.T.);
#1173=EDGE_CURVE('',#963,#964,#403,.T.);
#1174=EDGE_CURVE('',#964,#957,#871,.T.);
#1175=EDGE_CURVE('',#965,#966,#404,.T.);
#1176=EDGE_CURVE('',#966,#967,#872,.T.);
#1177=EDGE_CURVE('',#967,#968,#405,.T.);
#1178=EDGE_CURVE('',#968,#969,#873,.T.);
#1179=EDGE_CURVE('',#969,#970,#406,.T.);
#1180=EDGE_CURVE('',#970,#971,#874,.T.);
#1181=EDGE_CURVE('',#971,#972,#407,.T.);
#1182=EDGE_CURVE('',#972,#965,#875,.T.);
#1183=EDGE_CURVE('',#973,#974,#408,.T.);
#1184=EDGE_CURVE('',#974,#975,#876,.T.);
#1185=EDGE_CURVE('',#975,#976,#409,.T.);
#1186=EDGE_CURVE('',#976,#977,#877,.T.);
#1187=EDGE_CURVE('',#977,#978,#410,.T.);
#1188=EDGE_CURVE('',#978,#979,#878,.T.);
#1189=EDGE_CURVE('',#979,#980,#411,.T.);
#1190=EDGE_CURVE('',#980,#973,#879,.T.);
#1191=EDGE_CURVE('',#981,#982,#412,.T.);
#1192=EDGE_CURVE('',#982,#983,#880,.T.);
#1193=EDGE_CURVE('',#983,#984,#413,.T.);
#1194=EDGE_CURVE('',#984,#985,#881,.T.);
#1195=EDGE_CURVE('',#985,#986,#414,.T.);
#1196=EDGE_CURVE('',#986,#987,#882,.T.);
#1197=EDGE_CURVE('',#987,#988,#415,.T.);
#1198=EDGE_CURVE('',#988,#981,#883,.T.);
#1199=EDGE_CURVE('',#989,#933,#416,.T.);
#1200=EDGE_CURVE('',#990,#989,#417,.T.);
#1201=EDGE_CURVE('',#990,#991,#418,.T.);
#1202=EDGE_CURVE('',#940,#991,#884,.T.);
#1203=EDGE_CURVE('',#992,#993,#419,.T.);
#1204=EDGE_CURVE('',#994,#993,#420,.T.);
#1205=EDGE_CURVE('',#995,#994,#421,.T.);
#1206=EDGE_CURVE('',#995,#992,#422,.T.);
#1207=EDGE_CURVE('',#991,#996,#423,.T.);
#1208=EDGE_CURVE('',#996,#938,#885,.T.);
#1209=EDGE_CURVE('',#996,#939,#886,.T.);
#1210=EDGE_CURVE('',#990,#997,#424,.T.);
#1211=EDGE_CURVE('',#996,#997,#425,.T.);
#1212=EDGE_CURVE('',#998,#999,#426,.T.);
#1213=EDGE_CURVE('',#986,#998,#427,.T.);
#1214=EDGE_CURVE('',#985,#999,#428,.T.);
#1215=EDGE_CURVE('',#999,#1000,#887,.T.);
#1216=EDGE_CURVE('',#984,#1000,#429,.T.);
#1217=EDGE_CURVE('',#1000,#1001,#430,.T.);
#1218=EDGE_CURVE('',#983,#1001,#431,.T.);
#1219=EDGE_CURVE('',#1001,#1002,#888,.T.);
#1220=EDGE_CURVE('',#982,#1002,#432,.T.);
#1221=EDGE_CURVE('',#1002,#1003,#433,.T.);
#1222=EDGE_CURVE('',#981,#1003,#434,.T.);
#1223=EDGE_CURVE('',#1003,#1004,#889,.T.);
#1224=EDGE_CURVE('',#988,#1004,#435,.T.);
#1225=EDGE_CURVE('',#1004,#1005,#436,.T.);
#1226=EDGE_CURVE('',#987,#1005,#437,.T.);
#1227=EDGE_CURVE('',#1005,#998,#890,.T.);
#1228=EDGE_CURVE('',#1006,#1007,#438,.T.);
#1229=EDGE_CURVE('',#978,#1006,#439,.T.);
#1230=EDGE_CURVE('',#977,#1007,#440,.T.);
#1231=EDGE_CURVE('',#1007,#1008,#891,.T.);
#1232=EDGE_CURVE('',#976,#1008,#441,.T.);
#1233=EDGE_CURVE('',#1008,#1009,#442,.T.);
#1234=EDGE_CURVE('',#975,#1009,#443,.T.);
#1235=EDGE_CURVE('',#1009,#1010,#892,.T.);
#1236=EDGE_CURVE('',#974,#1010,#444,.T.);
#1237=EDGE_CURVE('',#1010,#1011,#445,.T.);
#1238=EDGE_CURVE('',#973,#1011,#446,.T.);
#1239=EDGE_CURVE('',#1011,#1012,#893,.T.);
#1240=EDGE_CURVE('',#980,#1012,#447,.T.);
#1241=EDGE_CURVE('',#1012,#1013,#448,.T.);
#1242=EDGE_CURVE('',#979,#1013,#449,.T.);
#1243=EDGE_CURVE('',#1013,#1006,#894,.T.);
#1244=EDGE_CURVE('',#1014,#1015,#450,.T.);
#1245=EDGE_CURVE('',#970,#1014,#451,.T.);
#1246=EDGE_CURVE('',#969,#1015,#452,.T.);
#1247=EDGE_CURVE('',#1015,#1016,#895,.T.);
#1248=EDGE_CURVE('',#968,#1016,#453,.T.);
#1249=EDGE_CURVE('',#1016,#1017,#454,.T.);
#1250=EDGE_CURVE('',#967,#1017,#455,.T.);
#1251=EDGE_CURVE('',#1017,#1018,#896,.T.);
#1252=EDGE_CURVE('',#966,#1018,#456,.T.);
#1253=EDGE_CURVE('',#1018,#1019,#457,.T.);
#1254=EDGE_CURVE('',#965,#1019,#458,.T.);
#1255=EDGE_CURVE('',#1019,#1020,#897,.T.);
#1256=EDGE_CURVE('',#972,#1020,#459,.T.);
#1257=EDGE_CURVE('',#1020,#1021,#460,.T.);
#1258=EDGE_CURVE('',#971,#1021,#461,.T.);
#1259=EDGE_CURVE('',#1021,#1014,#898,.T.);
#1260=EDGE_CURVE('',#1022,#1023,#462,.T.);
#1261=EDGE_CURVE('',#962,#1022,#463,.T.);
#1262=EDGE_CURVE('',#961,#1023,#464,.T.);
#1263=EDGE_CURVE('',#1023,#1024,#899,.T.);
#1264=EDGE_CURVE('',#960,#1024,#465,.T.);
#1265=EDGE_CURVE('',#1024,#1025,#466,.T.);
#1266=EDGE_CURVE('',#959,#1025,#467,.T.);
#1267=EDGE_CURVE('',#1025,#1026,#900,.T.);
#1268=EDGE_CURVE('',#958,#1026,#468,.T.);
#1269=EDGE_CURVE('',#1026,#1027,#469,.T.);
#1270=EDGE_CURVE('',#957,#1027,#470,.T.);
#1271=EDGE_CURVE('',#1027,#1028,#901,.T.);
#1272=EDGE_CURVE('',#964,#1028,#471,.T.);
#1273=EDGE_CURVE('',#1028,#1029,#472,.T.);
#1274=EDGE_CURVE('',#963,#1029,#473,.T.);
#1275=EDGE_CURVE('',#1029,#1022,#902,.T.);
#1276=EDGE_CURVE('',#1030,#1031,#474,.T.);
#1277=EDGE_CURVE('',#954,#1030,#475,.T.);
#1278=EDGE_CURVE('',#953,#1031,#476,.T.);
#1279=EDGE_CURVE('',#1031,#1032,#903,.T.);
#1280=EDGE_CURVE('',#952,#1032,#477,.T.);
#1281=EDGE_CURVE('',#1032,#1033,#478,.T.);
#1282=EDGE_CURVE('',#951,#1033,#479,.T.);
#1283=EDGE_CURVE('',#1033,#1034,#904,.T.);
#1284=EDGE_CURVE('',#950,#1034,#480,.T.);
#1285=EDGE_CURVE('',#1034,#1035,#481,.T.);
#1286=EDGE_CURVE('',#949,#1035,#482,.T.);
#1287=EDGE_CURVE('',#1035,#1036,#905,.T.);
#1288=EDGE_CURVE('',#956,#1036,#483,.T.);
#1289=EDGE_CURVE('',#1036,#1037,#484,.T.);
#1290=EDGE_CURVE('',#955,#1037,#485,.T.);
#1291=EDGE_CURVE('',#1037,#1030,#906,.T.);
#1292=EDGE_CURVE('',#1038,#1039,#486,.T.);
#1293=EDGE_CURVE('',#946,#1038,#487,.T.);
#1294=EDGE_CURVE('',#945,#1039,#488,.T.);
#1295=EDGE_CURVE('',#1039,#1040,#907,.T.);
#1296=EDGE_CURVE('',#944,#1040,#489,.T.);
#1297=EDGE_CURVE('',#1040,#1041,#490,.T.);
#1298=EDGE_CURVE('',#943,#1041,#491,.T.);
#1299=EDGE_CURVE('',#1041,#1042,#908,.T.);
#1300=EDGE_CURVE('',#942,#1042,#492,.T.);
#1301=EDGE_CURVE('',#1042,#1043,#493,.T.);
#1302=EDGE_CURVE('',#941,#1043,#494,.T.);
#1303=EDGE_CURVE('',#1043,#1044,#909,.T.);
#1304=EDGE_CURVE('',#948,#1044,#495,.T.);
#1305=EDGE_CURVE('',#1044,#1045,#496,.T.);
#1306=EDGE_CURVE('',#947,#1045,#497,.T.);
#1307=EDGE_CURVE('',#1045,#1038,#910,.T.);
#1308=EDGE_CURVE('',#997,#1046,#911,.T.);
#1309=EDGE_CURVE('',#1046,#939,#498,.T.);
#1310=EDGE_CURVE('',#993,#1047,#499,.T.);
#1311=EDGE_CURVE('',#1047,#1048,#500,.T.);
#1312=EDGE_CURVE('',#994,#1048,#501,.T.);
#1313=EDGE_CURVE('',#1049,#1050,#502,.T.);
#1314=EDGE_CURVE('',#1049,#1051,#503,.T.);
#1315=EDGE_CURVE('',#1052,#1051,#504,.T.);
#1316=EDGE_CURVE('',#1050,#1052,#505,.T.);
#1317=EDGE_CURVE('',#1050,#1053,#506,.T.);
#1318=EDGE_CURVE('',#1054,#1052,#507,.T.);
#1319=EDGE_CURVE('',#1053,#1054,#508,.T.);
#1320=EDGE_CURVE('',#1053,#1055,#509,.T.);
#1321=EDGE_CURVE('',#1056,#1054,#510,.T.);
#1322=EDGE_CURVE('',#1055,#1056,#511,.T.);
#1323=EDGE_CURVE('',#1055,#1049,#512,.T.);
#1324=EDGE_CURVE('',#1051,#1056,#513,.T.);
#1325=EDGE_CURVE('',#937,#1057,#514,.T.);
#1326=EDGE_CURVE('',#1057,#1058,#912,.T.);
#1327=EDGE_CURVE('',#1058,#936,#515,.T.);
#1328=EDGE_CURVE('',#1046,#1057,#516,.T.);
#1329=EDGE_CURVE('',#1059,#1060,#517,.T.);
#1330=EDGE_CURVE('',#1060,#1061,#518,.T.);
#1331=EDGE_CURVE('',#1061,#1062,#519,.T.);
#1332=EDGE_CURVE('',#1062,#1059,#520,.T.);
#1333=EDGE_CURVE('',#989,#1058,#521,.T.);
#1334=EDGE_CURVE('',#1063,#1064,#522,.T.);
#1335=EDGE_CURVE('',#1063,#1062,#523,.T.);
#1336=EDGE_CURVE('',#1064,#1061,#524,.T.);
#1337=EDGE_CURVE('',#1064,#1065,#525,.T.);
#1338=EDGE_CURVE('',#1065,#1060,#526,.T.);
#1339=EDGE_CURVE('',#1065,#1066,#527,.T.);
#1340=EDGE_CURVE('',#1066,#1059,#528,.T.);
#1341=EDGE_CURVE('',#1066,#1063,#529,.T.);
#1342=EDGE_CURVE('',#992,#1067,#530,.T.);
#1343=EDGE_CURVE('',#1067,#1047,#531,.T.);
#1344=EDGE_CURVE('',#995,#1068,#532,.T.);
#1345=EDGE_CURVE('',#1068,#1067,#533,.T.);
#1346=EDGE_CURVE('',#1048,#1068,#534,.T.);
#1347=EDGE_CURVE('',#1069,#1070,#535,.T.);
#1348=EDGE_CURVE('',#1069,#1071,#536,.T.);
#1349=EDGE_CURVE('',#1072,#1071,#537,.T.);
#1350=EDGE_CURVE('',#1070,#1072,#538,.T.);
#1351=EDGE_CURVE('',#1070,#1073,#539,.T.);
#1352=EDGE_CURVE('',#1074,#1072,#540,.T.);
#1353=EDGE_CURVE('',#1073,#1074,#541,.T.);
#1354=EDGE_CURVE('',#1073,#1075,#542,.T.);
#1355=EDGE_CURVE('',#1076,#1074,#543,.T.);
#1356=EDGE_CURVE('',#1075,#1076,#544,.T.);
#1357=EDGE_CURVE('',#1075,#1069,#545,.T.);
#1358=EDGE_CURVE('',#1071,#1076,#546,.T.);
#1359=EDGE_CURVE('',#1077,#1078,#547,.T.);
#1360=EDGE_CURVE('',#1077,#1079,#548,.T.);
#1361=EDGE_CURVE('',#1080,#1079,#549,.T.);
#1362=EDGE_CURVE('',#1078,#1080,#550,.T.);
#1363=EDGE_CURVE('',#1078,#1081,#551,.T.);
#1364=EDGE_CURVE('',#1082,#1080,#552,.T.);
#1365=EDGE_CURVE('',#1081,#1082,#553,.T.);
#1366=EDGE_CURVE('',#1081,#1083,#554,.T.);
#1367=EDGE_CURVE('',#1084,#1082,#555,.T.);
#1368=EDGE_CURVE('',#1083,#1084,#556,.T.);
#1369=EDGE_CURVE('',#1083,#1077,#557,.T.);
#1370=EDGE_CURVE('',#1079,#1084,#558,.T.);
#1371=EDGE_CURVE('',#1085,#1086,#559,.T.);
#1372=EDGE_CURVE('',#1085,#1087,#560,.T.);
#1373=EDGE_CURVE('',#1088,#1087,#561,.T.);
#1374=EDGE_CURVE('',#1086,#1088,#562,.T.);
#1375=EDGE_CURVE('',#1086,#1089,#563,.T.);
#1376=EDGE_CURVE('',#1090,#1088,#564,.T.);
#1377=EDGE_CURVE('',#1089,#1090,#565,.T.);
#1378=EDGE_CURVE('',#1089,#1091,#566,.T.);
#1379=EDGE_CURVE('',#1092,#1090,#567,.T.);
#1380=EDGE_CURVE('',#1091,#1092,#568,.T.);
#1381=EDGE_CURVE('',#1091,#1085,#569,.T.);
#1382=EDGE_CURVE('',#1087,#1092,#570,.T.);
#1383=EDGE_CURVE('',#1093,#1094,#913,.T.);
#1384=EDGE_CURVE('',#1094,#1095,#571,.T.);
#1385=EDGE_CURVE('',#1095,#1096,#914,.T.);
#1386=EDGE_CURVE('',#1096,#1093,#572,.T.);
#1387=EDGE_CURVE('',#1094,#1097,#573,.T.);
#1388=EDGE_CURVE('',#1098,#1097,#574,.T.);
#1389=EDGE_CURVE('',#1095,#1098,#575,.T.);
#1390=EDGE_CURVE('',#1097,#1099,#915,.T.);
#1391=EDGE_CURVE('',#1099,#1100,#576,.T.);
#1392=EDGE_CURVE('',#1100,#1098,#916,.T.);
#1393=EDGE_CURVE('',#1099,#1101,#577,.T.);
#1394=EDGE_CURVE('',#1102,#1101,#578,.T.);
#1395=EDGE_CURVE('',#1100,#1102,#579,.T.);
#1396=EDGE_CURVE('',#1103,#1096,#580,.T.);
#1397=EDGE_CURVE('',#1104,#1103,#581,.T.);
#1398=EDGE_CURVE('',#1104,#1093,#582,.T.);
#1399=EDGE_CURVE('',#1103,#1105,#917,.T.);
#1400=EDGE_CURVE('',#1105,#1106,#583,.T.);
#1401=EDGE_CURVE('',#1106,#1104,#918,.T.);
#1402=EDGE_CURVE('',#1107,#1105,#584,.T.);
#1403=EDGE_CURVE('',#1108,#1107,#585,.T.);
#1404=EDGE_CURVE('',#1108,#1106,#586,.T.);
#1405=EDGE_CURVE('',#1101,#1108,#919,.T.);
#1406=EDGE_CURVE('',#1107,#1102,#920,.T.);
#1407=EDGE_CURVE('',#1109,#1110,#921,.T.);
#1408=EDGE_CURVE('',#1110,#1111,#587,.T.);
#1409=EDGE_CURVE('',#1111,#1112,#922,.T.);
#1410=EDGE_CURVE('',#1109,#1112,#588,.T.);
#1411=EDGE_CURVE('',#1113,#1114,#923,.T.);
#1412=EDGE_CURVE('',#1114,#1112,#924,.T.);
#1413=EDGE_CURVE('',#1111,#1113,#925,.T.);
#1414=EDGE_CURVE('',#1115,#1116,#926,.T.);
#1415=EDGE_CURVE('',#1114,#1116,#589,.T.);
#1416=EDGE_CURVE('',#1113,#1115,#590,.T.);
#1417=EDGE_CURVE('',#1117,#1118,#927,.T.);
#1418=EDGE_CURVE('',#1118,#1116,#928,.T.);
#1419=EDGE_CURVE('',#1115,#1117,#929,.T.);
#1420=EDGE_CURVE('',#1119,#1120,#930,.T.);
#1421=EDGE_CURVE('',#1118,#1120,#591,.T.);
#1422=EDGE_CURVE('',#1117,#1119,#592,.T.);
#1423=EDGE_CURVE('',#1110,#1119,#593,.T.);
#1424=EDGE_CURVE('',#1121,#1122,#594,.T.);
#1425=EDGE_CURVE('',#1121,#1123,#595,.T.);
#1426=EDGE_CURVE('',#1124,#1123,#596,.T.);
#1427=EDGE_CURVE('',#1125,#1124,#597,.T.);
#1428=EDGE_CURVE('',#1126,#1125,#598,.T.);
#1429=EDGE_CURVE('',#1126,#1127,#599,.T.);
#1430=EDGE_CURVE('',#1127,#1128,#600,.T.);
#1431=EDGE_CURVE('',#1128,#1122,#601,.T.);
#1432=EDGE_CURVE('',#1120,#1109,#602,.T.);
#1433=EDGE_CURVE('',#1121,#1129,#603,.T.);
#1434=EDGE_CURVE('',#1130,#1129,#604,.T.);
#1435=EDGE_CURVE('',#1123,#1130,#605,.T.);
#1436=EDGE_CURVE('',#1131,#1128,#606,.T.);
#1437=EDGE_CURVE('',#1132,#1131,#607,.T.);
#1438=EDGE_CURVE('',#1122,#1132,#608,.T.);
#1439=EDGE_CURVE('',#1129,#1132,#609,.T.);
#1440=EDGE_CURVE('',#1127,#1133,#610,.T.);
#1441=EDGE_CURVE('',#1134,#1126,#611,.T.);
#1442=EDGE_CURVE('',#1133,#1134,#612,.T.);
#1443=EDGE_CURVE('',#1131,#1133,#613,.T.);
#1444=EDGE_CURVE('',#1134,#1135,#614,.T.);
#1445=EDGE_CURVE('',#1135,#1136,#615,.T.);
#1446=EDGE_CURVE('',#1136,#1130,#616,.T.);
#1447=EDGE_CURVE('',#1124,#1136,#617,.T.);
#1448=EDGE_CURVE('',#1125,#1135,#618,.T.);
#1449=ORIENTED_EDGE('',*,*,#1137,.F.);
#1450=ORIENTED_EDGE('',*,*,#1138,.T.);
#1451=ORIENTED_EDGE('',*,*,#1139,.F.);
#1452=ORIENTED_EDGE('',*,*,#1138,.F.);
#1453=ORIENTED_EDGE('',*,*,#1140,.T.);
#1454=ORIENTED_EDGE('',*,*,#1141,.T.);
#1455=ORIENTED_EDGE('',*,*,#1142,.T.);
#1456=ORIENTED_EDGE('',*,*,#1143,.T.);
#1457=ORIENTED_EDGE('',*,*,#1142,.F.);
#1458=ORIENTED_EDGE('',*,*,#1144,.T.);
#1459=ORIENTED_EDGE('',*,*,#1145,.T.);
#1460=ORIENTED_EDGE('',*,*,#1144,.F.);
#1461=ORIENTED_EDGE('',*,*,#1146,.T.);
#1462=ORIENTED_EDGE('',*,*,#1147,.F.);
#1463=ORIENTED_EDGE('',*,*,#1148,.T.);
#1464=ORIENTED_EDGE('',*,*,#1141,.F.);
#1465=ORIENTED_EDGE('',*,*,#1149,.T.);
#1466=ORIENTED_EDGE('',*,*,#1150,.F.);
#1467=ORIENTED_EDGE('',*,*,#1146,.F.);
#1468=ORIENTED_EDGE('',*,*,#1151,.T.);
#1469=ORIENTED_EDGE('',*,*,#1152,.T.);
#1470=ORIENTED_EDGE('',*,*,#1153,.T.);
#1471=ORIENTED_EDGE('',*,*,#1154,.T.);
#1472=ORIENTED_EDGE('',*,*,#1155,.T.);
#1473=ORIENTED_EDGE('',*,*,#1156,.T.);
#1474=ORIENTED_EDGE('',*,*,#1157,.T.);
#1475=ORIENTED_EDGE('',*,*,#1158,.T.);
#1476=ORIENTED_EDGE('',*,*,#1159,.T.);
#1477=ORIENTED_EDGE('',*,*,#1160,.T.);
#1478=ORIENTED_EDGE('',*,*,#1161,.T.);
#1479=ORIENTED_EDGE('',*,*,#1162,.T.);
#1480=ORIENTED_EDGE('',*,*,#1163,.T.);
#1481=ORIENTED_EDGE('',*,*,#1164,.T.);
#1482=ORIENTED_EDGE('',*,*,#1165,.T.);
#1483=ORIENTED_EDGE('',*,*,#1166,.T.);
#1484=ORIENTED_EDGE('',*,*,#1167,.T.);
#1485=ORIENTED_EDGE('',*,*,#1168,.T.);
#1486=ORIENTED_EDGE('',*,*,#1169,.T.);
#1487=ORIENTED_EDGE('',*,*,#1170,.T.);
#1488=ORIENTED_EDGE('',*,*,#1171,.T.);
#1489=ORIENTED_EDGE('',*,*,#1172,.T.);
#1490=ORIENTED_EDGE('',*,*,#1173,.T.);
#1491=ORIENTED_EDGE('',*,*,#1174,.T.);
#1492=ORIENTED_EDGE('',*,*,#1175,.T.);
#1493=ORIENTED_EDGE('',*,*,#1176,.T.);
#1494=ORIENTED_EDGE('',*,*,#1177,.T.);
#1495=ORIENTED_EDGE('',*,*,#1178,.T.);
#1496=ORIENTED_EDGE('',*,*,#1179,.T.);
#1497=ORIENTED_EDGE('',*,*,#1180,.T.);
#1498=ORIENTED_EDGE('',*,*,#1181,.T.);
#1499=ORIENTED_EDGE('',*,*,#1182,.T.);
#1500=ORIENTED_EDGE('',*,*,#1183,.T.);
#1501=ORIENTED_EDGE('',*,*,#1184,.T.);
#1502=ORIENTED_EDGE('',*,*,#1185,.T.);
#1503=ORIENTED_EDGE('',*,*,#1186,.T.);
#1504=ORIENTED_EDGE('',*,*,#1187,.T.);
#1505=ORIENTED_EDGE('',*,*,#1188,.T.);
#1506=ORIENTED_EDGE('',*,*,#1189,.T.);
#1507=ORIENTED_EDGE('',*,*,#1190,.T.);
#1508=ORIENTED_EDGE('',*,*,#1191,.T.);
#1509=ORIENTED_EDGE('',*,*,#1192,.T.);
#1510=ORIENTED_EDGE('',*,*,#1193,.T.);
#1511=ORIENTED_EDGE('',*,*,#1194,.T.);
#1512=ORIENTED_EDGE('',*,*,#1195,.T.);
#1513=ORIENTED_EDGE('',*,*,#1196,.T.);
#1514=ORIENTED_EDGE('',*,*,#1197,.T.);
#1515=ORIENTED_EDGE('',*,*,#1198,.T.);
#1516=ORIENTED_EDGE('',*,*,#1140,.F.);
#1517=ORIENTED_EDGE('',*,*,#1199,.F.);
#1518=ORIENTED_EDGE('',*,*,#1200,.F.);
#1519=ORIENTED_EDGE('',*,*,#1201,.T.);
#1520=ORIENTED_EDGE('',*,*,#1202,.F.);
#1521=ORIENTED_EDGE('',*,*,#1149,.F.);
#1522=ORIENTED_EDGE('',*,*,#1203,.T.);
#1523=ORIENTED_EDGE('',*,*,#1204,.F.);
#1524=ORIENTED_EDGE('',*,*,#1205,.F.);
#1525=ORIENTED_EDGE('',*,*,#1206,.T.);
#1526=ORIENTED_EDGE('',*,*,#1202,.T.);
#1527=ORIENTED_EDGE('',*,*,#1207,.T.);
#1528=ORIENTED_EDGE('',*,*,#1208,.T.);
#1529=ORIENTED_EDGE('',*,*,#1150,.T.);
#1530=ORIENTED_EDGE('',*,*,#1208,.F.);
#1531=ORIENTED_EDGE('',*,*,#1209,.T.);
#1532=ORIENTED_EDGE('',*,*,#1147,.T.);
#1533=ORIENTED_EDGE('',*,*,#1207,.F.);
#1534=ORIENTED_EDGE('',*,*,#1201,.F.);
#1535=ORIENTED_EDGE('',*,*,#1210,.T.);
#1536=ORIENTED_EDGE('',*,*,#1211,.F.);
#1537=ORIENTED_EDGE('',*,*,#1212,.F.);
#1538=ORIENTED_EDGE('',*,*,#1213,.F.);
#1539=ORIENTED_EDGE('',*,*,#1195,.F.);
#1540=ORIENTED_EDGE('',*,*,#1214,.T.);
#1541=ORIENTED_EDGE('',*,*,#1215,.F.);
#1542=ORIENTED_EDGE('',*,*,#1214,.F.);
#1543=ORIENTED_EDGE('',*,*,#1194,.F.);
#1544=ORIENTED_EDGE('',*,*,#1216,.T.);
#1545=ORIENTED_EDGE('',*,*,#1217,.F.);
#1546=ORIENTED_EDGE('',*,*,#1216,.F.);
#1547=ORIENTED_EDGE('',*,*,#1193,.F.);
#1548=ORIENTED_EDGE('',*,*,#1218,.T.);
#1549=ORIENTED_EDGE('',*,*,#1219,.F.);
#1550=ORIENTED_EDGE('',*,*,#1218,.F.);
#1551=ORIENTED_EDGE('',*,*,#1192,.F.);
#1552=ORIENTED_EDGE('',*,*,#1220,.T.);
#1553=ORIENTED_EDGE('',*,*,#1221,.F.);
#1554=ORIENTED_EDGE('',*,*,#1220,.F.);
#1555=ORIENTED_EDGE('',*,*,#1191,.F.);
#1556=ORIENTED_EDGE('',*,*,#1222,.T.);
#1557=ORIENTED_EDGE('',*,*,#1223,.F.);
#1558=ORIENTED_EDGE('',*,*,#1222,.F.);
#1559=ORIENTED_EDGE('',*,*,#1198,.F.);
#1560=ORIENTED_EDGE('',*,*,#1224,.T.);
#1561=ORIENTED_EDGE('',*,*,#1225,.F.);
#1562=ORIENTED_EDGE('',*,*,#1224,.F.);
#1563=ORIENTED_EDGE('',*,*,#1197,.F.);
#1564=ORIENTED_EDGE('',*,*,#1226,.T.);
#1565=ORIENTED_EDGE('',*,*,#1227,.F.);
#1566=ORIENTED_EDGE('',*,*,#1226,.F.);
#1567=ORIENTED_EDGE('',*,*,#1196,.F.);
#1568=ORIENTED_EDGE('',*,*,#1213,.T.);
#1569=ORIENTED_EDGE('',*,*,#1228,.F.);
#1570=ORIENTED_EDGE('',*,*,#1229,.F.);
#1571=ORIENTED_EDGE('',*,*,#1187,.F.);
#1572=ORIENTED_EDGE('',*,*,#1230,.T.);
#1573=ORIENTED_EDGE('',*,*,#1231,.F.);
#1574=ORIENTED_EDGE('',*,*,#1230,.F.);
#1575=ORIENTED_EDGE('',*,*,#1186,.F.);
#1576=ORIENTED_EDGE('',*,*,#1232,.T.);
#1577=ORIENTED_EDGE('',*,*,#1233,.F.);
#1578=ORIENTED_EDGE('',*,*,#1232,.F.);
#1579=ORIENTED_EDGE('',*,*,#1185,.F.);
#1580=ORIENTED_EDGE('',*,*,#1234,.T.);
#1581=ORIENTED_EDGE('',*,*,#1235,.F.);
#1582=ORIENTED_EDGE('',*,*,#1234,.F.);
#1583=ORIENTED_EDGE('',*,*,#1184,.F.);
#1584=ORIENTED_EDGE('',*,*,#1236,.T.);
#1585=ORIENTED_EDGE('',*,*,#1237,.F.);
#1586=ORIENTED_EDGE('',*,*,#1236,.F.);
#1587=ORIENTED_EDGE('',*,*,#1183,.F.);
#1588=ORIENTED_EDGE('',*,*,#1238,.T.);
#1589=ORIENTED_EDGE('',*,*,#1239,.F.);
#1590=ORIENTED_EDGE('',*,*,#1238,.F.);
#1591=ORIENTED_EDGE('',*,*,#1190,.F.);
#1592=ORIENTED_EDGE('',*,*,#1240,.T.);
#1593=ORIENTED_EDGE('',*,*,#1241,.F.);
#1594=ORIENTED_EDGE('',*,*,#1240,.F.);
#1595=ORIENTED_EDGE('',*,*,#1189,.F.);
#1596=ORIENTED_EDGE('',*,*,#1242,.T.);
#1597=ORIENTED_EDGE('',*,*,#1243,.F.);
#1598=ORIENTED_EDGE('',*,*,#1242,.F.);
#1599=ORIENTED_EDGE('',*,*,#1188,.F.);
#1600=ORIENTED_EDGE('',*,*,#1229,.T.);
#1601=ORIENTED_EDGE('',*,*,#1244,.F.);
#1602=ORIENTED_EDGE('',*,*,#1245,.F.);
#1603=ORIENTED_EDGE('',*,*,#1179,.F.);
#1604=ORIENTED_EDGE('',*,*,#1246,.T.);
#1605=ORIENTED_EDGE('',*,*,#1247,.F.);
#1606=ORIENTED_EDGE('',*,*,#1246,.F.);
#1607=ORIENTED_EDGE('',*,*,#1178,.F.);
#1608=ORIENTED_EDGE('',*,*,#1248,.T.);
#1609=ORIENTED_EDGE('',*,*,#1249,.F.);
#1610=ORIENTED_EDGE('',*,*,#1248,.F.);
#1611=ORIENTED_EDGE('',*,*,#1177,.F.);
#1612=ORIENTED_EDGE('',*,*,#1250,.T.);
#1613=ORIENTED_EDGE('',*,*,#1251,.F.);
#1614=ORIENTED_EDGE('',*,*,#1250,.F.);
#1615=ORIENTED_EDGE('',*,*,#1176,.F.);
#1616=ORIENTED_EDGE('',*,*,#1252,.T.);
#1617=ORIENTED_EDGE('',*,*,#1253,.F.);
#1618=ORIENTED_EDGE('',*,*,#1252,.F.);
#1619=ORIENTED_EDGE('',*,*,#1175,.F.);
#1620=ORIENTED_EDGE('',*,*,#1254,.T.);
#1621=ORIENTED_EDGE('',*,*,#1255,.F.);
#1622=ORIENTED_EDGE('',*,*,#1254,.F.);
#1623=ORIENTED_EDGE('',*,*,#1182,.F.);
#1624=ORIENTED_EDGE('',*,*,#1256,.T.);
#1625=ORIENTED_EDGE('',*,*,#1257,.F.);
#1626=ORIENTED_EDGE('',*,*,#1256,.F.);
#1627=ORIENTED_EDGE('',*,*,#1181,.F.);
#1628=ORIENTED_EDGE('',*,*,#1258,.T.);
#1629=ORIENTED_EDGE('',*,*,#1259,.F.);
#1630=ORIENTED_EDGE('',*,*,#1258,.F.);
#1631=ORIENTED_EDGE('',*,*,#1180,.F.);
#1632=ORIENTED_EDGE('',*,*,#1245,.T.);
#1633=ORIENTED_EDGE('',*,*,#1260,.F.);
#1634=ORIENTED_EDGE('',*,*,#1261,.F.);
#1635=ORIENTED_EDGE('',*,*,#1171,.F.);
#1636=ORIENTED_EDGE('',*,*,#1262,.T.);
#1637=ORIENTED_EDGE('',*,*,#1263,.F.);
#1638=ORIENTED_EDGE('',*,*,#1262,.F.);
#1639=ORIENTED_EDGE('',*,*,#1170,.F.);
#1640=ORIENTED_EDGE('',*,*,#1264,.T.);
#1641=ORIENTED_EDGE('',*,*,#1265,.F.);
#1642=ORIENTED_EDGE('',*,*,#1264,.F.);
#1643=ORIENTED_EDGE('',*,*,#1169,.F.);
#1644=ORIENTED_EDGE('',*,*,#1266,.T.);
#1645=ORIENTED_EDGE('',*,*,#1267,.F.);
#1646=ORIENTED_EDGE('',*,*,#1266,.F.);
#1647=ORIENTED_EDGE('',*,*,#1168,.F.);
#1648=ORIENTED_EDGE('',*,*,#1268,.T.);
#1649=ORIENTED_EDGE('',*,*,#1269,.F.);
#1650=ORIENTED_EDGE('',*,*,#1268,.F.);
#1651=ORIENTED_EDGE('',*,*,#1167,.F.);
#1652=ORIENTED_EDGE('',*,*,#1270,.T.);
#1653=ORIENTED_EDGE('',*,*,#1271,.F.);
#1654=ORIENTED_EDGE('',*,*,#1270,.F.);
#1655=ORIENTED_EDGE('',*,*,#1174,.F.);
#1656=ORIENTED_EDGE('',*,*,#1272,.T.);
#1657=ORIENTED_EDGE('',*,*,#1273,.F.);
#1658=ORIENTED_EDGE('',*,*,#1272,.F.);
#1659=ORIENTED_EDGE('',*,*,#1173,.F.);
#1660=ORIENTED_EDGE('',*,*,#1274,.T.);
#1661=ORIENTED_EDGE('',*,*,#1275,.F.);
#1662=ORIENTED_EDGE('',*,*,#1274,.F.);
#1663=ORIENTED_EDGE('',*,*,#1172,.F.);
#1664=ORIENTED_EDGE('',*,*,#1261,.T.);
#1665=ORIENTED_EDGE('',*,*,#1276,.F.);
#1666=ORIENTED_EDGE('',*,*,#1277,.F.);
#1667=ORIENTED_EDGE('',*,*,#1163,.F.);
#1668=ORIENTED_EDGE('',*,*,#1278,.T.);
#1669=ORIENTED_EDGE('',*,*,#1279,.F.);
#1670=ORIENTED_EDGE('',*,*,#1278,.F.);
#1671=ORIENTED_EDGE('',*,*,#1162,.F.);
#1672=ORIENTED_EDGE('',*,*,#1280,.T.);
#1673=ORIENTED_EDGE('',*,*,#1281,.F.);
#1674=ORIENTED_EDGE('',*,*,#1280,.F.);
#1675=ORIENTED_EDGE('',*,*,#1161,.F.);
#1676=ORIENTED_EDGE('',*,*,#1282,.T.);
#1677=ORIENTED_EDGE('',*,*,#1283,.F.);
#1678=ORIENTED_EDGE('',*,*,#1282,.F.);
#1679=ORIENTED_EDGE('',*,*,#1160,.F.);
#1680=ORIENTED_EDGE('',*,*,#1284,.T.);
#1681=ORIENTED_EDGE('',*,*,#1285,.F.);
#1682=ORIENTED_EDGE('',*,*,#1284,.F.);
#1683=ORIENTED_EDGE('',*,*,#1159,.F.);
#1684=ORIENTED_EDGE('',*,*,#1286,.T.);
#1685=ORIENTED_EDGE('',*,*,#1287,.F.);
#1686=ORIENTED_EDGE('',*,*,#1286,.F.);
#1687=ORIENTED_EDGE('',*,*,#1166,.F.);
#1688=ORIENTED_EDGE('',*,*,#1288,.T.);
#1689=ORIENTED_EDGE('',*,*,#1289,.F.);
#1690=ORIENTED_EDGE('',*,*,#1288,.F.);
#1691=ORIENTED_EDGE('',*,*,#1165,.F.);
#1692=ORIENTED_EDGE('',*,*,#1290,.T.);
#1693=ORIENTED_EDGE('',*,*,#1291,.F.);
#1694=ORIENTED_EDGE('',*,*,#1290,.F.);
#1695=ORIENTED_EDGE('',*,*,#1164,.F.);
#1696=ORIENTED_EDGE('',*,*,#1277,.T.);
#1697=ORIENTED_EDGE('',*,*,#1292,.F.);
#1698=ORIENTED_EDGE('',*,*,#1293,.F.);
#1699=ORIENTED_EDGE('',*,*,#1155,.F.);
#1700=ORIENTED_EDGE('',*,*,#1294,.T.);
#1701=ORIENTED_EDGE('',*,*,#1295,.F.);
#1702=ORIENTED_EDGE('',*,*,#1294,.F.);
#1703=ORIENTED_EDGE('',*,*,#1154,.F.);
#1704=ORIENTED_EDGE('',*,*,#1296,.T.);
#1705=ORIENTED_EDGE('',*,*,#1297,.F.);
#1706=ORIENTED_EDGE('',*,*,#1296,.F.);
#1707=ORIENTED_EDGE('',*,*,#1153,.F.);
#1708=ORIENTED_EDGE('',*,*,#1298,.T.);
#1709=ORIENTED_EDGE('',*,*,#1299,.F.);
#1710=ORIENTED_EDGE('',*,*,#1298,.F.);
#1711=ORIENTED_EDGE('',*,*,#1152,.F.);
#1712=ORIENTED_EDGE('',*,*,#1300,.T.);
#1713=ORIENTED_EDGE('',*,*,#1301,.F.);
#1714=ORIENTED_EDGE('',*,*,#1300,.F.);
#1715=ORIENTED_EDGE('',*,*,#1151,.F.);
#1716=ORIENTED_EDGE('',*,*,#1302,.T.);
#1717=ORIENTED_EDGE('',*,*,#1303,.F.);
#1718=ORIENTED_EDGE('',*,*,#1302,.F.);
#1719=ORIENTED_EDGE('',*,*,#1158,.F.);
#1720=ORIENTED_EDGE('',*,*,#1304,.T.);
#1721=ORIENTED_EDGE('',*,*,#1305,.F.);
#1722=ORIENTED_EDGE('',*,*,#1304,.F.);
#1723=ORIENTED_EDGE('',*,*,#1157,.F.);
#1724=ORIENTED_EDGE('',*,*,#1306,.T.);
#1725=ORIENTED_EDGE('',*,*,#1307,.F.);
#1726=ORIENTED_EDGE('',*,*,#1306,.F.);
#1727=ORIENTED_EDGE('',*,*,#1156,.F.);
#1728=ORIENTED_EDGE('',*,*,#1293,.T.);
#1729=ORIENTED_EDGE('',*,*,#1209,.F.);
#1730=ORIENTED_EDGE('',*,*,#1211,.T.);
#1731=ORIENTED_EDGE('',*,*,#1308,.T.);
#1732=ORIENTED_EDGE('',*,*,#1309,.T.);
#1733=ORIENTED_EDGE('',*,*,#1204,.T.);
#1734=ORIENTED_EDGE('',*,*,#1310,.T.);
#1735=ORIENTED_EDGE('',*,*,#1311,.T.);
#1736=ORIENTED_EDGE('',*,*,#1312,.F.);
#1737=ORIENTED_EDGE('',*,*,#1301,.T.);
#1738=ORIENTED_EDGE('',*,*,#1303,.T.);
#1739=ORIENTED_EDGE('',*,*,#1305,.T.);
#1740=ORIENTED_EDGE('',*,*,#1307,.T.);
#1741=ORIENTED_EDGE('',*,*,#1292,.T.);
#1742=ORIENTED_EDGE('',*,*,#1295,.T.);
#1743=ORIENTED_EDGE('',*,*,#1297,.T.);
#1744=ORIENTED_EDGE('',*,*,#1299,.T.);
#1745=ORIENTED_EDGE('',*,*,#1285,.T.);
#1746=ORIENTED_EDGE('',*,*,#1287,.T.);
#1747=ORIENTED_EDGE('',*,*,#1289,.T.);
#1748=ORIENTED_EDGE('',*,*,#1291,.T.);
#1749=ORIENTED_EDGE('',*,*,#1276,.T.);
#1750=ORIENTED_EDGE('',*,*,#1279,.T.);
#1751=ORIENTED_EDGE('',*,*,#1281,.T.);
#1752=ORIENTED_EDGE('',*,*,#1283,.T.);
#1753=ORIENTED_EDGE('',*,*,#1269,.T.);
#1754=ORIENTED_EDGE('',*,*,#1271,.T.);
#1755=ORIENTED_EDGE('',*,*,#1273,.T.);
#1756=ORIENTED_EDGE('',*,*,#1275,.T.);
#1757=ORIENTED_EDGE('',*,*,#1260,.T.);
#1758=ORIENTED_EDGE('',*,*,#1263,.T.);
#1759=ORIENTED_EDGE('',*,*,#1265,.T.);
#1760=ORIENTED_EDGE('',*,*,#1267,.T.);
#1761=ORIENTED_EDGE('',*,*,#1253,.T.);
#1762=ORIENTED_EDGE('',*,*,#1255,.T.);
#1763=ORIENTED_EDGE('',*,*,#1257,.T.);
#1764=ORIENTED_EDGE('',*,*,#1259,.T.);
#1765=ORIENTED_EDGE('',*,*,#1244,.T.);
#1766=ORIENTED_EDGE('',*,*,#1247,.T.);
#1767=ORIENTED_EDGE('',*,*,#1249,.T.);
#1768=ORIENTED_EDGE('',*,*,#1251,.T.);
#1769=ORIENTED_EDGE('',*,*,#1237,.T.);
#1770=ORIENTED_EDGE('',*,*,#1239,.T.);
#1771=ORIENTED_EDGE('',*,*,#1241,.T.);
#1772=ORIENTED_EDGE('',*,*,#1243,.T.);
#1773=ORIENTED_EDGE('',*,*,#1228,.T.);
#1774=ORIENTED_EDGE('',*,*,#1231,.T.);
#1775=ORIENTED_EDGE('',*,*,#1233,.T.);
#1776=ORIENTED_EDGE('',*,*,#1235,.T.);
#1777=ORIENTED_EDGE('',*,*,#1221,.T.);
#1778=ORIENTED_EDGE('',*,*,#1223,.T.);
#1779=ORIENTED_EDGE('',*,*,#1225,.T.);
#1780=ORIENTED_EDGE('',*,*,#1227,.T.);
#1781=ORIENTED_EDGE('',*,*,#1212,.T.);
#1782=ORIENTED_EDGE('',*,*,#1215,.T.);
#1783=ORIENTED_EDGE('',*,*,#1217,.T.);
#1784=ORIENTED_EDGE('',*,*,#1219,.T.);
#1785=ORIENTED_EDGE('',*,*,#1313,.F.);
#1786=ORIENTED_EDGE('',*,*,#1314,.T.);
#1787=ORIENTED_EDGE('',*,*,#1315,.F.);
#1788=ORIENTED_EDGE('',*,*,#1316,.F.);
#1789=ORIENTED_EDGE('',*,*,#1317,.F.);
#1790=ORIENTED_EDGE('',*,*,#1316,.T.);
#1791=ORIENTED_EDGE('',*,*,#1318,.F.);
#1792=ORIENTED_EDGE('',*,*,#1319,.F.);
#1793=ORIENTED_EDGE('',*,*,#1320,.F.);
#1794=ORIENTED_EDGE('',*,*,#1319,.T.);
#1795=ORIENTED_EDGE('',*,*,#1321,.F.);
#1796=ORIENTED_EDGE('',*,*,#1322,.F.);
#1797=ORIENTED_EDGE('',*,*,#1323,.F.);
#1798=ORIENTED_EDGE('',*,*,#1322,.T.);
#1799=ORIENTED_EDGE('',*,*,#1324,.F.);
#1800=ORIENTED_EDGE('',*,*,#1314,.F.);
#1801=ORIENTED_EDGE('',*,*,#1324,.T.);
#1802=ORIENTED_EDGE('',*,*,#1321,.T.);
#1803=ORIENTED_EDGE('',*,*,#1318,.T.);
#1804=ORIENTED_EDGE('',*,*,#1315,.T.);
#1805=ORIENTED_EDGE('',*,*,#1145,.F.);
#1806=ORIENTED_EDGE('',*,*,#1325,.T.);
#1807=ORIENTED_EDGE('',*,*,#1326,.T.);
#1808=ORIENTED_EDGE('',*,*,#1327,.T.);
#1809=ORIENTED_EDGE('',*,*,#1325,.F.);
#1810=ORIENTED_EDGE('',*,*,#1148,.F.);
#1811=ORIENTED_EDGE('',*,*,#1309,.F.);
#1812=ORIENTED_EDGE('',*,*,#1328,.T.);
#1813=ORIENTED_EDGE('',*,*,#1329,.T.);
#1814=ORIENTED_EDGE('',*,*,#1330,.T.);
#1815=ORIENTED_EDGE('',*,*,#1331,.T.);
#1816=ORIENTED_EDGE('',*,*,#1332,.T.);
#1817=ORIENTED_EDGE('',*,*,#1200,.T.);
#1818=ORIENTED_EDGE('',*,*,#1333,.T.);
#1819=ORIENTED_EDGE('',*,*,#1326,.F.);
#1820=ORIENTED_EDGE('',*,*,#1328,.F.);
#1821=ORIENTED_EDGE('',*,*,#1308,.F.);
#1822=ORIENTED_EDGE('',*,*,#1210,.F.);
#1823=ORIENTED_EDGE('',*,*,#1334,.F.);
#1824=ORIENTED_EDGE('',*,*,#1335,.T.);
#1825=ORIENTED_EDGE('',*,*,#1331,.F.);
#1826=ORIENTED_EDGE('',*,*,#1336,.F.);
#1827=ORIENTED_EDGE('',*,*,#1337,.F.);
#1828=ORIENTED_EDGE('',*,*,#1336,.T.);
#1829=ORIENTED_EDGE('',*,*,#1330,.F.);
#1830=ORIENTED_EDGE('',*,*,#1338,.F.);
#1831=ORIENTED_EDGE('',*,*,#1339,.F.);
#1832=ORIENTED_EDGE('',*,*,#1338,.T.);
#1833=ORIENTED_EDGE('',*,*,#1329,.F.);
#1834=ORIENTED_EDGE('',*,*,#1340,.F.);
#1835=ORIENTED_EDGE('',*,*,#1341,.F.);
#1836=ORIENTED_EDGE('',*,*,#1340,.T.);
#1837=ORIENTED_EDGE('',*,*,#1332,.F.);
#1838=ORIENTED_EDGE('',*,*,#1335,.F.);
#1839=ORIENTED_EDGE('',*,*,#1203,.F.);
#1840=ORIENTED_EDGE('',*,*,#1342,.T.);
#1841=ORIENTED_EDGE('',*,*,#1343,.T.);
#1842=ORIENTED_EDGE('',*,*,#1310,.F.);
#1843=ORIENTED_EDGE('',*,*,#1139,.T.);
#1844=ORIENTED_EDGE('',*,*,#1206,.F.);
#1845=ORIENTED_EDGE('',*,*,#1344,.T.);
#1846=ORIENTED_EDGE('',*,*,#1345,.T.);
#1847=ORIENTED_EDGE('',*,*,#1342,.F.);
#1848=ORIENTED_EDGE('',*,*,#1313,.T.);
#1849=ORIENTED_EDGE('',*,*,#1317,.T.);
#1850=ORIENTED_EDGE('',*,*,#1320,.T.);
#1851=ORIENTED_EDGE('',*,*,#1323,.T.);
#1852=ORIENTED_EDGE('',*,*,#1312,.T.);
#1853=ORIENTED_EDGE('',*,*,#1346,.T.);
#1854=ORIENTED_EDGE('',*,*,#1344,.F.);
#1855=ORIENTED_EDGE('',*,*,#1205,.T.);
#1856=ORIENTED_EDGE('',*,*,#1346,.F.);
#1857=ORIENTED_EDGE('',*,*,#1311,.F.);
#1858=ORIENTED_EDGE('',*,*,#1343,.F.);
#1859=ORIENTED_EDGE('',*,*,#1345,.F.);
#1860=ORIENTED_EDGE('',*,*,#1339,.T.);
#1861=ORIENTED_EDGE('',*,*,#1341,.T.);
#1862=ORIENTED_EDGE('',*,*,#1334,.T.);
#1863=ORIENTED_EDGE('',*,*,#1337,.T.);
#1864=ORIENTED_EDGE('',*,*,#1143,.F.);
#1865=ORIENTED_EDGE('',*,*,#1327,.F.);
#1866=ORIENTED_EDGE('',*,*,#1333,.F.);
#1867=ORIENTED_EDGE('',*,*,#1199,.T.);
#1868=ORIENTED_EDGE('',*,*,#1137,.T.);
#1869=ORIENTED_EDGE('',*,*,#1347,.F.);
#1870=ORIENTED_EDGE('',*,*,#1348,.T.);
#1871=ORIENTED_EDGE('',*,*,#1349,.F.);
#1872=ORIENTED_EDGE('',*,*,#1350,.F.);
#1873=ORIENTED_EDGE('',*,*,#1351,.F.);
#1874=ORIENTED_EDGE('',*,*,#1350,.T.);
#1875=ORIENTED_EDGE('',*,*,#1352,.F.);
#1876=ORIENTED_EDGE('',*,*,#1353,.F.);
#1877=ORIENTED_EDGE('',*,*,#1354,.F.);
#1878=ORIENTED_EDGE('',*,*,#1353,.T.);
#1879=ORIENTED_EDGE('',*,*,#1355,.F.);
#1880=ORIENTED_EDGE('',*,*,#1356,.F.);
#1881=ORIENTED_EDGE('',*,*,#1357,.F.);
#1882=ORIENTED_EDGE('',*,*,#1356,.T.);
#1883=ORIENTED_EDGE('',*,*,#1358,.F.);
#1884=ORIENTED_EDGE('',*,*,#1348,.F.);
#1885=ORIENTED_EDGE('',*,*,#1358,.T.);
#1886=ORIENTED_EDGE('',*,*,#1355,.T.);
#1887=ORIENTED_EDGE('',*,*,#1352,.T.);
#1888=ORIENTED_EDGE('',*,*,#1349,.T.);
#1889=ORIENTED_EDGE('',*,*,#1357,.T.);
#1890=ORIENTED_EDGE('',*,*,#1347,.T.);
#1891=ORIENTED_EDGE('',*,*,#1351,.T.);
#1892=ORIENTED_EDGE('',*,*,#1354,.T.);
#1893=ORIENTED_EDGE('',*,*,#1359,.F.);
#1894=ORIENTED_EDGE('',*,*,#1360,.T.);
#1895=ORIENTED_EDGE('',*,*,#1361,.F.);
#1896=ORIENTED_EDGE('',*,*,#1362,.F.);
#1897=ORIENTED_EDGE('',*,*,#1363,.F.);
#1898=ORIENTED_EDGE('',*,*,#1362,.T.);
#1899=ORIENTED_EDGE('',*,*,#1364,.F.);
#1900=ORIENTED_EDGE('',*,*,#1365,.F.);
#1901=ORIENTED_EDGE('',*,*,#1366,.F.);
#1902=ORIENTED_EDGE('',*,*,#1365,.T.);
#1903=ORIENTED_EDGE('',*,*,#1367,.F.);
#1904=ORIENTED_EDGE('',*,*,#1368,.F.);
#1905=ORIENTED_EDGE('',*,*,#1369,.F.);
#1906=ORIENTED_EDGE('',*,*,#1368,.T.);
#1907=ORIENTED_EDGE('',*,*,#1370,.F.);
#1908=ORIENTED_EDGE('',*,*,#1360,.F.);
#1909=ORIENTED_EDGE('',*,*,#1370,.T.);
#1910=ORIENTED_EDGE('',*,*,#1367,.T.);
#1911=ORIENTED_EDGE('',*,*,#1364,.T.);
#1912=ORIENTED_EDGE('',*,*,#1361,.T.);
#1913=ORIENTED_EDGE('',*,*,#1369,.T.);
#1914=ORIENTED_EDGE('',*,*,#1359,.T.);
#1915=ORIENTED_EDGE('',*,*,#1363,.T.);
#1916=ORIENTED_EDGE('',*,*,#1366,.T.);
#1917=ORIENTED_EDGE('',*,*,#1371,.F.);
#1918=ORIENTED_EDGE('',*,*,#1372,.T.);
#1919=ORIENTED_EDGE('',*,*,#1373,.F.);
#1920=ORIENTED_EDGE('',*,*,#1374,.F.);
#1921=ORIENTED_EDGE('',*,*,#1375,.F.);
#1922=ORIENTED_EDGE('',*,*,#1374,.T.);
#1923=ORIENTED_EDGE('',*,*,#1376,.F.);
#1924=ORIENTED_EDGE('',*,*,#1377,.F.);
#1925=ORIENTED_EDGE('',*,*,#1378,.F.);
#1926=ORIENTED_EDGE('',*,*,#1377,.T.);
#1927=ORIENTED_EDGE('',*,*,#1379,.F.);
#1928=ORIENTED_EDGE('',*,*,#1380,.F.);
#1929=ORIENTED_EDGE('',*,*,#1381,.F.);
#1930=ORIENTED_EDGE('',*,*,#1380,.T.);
#1931=ORIENTED_EDGE('',*,*,#1382,.F.);
#1932=ORIENTED_EDGE('',*,*,#1372,.F.);
#1933=ORIENTED_EDGE('',*,*,#1382,.T.);
#1934=ORIENTED_EDGE('',*,*,#1379,.T.);
#1935=ORIENTED_EDGE('',*,*,#1376,.T.);
#1936=ORIENTED_EDGE('',*,*,#1373,.T.);
#1937=ORIENTED_EDGE('',*,*,#1381,.T.);
#1938=ORIENTED_EDGE('',*,*,#1371,.T.);
#1939=ORIENTED_EDGE('',*,*,#1375,.T.);
#1940=ORIENTED_EDGE('',*,*,#1378,.T.);
#1941=ORIENTED_EDGE('',*,*,#1383,.T.);
#1942=ORIENTED_EDGE('',*,*,#1384,.T.);
#1943=ORIENTED_EDGE('',*,*,#1385,.T.);
#1944=ORIENTED_EDGE('',*,*,#1386,.T.);
#1945=ORIENTED_EDGE('',*,*,#1384,.F.);
#1946=ORIENTED_EDGE('',*,*,#1387,.T.);
#1947=ORIENTED_EDGE('',*,*,#1388,.F.);
#1948=ORIENTED_EDGE('',*,*,#1389,.F.);
#1949=ORIENTED_EDGE('',*,*,#1390,.T.);
#1950=ORIENTED_EDGE('',*,*,#1391,.T.);
#1951=ORIENTED_EDGE('',*,*,#1392,.T.);
#1952=ORIENTED_EDGE('',*,*,#1388,.T.);
#1953=ORIENTED_EDGE('',*,*,#1391,.F.);
#1954=ORIENTED_EDGE('',*,*,#1393,.T.);
#1955=ORIENTED_EDGE('',*,*,#1394,.F.);
#1956=ORIENTED_EDGE('',*,*,#1395,.F.);
#1957=ORIENTED_EDGE('',*,*,#1386,.F.);
#1958=ORIENTED_EDGE('',*,*,#1396,.F.);
#1959=ORIENTED_EDGE('',*,*,#1397,.F.);
#1960=ORIENTED_EDGE('',*,*,#1398,.T.);
#1961=ORIENTED_EDGE('',*,*,#1399,.T.);
#1962=ORIENTED_EDGE('',*,*,#1400,.T.);
#1963=ORIENTED_EDGE('',*,*,#1401,.T.);
#1964=ORIENTED_EDGE('',*,*,#1397,.T.);
#1965=ORIENTED_EDGE('',*,*,#1400,.F.);
#1966=ORIENTED_EDGE('',*,*,#1402,.F.);
#1967=ORIENTED_EDGE('',*,*,#1403,.F.);
#1968=ORIENTED_EDGE('',*,*,#1404,.T.);
#1969=ORIENTED_EDGE('',*,*,#1405,.T.);
#1970=ORIENTED_EDGE('',*,*,#1403,.T.);
#1971=ORIENTED_EDGE('',*,*,#1406,.T.);
#1972=ORIENTED_EDGE('',*,*,#1394,.T.);
#1973=ORIENTED_EDGE('',*,*,#1407,.T.);
#1974=ORIENTED_EDGE('',*,*,#1408,.T.);
#1975=ORIENTED_EDGE('',*,*,#1409,.T.);
#1976=ORIENTED_EDGE('',*,*,#1410,.F.);
#1977=ORIENTED_EDGE('',*,*,#1411,.T.);
#1978=ORIENTED_EDGE('',*,*,#1412,.T.);
#1979=ORIENTED_EDGE('',*,*,#1409,.F.);
#1980=ORIENTED_EDGE('',*,*,#1413,.T.);
#1981=ORIENTED_EDGE('',*,*,#1414,.T.);
#1982=ORIENTED_EDGE('',*,*,#1415,.F.);
#1983=ORIENTED_EDGE('',*,*,#1411,.F.);
#1984=ORIENTED_EDGE('',*,*,#1416,.T.);
#1985=ORIENTED_EDGE('',*,*,#1417,.T.);
#1986=ORIENTED_EDGE('',*,*,#1418,.T.);
#1987=ORIENTED_EDGE('',*,*,#1414,.F.);
#1988=ORIENTED_EDGE('',*,*,#1419,.T.);
#1989=ORIENTED_EDGE('',*,*,#1420,.T.);
#1990=ORIENTED_EDGE('',*,*,#1421,.F.);
#1991=ORIENTED_EDGE('',*,*,#1417,.F.);
#1992=ORIENTED_EDGE('',*,*,#1422,.T.);
#1993=ORIENTED_EDGE('',*,*,#1422,.F.);
#1994=ORIENTED_EDGE('',*,*,#1419,.F.);
#1995=ORIENTED_EDGE('',*,*,#1416,.F.);
#1996=ORIENTED_EDGE('',*,*,#1413,.F.);
#1997=ORIENTED_EDGE('',*,*,#1408,.F.);
#1998=ORIENTED_EDGE('',*,*,#1423,.T.);
#1999=ORIENTED_EDGE('',*,*,#1398,.F.);
#2000=ORIENTED_EDGE('',*,*,#1401,.F.);
#2001=ORIENTED_EDGE('',*,*,#1404,.F.);
#2002=ORIENTED_EDGE('',*,*,#1405,.F.);
#2003=ORIENTED_EDGE('',*,*,#1393,.F.);
#2004=ORIENTED_EDGE('',*,*,#1390,.F.);
#2005=ORIENTED_EDGE('',*,*,#1387,.F.);
#2006=ORIENTED_EDGE('',*,*,#1383,.F.);
#2007=ORIENTED_EDGE('',*,*,#1424,.F.);
#2008=ORIENTED_EDGE('',*,*,#1425,.T.);
#2009=ORIENTED_EDGE('',*,*,#1426,.F.);
#2010=ORIENTED_EDGE('',*,*,#1427,.F.);
#2011=ORIENTED_EDGE('',*,*,#1428,.F.);
#2012=ORIENTED_EDGE('',*,*,#1429,.T.);
#2013=ORIENTED_EDGE('',*,*,#1430,.T.);
#2014=ORIENTED_EDGE('',*,*,#1431,.T.);
#2015=ORIENTED_EDGE('',*,*,#1420,.F.);
#2016=ORIENTED_EDGE('',*,*,#1423,.F.);
#2017=ORIENTED_EDGE('',*,*,#1407,.F.);
#2018=ORIENTED_EDGE('',*,*,#1432,.F.);
#2019=ORIENTED_EDGE('',*,*,#1412,.F.);
#2020=ORIENTED_EDGE('',*,*,#1415,.T.);
#2021=ORIENTED_EDGE('',*,*,#1418,.F.);
#2022=ORIENTED_EDGE('',*,*,#1421,.T.);
#2023=ORIENTED_EDGE('',*,*,#1432,.T.);
#2024=ORIENTED_EDGE('',*,*,#1410,.T.);
#2025=ORIENTED_EDGE('',*,*,#1396,.T.);
#2026=ORIENTED_EDGE('',*,*,#1385,.F.);
#2027=ORIENTED_EDGE('',*,*,#1389,.T.);
#2028=ORIENTED_EDGE('',*,*,#1392,.F.);
#2029=ORIENTED_EDGE('',*,*,#1395,.T.);
#2030=ORIENTED_EDGE('',*,*,#1406,.F.);
#2031=ORIENTED_EDGE('',*,*,#1402,.T.);
#2032=ORIENTED_EDGE('',*,*,#1399,.F.);
#2033=ORIENTED_EDGE('',*,*,#1425,.F.);
#2034=ORIENTED_EDGE('',*,*,#1433,.T.);
#2035=ORIENTED_EDGE('',*,*,#1434,.F.);
#2036=ORIENTED_EDGE('',*,*,#1435,.F.);
#2037=ORIENTED_EDGE('',*,*,#1436,.F.);
#2038=ORIENTED_EDGE('',*,*,#1437,.F.);
#2039=ORIENTED_EDGE('',*,*,#1438,.F.);
#2040=ORIENTED_EDGE('',*,*,#1431,.F.);
#2041=ORIENTED_EDGE('',*,*,#1424,.T.);
#2042=ORIENTED_EDGE('',*,*,#1438,.T.);
#2043=ORIENTED_EDGE('',*,*,#1439,.F.);
#2044=ORIENTED_EDGE('',*,*,#1433,.F.);
#2045=ORIENTED_EDGE('',*,*,#1440,.F.);
#2046=ORIENTED_EDGE('',*,*,#1429,.F.);
#2047=ORIENTED_EDGE('',*,*,#1441,.F.);
#2048=ORIENTED_EDGE('',*,*,#1442,.F.);
#2049=ORIENTED_EDGE('',*,*,#1443,.T.);
#2050=ORIENTED_EDGE('',*,*,#1442,.T.);
#2051=ORIENTED_EDGE('',*,*,#1444,.T.);
#2052=ORIENTED_EDGE('',*,*,#1445,.T.);
#2053=ORIENTED_EDGE('',*,*,#1446,.T.);
#2054=ORIENTED_EDGE('',*,*,#1434,.T.);
#2055=ORIENTED_EDGE('',*,*,#1439,.T.);
#2056=ORIENTED_EDGE('',*,*,#1437,.T.);
#2057=ORIENTED_EDGE('',*,*,#1430,.F.);
#2058=ORIENTED_EDGE('',*,*,#1440,.T.);
#2059=ORIENTED_EDGE('',*,*,#1443,.F.);
#2060=ORIENTED_EDGE('',*,*,#1436,.T.);
#2061=ORIENTED_EDGE('',*,*,#1427,.T.);
#2062=ORIENTED_EDGE('',*,*,#1447,.T.);
#2063=ORIENTED_EDGE('',*,*,#1445,.F.);
#2064=ORIENTED_EDGE('',*,*,#1448,.F.);
#2065=ORIENTED_EDGE('',*,*,#1435,.T.);
#2066=ORIENTED_EDGE('',*,*,#1446,.F.);
#2067=ORIENTED_EDGE('',*,*,#1447,.F.);
#2068=ORIENTED_EDGE('',*,*,#1426,.T.);
#2069=ORIENTED_EDGE('',*,*,#1441,.T.);
#2070=ORIENTED_EDGE('',*,*,#1428,.T.);
#2071=ORIENTED_EDGE('',*,*,#1448,.T.);
#2072=ORIENTED_EDGE('',*,*,#1444,.F.);
#2073=CYLINDRICAL_SURFACE('',#2247,3.75);
#2074=CYLINDRICAL_SURFACE('',#2250,5.);
#2075=CYLINDRICAL_SURFACE('',#2256,5.);
#2076=CYLINDRICAL_SURFACE('',#2285,5.);
#2077=CYLINDRICAL_SURFACE('',#2291,0.500000000000007);
#2078=CYLINDRICAL_SURFACE('',#2294,0.500000000000012);
#2079=CYLINDRICAL_SURFACE('',#2297,0.500000000000007);
#2080=CYLINDRICAL_SURFACE('',#2300,0.500000000000007);
#2081=CYLINDRICAL_SURFACE('',#2303,0.500000000000007);
#2082=CYLINDRICAL_SURFACE('',#2306,0.500000000000007);
#2083=CYLINDRICAL_SURFACE('',#2309,0.500000000000007);
#2084=CYLINDRICAL_SURFACE('',#2312,0.500000000000007);
#2085=CYLINDRICAL_SURFACE('',#2315,0.500000000000007);
#2086=CYLINDRICAL_SURFACE('',#2318,0.500000000000009);
#2087=CYLINDRICAL_SURFACE('',#2321,0.500000000000007);
#2088=CYLINDRICAL_SURFACE('',#2324,0.500000000000007);
#2089=CYLINDRICAL_SURFACE('',#2327,0.500000000000007);
#2090=CYLINDRICAL_SURFACE('',#2330,0.500000000000007);
#2091=CYLINDRICAL_SURFACE('',#2333,0.500000000000012);
#2092=CYLINDRICAL_SURFACE('',#2336,0.500000000000007);
#2093=CYLINDRICAL_SURFACE('',#2339,0.500000000000007);
#2094=CYLINDRICAL_SURFACE('',#2342,0.500000000000012);
#2095=CYLINDRICAL_SURFACE('',#2345,0.500000000000007);
#2096=CYLINDRICAL_SURFACE('',#2348,0.500000000000007);
#2097=CYLINDRICAL_SURFACE('',#2351,0.500000000000029);
#2098=CYLINDRICAL_SURFACE('',#2354,0.500000000000007);
#2099=CYLINDRICAL_SURFACE('',#2357,0.5);
#2100=CYLINDRICAL_SURFACE('',#2360,0.500000000000007);
#2101=CYLINDRICAL_SURFACE('',#2362,5.);
#2102=CYLINDRICAL_SURFACE('',#2370,5.);
#2103=CYLINDRICAL_SURFACE('',#2401,1.);
#2104=CYLINDRICAL_SURFACE('',#2405,1.);
#2105=CYLINDRICAL_SURFACE('',#2410,1.2);
#2106=CYLINDRICAL_SURFACE('',#2414,1.2);
#2107=CYLINDRICAL_SURFACE('',#2417,5.);
#2108=CYLINDRICAL_SURFACE('',#2423,5.);
#2109=CYLINDRICAL_SURFACE('',#2428,5.);
#2110=ADVANCED_FACE('',(#126),#2073,.F.);
#2111=ADVANCED_FACE('',(#127),#2074,.T.);
#2112=ADVANCED_FACE('',(#128),#124,.T.);
#2113=ADVANCED_FACE('',(#129),#2075,.T.);
#2114=ADVANCED_FACE('',(#130,#25,#26,#27,#28,#29,#30),#46,.T.);
#2115=ADVANCED_FACE('',(#131,#31),#47,.T.);
#2116=ADVANCED_FACE('',(#132),#2076,.T.);
#2117=ADVANCED_FACE('',(#133),#125,.T.);
#2118=ADVANCED_FACE('',(#134),#48,.T.);
#2119=ADVANCED_FACE('',(#135),#49,.F.);
#2120=ADVANCED_FACE('',(#136),#2077,.F.);
#2121=ADVANCED_FACE('',(#137),#50,.F.);
#2122=ADVANCED_FACE('',(#138),#2078,.F.);
#2123=ADVANCED_FACE('',(#139),#51,.F.);
#2124=ADVANCED_FACE('',(#140),#2079,.F.);
#2125=ADVANCED_FACE('',(#141),#52,.F.);
#2126=ADVANCED_FACE('',(#142),#2080,.F.);
#2127=ADVANCED_FACE('',(#143),#53,.F.);
#2128=ADVANCED_FACE('',(#144),#2081,.F.);
#2129=ADVANCED_FACE('',(#145),#54,.F.);
#2130=ADVANCED_FACE('',(#146),#2082,.F.);
#2131=ADVANCED_FACE('',(#147),#55,.F.);
#2132=ADVANCED_FACE('',(#148),#2083,.F.);
#2133=ADVANCED_FACE('',(#149),#56,.F.);
#2134=ADVANCED_FACE('',(#150),#2084,.F.);
#2135=ADVANCED_FACE('',(#151),#57,.F.);
#2136=ADVANCED_FACE('',(#152),#2085,.F.);
#2137=ADVANCED_FACE('',(#153),#58,.F.);
#2138=ADVANCED_FACE('',(#154),#2086,.F.);
#2139=ADVANCED_FACE('',(#155),#59,.F.);
#2140=ADVANCED_FACE('',(#156),#2087,.F.);
#2141=ADVANCED_FACE('',(#157),#60,.F.);
#2142=ADVANCED_FACE('',(#158),#2088,.F.);
#2143=ADVANCED_FACE('',(#159),#61,.F.);
#2144=ADVANCED_FACE('',(#160),#2089,.F.);
#2145=ADVANCED_FACE('',(#161),#62,.F.);
#2146=ADVANCED_FACE('',(#162),#2090,.F.);
#2147=ADVANCED_FACE('',(#163),#63,.F.);
#2148=ADVANCED_FACE('',(#164),#2091,.F.);
#2149=ADVANCED_FACE('',(#165),#64,.F.);
#2150=ADVANCED_FACE('',(#166),#2092,.F.);
#2151=ADVANCED_FACE('',(#167),#65,.F.);
#2152=ADVANCED_FACE('',(#168),#2093,.F.);
#2153=ADVANCED_FACE('',(#169),#66,.F.);
#2154=ADVANCED_FACE('',(#170),#2094,.F.);
#2155=ADVANCED_FACE('',(#171),#67,.F.);
#2156=ADVANCED_FACE('',(#172),#2095,.F.);
#2157=ADVANCED_FACE('',(#173),#68,.F.);
#2158=ADVANCED_FACE('',(#174),#2096,.F.);
#2159=ADVANCED_FACE('',(#175),#69,.F.);
#2160=ADVANCED_FACE('',(#176),#2097,.F.);
#2161=ADVANCED_FACE('',(#177),#70,.F.);
#2162=ADVANCED_FACE('',(#178),#2098,.F.);
#2163=ADVANCED_FACE('',(#179),#71,.F.);
#2164=ADVANCED_FACE('',(#180),#2099,.F.);
#2165=ADVANCED_FACE('',(#181),#72,.F.);
#2166=ADVANCED_FACE('',(#182),#2100,.F.);
#2167=ADVANCED_FACE('',(#183),#2101,.T.);
#2168=ADVANCED_FACE('',(#184,#32,#33,#34,#35,#36,#37),#73,.F.);
#2169=ADVANCED_FACE('',(#185),#74,.T.);
#2170=ADVANCED_FACE('',(#186),#75,.T.);
#2171=ADVANCED_FACE('',(#187),#76,.T.);
#2172=ADVANCED_FACE('',(#188),#77,.T.);
#2173=ADVANCED_FACE('',(#189),#78,.T.);
#2174=ADVANCED_FACE('',(#190),#2102,.T.);
#2175=ADVANCED_FACE('',(#191,#38),#79,.T.);
#2176=ADVANCED_FACE('',(#192),#80,.T.);
#2177=ADVANCED_FACE('',(#193),#81,.F.);
#2178=ADVANCED_FACE('',(#194),#82,.F.);
#2179=ADVANCED_FACE('',(#195),#83,.F.);
#2180=ADVANCED_FACE('',(#196),#84,.F.);
#2181=ADVANCED_FACE('',(#197,#39),#85,.F.);
#2182=ADVANCED_FACE('',(#198,#40),#86,.F.);
#2183=ADVANCED_FACE('',(#199),#87,.F.);
#2184=ADVANCED_FACE('',(#200,#41),#88,.F.);
#2185=ADVANCED_FACE('',(#201,#42),#89,.T.);
#2186=ADVANCED_FACE('',(#202),#90,.T.);
#2187=ADVANCED_FACE('',(#203),#91,.T.);
#2188=ADVANCED_FACE('',(#204),#92,.T.);
#2189=ADVANCED_FACE('',(#205),#93,.T.);
#2190=ADVANCED_FACE('',(#206),#94,.T.);
#2191=ADVANCED_FACE('',(#207),#95,.F.);
#2192=ADVANCED_FACE('',(#208),#96,.T.);
#2193=ADVANCED_FACE('',(#209),#97,.T.);
#2194=ADVANCED_FACE('',(#210),#98,.T.);
#2195=ADVANCED_FACE('',(#211),#99,.T.);
#2196=ADVANCED_FACE('',(#212),#100,.T.);
#2197=ADVANCED_FACE('',(#213),#101,.F.);
#2198=ADVANCED_FACE('',(#214),#102,.T.);
#2199=ADVANCED_FACE('',(#215),#103,.T.);
#2200=ADVANCED_FACE('',(#216),#104,.T.);
#2201=ADVANCED_FACE('',(#217),#105,.T.);
#2202=ADVANCED_FACE('',(#218),#106,.T.);
#2203=ADVANCED_FACE('',(#219),#107,.F.);
#2204=ADVANCED_FACE('',(#220),#2103,.F.);
#2205=ADVANCED_FACE('',(#221),#108,.T.);
#2206=ADVANCED_FACE('',(#222),#2104,.F.);
#2207=ADVANCED_FACE('',(#223),#109,.T.);
#2208=ADVANCED_FACE('',(#224),#110,.T.);
#2209=ADVANCED_FACE('',(#225),#2105,.F.);
#2210=ADVANCED_FACE('',(#226),#111,.T.);
#2211=ADVANCED_FACE('',(#227),#2106,.F.);
#2212=ADVANCED_FACE('',(#228),#2107,.T.);
#2213=ADVANCED_FACE('',(#229),#13,.T.);
#2214=ADVANCED_FACE('',(#230),#2108,.T.);
#2215=ADVANCED_FACE('',(#231),#14,.T.);
#2216=ADVANCED_FACE('',(#232),#2109,.T.);
#2217=ADVANCED_FACE('',(#233,#43,#44),#112,.F.);
#2218=ADVANCED_FACE('',(#234),#113,.T.);
#2219=ADVANCED_FACE('',(#235,#45),#114,.T.);
#2220=ADVANCED_FACE('',(#236),#115,.T.);
#2221=ADVANCED_FACE('',(#237),#116,.F.);
#2222=ADVANCED_FACE('',(#238),#117,.T.);
#2223=ADVANCED_FACE('',(#239),#118,.F.);
#2224=ADVANCED_FACE('',(#240),#119,.T.);
#2225=ADVANCED_FACE('',(#241),#120,.T.);
#2226=ADVANCED_FACE('',(#242),#121,.T.);
#2227=ADVANCED_FACE('',(#243),#122,.T.);
#2228=ADVANCED_FACE('',(#244),#123,.T.);
#2229=CLOSED_SHELL('',(#2110,#2111,#2112,#2113,#2114,#2115,#2116,#2117,
#2118,#2119,#2120,#2121,#2122,#2123,#2124,#2125,#2126,#2127,#2128,#2129,
#2130,#2131,#2132,#2133,#2134,#2135,#2136,#2137,#2138,#2139,#2140,#2141,
#2142,#2143,#2144,#2145,#2146,#2147,#2148,#2149,#2150,#2151,#2152,#2153,
#2154,#2155,#2156,#2157,#2158,#2159,#2160,#2161,#2162,#2163,#2164,#2165,
#2166,#2167,#2168,#2169,#2170,#2171,#2172,#2173,#2174,#2175,#2176,#2177,
#2178,#2179,#2180,#2181,#2182,#2183,#2184,#2185));
#2230=CLOSED_SHELL('',(#2186,#2187,#2188,#2189,#2190,#2191));
#2231=CLOSED_SHELL('',(#2192,#2193,#2194,#2195,#2196,#2197));
#2232=CLOSED_SHELL('',(#2198,#2199,#2200,#2201,#2202,#2203));
#2233=CLOSED_SHELL('',(#2204,#2205,#2206,#2207,#2208,#2209,#2210,#2211,
#2212,#2213,#2214,#2215,#2216,#2217,#2218,#2219,#2220,#2221,#2222,#2223,
#2224,#2225,#2226,#2227,#2228));
#2234=DERIVED_UNIT_ELEMENT(#2236,1.);
#2235=DERIVED_UNIT_ELEMENT(#3727,-3.);
#2236=(
MASS_UNIT()
NAMED_UNIT(*)
SI_UNIT(.KILO.,.GRAM.)
);
#2237=DERIVED_UNIT((#2234,#2235));
#2238=MEASURE_REPRESENTATION_ITEM('density measure',
POSITIVE_RATIO_MEASURE(7850.),#2237);
#2239=PROPERTY_DEFINITION_REPRESENTATION(#2244,#2241);
#2240=PROPERTY_DEFINITION_REPRESENTATION(#2245,#2242);
#2241=REPRESENTATION('material name',(#2243),#3724);
#2242=REPRESENTATION('density',(#2238),#3724);
#2243=DESCRIPTIVE_REPRESENTATION_ITEM('Acero','Acero');
#2244=PROPERTY_DEFINITION('material property','material name',#3734);
#2245=PROPERTY_DEFINITION('material property','density of part',#3734);
#2246=AXIS2_PLACEMENT_3D('',#3068,#2442,#2443);
#2247=AXIS2_PLACEMENT_3D('',#3069,#2444,#2445);
#2248=AXIS2_PLACEMENT_3D('',#3071,#2446,#2447);
#2249=AXIS2_PLACEMENT_3D('',#3074,#2449,#2450);
#2250=AXIS2_PLACEMENT_3D('',#3075,#2451,#2452);
#2251=AXIS2_PLACEMENT_3D('',#3078,#2453,#2454);
#2252=AXIS2_PLACEMENT_3D('',#3082,#2456,#2457);
#2253=AXIS2_PLACEMENT_3D('',#3084,#2459,#2460);
#2254=AXIS2_PLACEMENT_3D('',#3086,#2461,#2462);
#2255=AXIS2_PLACEMENT_3D('',#3087,#2463,#2464);
#2256=AXIS2_PLACEMENT_3D('',#3088,#2465,#2466);
#2257=AXIS2_PLACEMENT_3D('',#3092,#2468,#2469);
#2258=AXIS2_PLACEMENT_3D('',#3094,#2471,#2472);
#2259=AXIS2_PLACEMENT_3D('',#3102,#2476,#2477);
#2260=AXIS2_PLACEMENT_3D('',#3106,#2479,#2480);
#2261=AXIS2_PLACEMENT_3D('',#3110,#2482,#2483);
#2262=AXIS2_PLACEMENT_3D('',#3113,#2485,#2486);
#2263=AXIS2_PLACEMENT_3D('',#3118,#2488,#2489);
#2264=AXIS2_PLACEMENT_3D('',#3122,#2491,#2492);
#2265=AXIS2_PLACEMENT_3D('',#3126,#2494,#2495);
#2266=AXIS2_PLACEMENT_3D('',#3129,#2497,#2498);
#2267=AXIS2_PLACEMENT_3D('',#3134,#2500,#2501);
#2268=AXIS2_PLACEMENT_3D('',#3138,#2503,#2504);
#2269=AXIS2_PLACEMENT_3D('',#3142,#2506,#2507);
#2270=AXIS2_PLACEMENT_3D('',#3145,#2509,#2510);
#2271=AXIS2_PLACEMENT_3D('',#3150,#2512,#2513);
#2272=AXIS2_PLACEMENT_3D('',#3154,#2515,#2516);
#2273=AXIS2_PLACEMENT_3D('',#3158,#2518,#2519);
#2274=AXIS2_PLACEMENT_3D('',#3161,#2521,#2522);
#2275=AXIS2_PLACEMENT_3D('',#3166,#2524,#2525);
#2276=AXIS2_PLACEMENT_3D('',#3170,#2527,#2528);
#2277=AXIS2_PLACEMENT_3D('',#3174,#2530,#2531);
#2278=AXIS2_PLACEMENT_3D('',#3177,#2533,#2534);
#2279=AXIS2_PLACEMENT_3D('',#3182,#2536,#2537);
#2280=AXIS2_PLACEMENT_3D('',#3186,#2539,#2540);
#2281=AXIS2_PLACEMENT_3D('',#3190,#2542,#2543);
#2282=AXIS2_PLACEMENT_3D('',#3193,#2545,#2546);
#2283=AXIS2_PLACEMENT_3D('',#3194,#2547,#2548);
#2284=AXIS2_PLACEMENT_3D('',#3201,#2552,#2553);
#2285=AXIS2_PLACEMENT_3D('',#3210,#2558,#2559);
#2286=AXIS2_PLACEMENT_3D('',#3213,#2561,#2562);
#2287=AXIS2_PLACEMENT_3D('',#3214,#2563,#2564);
#2288=AXIS2_PLACEMENT_3D('',#3215,#2565,#2566);
#2289=AXIS2_PLACEMENT_3D('',#3216,#2567,#2568);
#2290=AXIS2_PLACEMENT_3D('',#3220,#2571,#2572);
#2291=AXIS2_PLACEMENT_3D('',#3226,#2576,#2577);
#2292=AXIS2_PLACEMENT_3D('',#3228,#2578,#2579);
#2293=AXIS2_PLACEMENT_3D('',#3230,#2581,#2582);
#2294=AXIS2_PLACEMENT_3D('',#3234,#2585,#2586);
#2295=AXIS2_PLACEMENT_3D('',#3236,#2587,#2588);
#2296=AXIS2_PLACEMENT_3D('',#3238,#2590,#2591);
#2297=AXIS2_PLACEMENT_3D('',#3242,#2594,#2595);
#2298=AXIS2_PLACEMENT_3D('',#3244,#2596,#2597);
#2299=AXIS2_PLACEMENT_3D('',#3246,#2599,#2600);
#2300=AXIS2_PLACEMENT_3D('',#3250,#2603,#2604);
#2301=AXIS2_PLACEMENT_3D('',#3251,#2605,#2606);
#2302=AXIS2_PLACEMENT_3D('',#3252,#2607,#2608);
#2303=AXIS2_PLACEMENT_3D('',#3258,#2612,#2613);
#2304=AXIS2_PLACEMENT_3D('',#3260,#2614,#2615);
#2305=AXIS2_PLACEMENT_3D('',#3262,#2617,#2618);
#2306=AXIS2_PLACEMENT_3D('',#3266,#2621,#2622);
#2307=AXIS2_PLACEMENT_3D('',#3268,#2623,#2624);
#2308=AXIS2_PLACEMENT_3D('',#3270,#2626,#2627);
#2309=AXIS2_PLACEMENT_3D('',#3274,#2630,#2631);
#2310=AXIS2_PLACEMENT_3D('',#3276,#2632,#2633);
#2311=AXIS2_PLACEMENT_3D('',#3278,#2635,#2636);
#2312=AXIS2_PLACEMENT_3D('',#3282,#2639,#2640);
#2313=AXIS2_PLACEMENT_3D('',#3283,#2641,#2642);
#2314=AXIS2_PLACEMENT_3D('',#3284,#2643,#2644);
#2315=AXIS2_PLACEMENT_3D('',#3290,#2648,#2649);
#2316=AXIS2_PLACEMENT_3D('',#3292,#2650,#2651);
#2317=AXIS2_PLACEMENT_3D('',#3294,#2653,#2654);
#2318=AXIS2_PLACEMENT_3D('',#3298,#2657,#2658);
#2319=AXIS2_PLACEMENT_3D('',#3300,#2659,#2660);
#2320=AXIS2_PLACEMENT_3D('',#3302,#2662,#2663);
#2321=AXIS2_PLACEMENT_3D('',#3306,#2666,#2667);
#2322=AXIS2_PLACEMENT_3D('',#3308,#2668,#2669);
#2323=AXIS2_PLACEMENT_3D('',#3310,#2671,#2672);
#2324=AXIS2_PLACEMENT_3D('',#3314,#2675,#2676);
#2325=AXIS2_PLACEMENT_3D('',#3315,#2677,#2678);
#2326=AXIS2_PLACEMENT_3D('',#3316,#2679,#2680);
#2327=AXIS2_PLACEMENT_3D('',#3322,#2684,#2685);
#2328=AXIS2_PLACEMENT_3D('',#3324,#2686,#2687);
#2329=AXIS2_PLACEMENT_3D('',#3326,#2689,#2690);
#2330=AXIS2_PLACEMENT_3D('',#3330,#2693,#2694);
#2331=AXIS2_PLACEMENT_3D('',#3332,#2695,#2696);
#2332=AXIS2_PLACEMENT_3D('',#3334,#2698,#2699);
#2333=AXIS2_PLACEMENT_3D('',#3338,#2702,#2703);
#2334=AXIS2_PLACEMENT_3D('',#3340,#2704,#2705);
#2335=AXIS2_PLACEMENT_3D('',#3342,#2707,#2708);
#2336=AXIS2_PLACEMENT_3D('',#3346,#2711,#2712);
#2337=AXIS2_PLACEMENT_3D('',#3347,#2713,#2714);
#2338=AXIS2_PLACEMENT_3D('',#3348,#2715,#2716);
#2339=AXIS2_PLACEMENT_3D('',#3354,#2720,#2721);
#2340=AXIS2_PLACEMENT_3D('',#3356,#2722,#2723);
#2341=AXIS2_PLACEMENT_3D('',#3358,#2725,#2726);
#2342=AXIS2_PLACEMENT_3D('',#3362,#2729,#2730);
#2343=AXIS2_PLACEMENT_3D('',#3364,#2731,#2732);
#2344=AXIS2_PLACEMENT_3D('',#3366,#2734,#2735);
#2345=AXIS2_PLACEMENT_3D('',#3370,#2738,#2739);
#2346=AXIS2_PLACEMENT_3D('',#3372,#2740,#2741);
#2347=AXIS2_PLACEMENT_3D('',#3374,#2743,#2744);
#2348=AXIS2_PLACEMENT_3D('',#3378,#2747,#2748);
#2349=AXIS2_PLACEMENT_3D('',#3379,#2749,#2750);
#2350=AXIS2_PLACEMENT_3D('',#3380,#2751,#2752);
#2351=AXIS2_PLACEMENT_3D('',#3386,#2756,#2757);
#2352=AXIS2_PLACEMENT_3D('',#3388,#2758,#2759);
#2353=AXIS2_PLACEMENT_3D('',#3390,#2761,#2762);
#2354=AXIS2_PLACEMENT_3D('',#3394,#2765,#2766);
#2355=AXIS2_PLACEMENT_3D('',#3396,#2767,#2768);
#2356=AXIS2_PLACEMENT_3D('',#3398,#2770,#2771);
#2357=AXIS2_PLACEMENT_3D('',#3402,#2774,#2775);
#2358=AXIS2_PLACEMENT_3D('',#3404,#2776,#2777);
#2359=AXIS2_PLACEMENT_3D('',#3406,#2779,#2780);
#2360=AXIS2_PLACEMENT_3D('',#3410,#2783,#2784);
#2361=AXIS2_PLACEMENT_3D('',#3411,#2785,#2786);
#2362=AXIS2_PLACEMENT_3D('',#3412,#2787,#2788);
#2363=AXIS2_PLACEMENT_3D('',#3414,#2789,#2790);
#2364=AXIS2_PLACEMENT_3D('',#3416,#2792,#2793);
#2365=AXIS2_PLACEMENT_3D('',#3422,#2797,#2798);
#2366=AXIS2_PLACEMENT_3D('',#3431,#2803,#2804);
#2367=AXIS2_PLACEMENT_3D('',#3437,#2808,#2809);
#2368=AXIS2_PLACEMENT_3D('',#3443,#2813,#2814);
#2369=AXIS2_PLACEMENT_3D('',#3446,#2817,#2818);
#2370=AXIS2_PLACEMENT_3D('',#3447,#2819,#2820);
#2371=AXIS2_PLACEMENT_3D('',#3451,#2822,#2823);
#2372=AXIS2_PLACEMENT_3D('',#3453,#2825,#2826);
#2373=AXIS2_PLACEMENT_3D('',#3463,#2832,#2833);
#2374=AXIS2_PLACEMENT_3D('',#3465,#2835,#2836);
#2375=AXIS2_PLACEMENT_3D('',#3471,#2840,#2841);
#2376=AXIS2_PLACEMENT_3D('',#3475,#2844,#2845);
#2377=AXIS2_PLACEMENT_3D('',#3479,#2848,#2849);
#2378=AXIS2_PLACEMENT_3D('',#3481,#2851,#2852);
#2379=AXIS2_PLACEMENT_3D('',#3485,#2855,#2856);
#2380=AXIS2_PLACEMENT_3D('',#3489,#2859,#2860);
#2381=AXIS2_PLACEMENT_3D('',#3491,#2862,#2863);
#2382=AXIS2_PLACEMENT_3D('',#3492,#2864,#2865);
#2383=AXIS2_PLACEMENT_3D('',#3493,#2866,#2867);
#2384=AXIS2_PLACEMENT_3D('',#3502,#2872,#2873);
#2385=AXIS2_PLACEMENT_3D('',#3508,#2877,#2878);
#2386=AXIS2_PLACEMENT_3D('',#3514,#2882,#2883);
#2387=AXIS2_PLACEMENT_3D('',#3517,#2886,#2887);
#2388=AXIS2_PLACEMENT_3D('',#3518,#2888,#2889);
#2389=AXIS2_PLACEMENT_3D('',#3519,#2890,#2891);
#2390=AXIS2_PLACEMENT_3D('',#3528,#2896,#2897);
#2391=AXIS2_PLACEMENT_3D('',#3534,#2901,#2902);
#2392=AXIS2_PLACEMENT_3D('',#3540,#2906,#2907);
#2393=AXIS2_PLACEMENT_3D('',#3543,#2910,#2911);
#2394=AXIS2_PLACEMENT_3D('',#3544,#2912,#2913);
#2395=AXIS2_PLACEMENT_3D('',#3545,#2914,#2915);
#2396=AXIS2_PLACEMENT_3D('',#3554,#2920,#2921);
#2397=AXIS2_PLACEMENT_3D('',#3560,#2925,#2926);
#2398=AXIS2_PLACEMENT_3D('',#3566,#2930,#2931);
#2399=AXIS2_PLACEMENT_3D('',#3569,#2934,#2935);
#2400=AXIS2_PLACEMENT_3D('',#3570,#2936,#2937);
#2401=AXIS2_PLACEMENT_3D('',#3571,#2938,#2939);
#2402=AXIS2_PLACEMENT_3D('',#3574,#2940,#2941);
#2403=AXIS2_PLACEMENT_3D('',#3578,#2943,#2944);
#2404=AXIS2_PLACEMENT_3D('',#3580,#2946,#2947);
#2405=AXIS2_PLACEMENT_3D('',#3586,#2951,#2952);
#2406=AXIS2_PLACEMENT_3D('',#3588,#2953,#2954);
#2407=AXIS2_PLACEMENT_3D('',#3591,#2956,#2957);
#2408=AXIS2_PLACEMENT_3D('',#3592,#2958,#2959);
#2409=AXIS2_PLACEMENT_3D('',#3598,#2963,#2964);
#2410=AXIS2_PLACEMENT_3D('',#3604,#2968,#2969);
#2411=AXIS2_PLACEMENT_3D('',#3606,#2970,#2971);
#2412=AXIS2_PLACEMENT_3D('',#3609,#2973,#2974);
#2413=AXIS2_PLACEMENT_3D('',#3610,#2975,#2976);
#2414=AXIS2_PLACEMENT_3D('',#3616,#2980,#2981);
#2415=AXIS2_PLACEMENT_3D('',#3617,#2982,#2983);
#2416=AXIS2_PLACEMENT_3D('',#3618,#2984,#2985);
#2417=AXIS2_PLACEMENT_3D('',#3619,#2986,#2987);
#2418=AXIS2_PLACEMENT_3D('',#3622,#2988,#2989);
#2419=AXIS2_PLACEMENT_3D('',#3626,#2991,#2992);
#2420=AXIS2_PLACEMENT_3D('',#3639,#2994,#2995);
#2421=AXIS2_PLACEMENT_3D('',#3640,#2996,#2997);
#2422=AXIS2_PLACEMENT_3D('',#3641,#2998,#2999);
#2423=AXIS2_PLACEMENT_3D('',#3642,#3000,#3001);
#2424=AXIS2_PLACEMENT_3D('',#3645,#3002,#3003);
#2425=AXIS2_PLACEMENT_3D('',#3659,#3006,#3007);
#2426=AXIS2_PLACEMENT_3D('',#3660,#3008,#3009);
#2427=AXIS2_PLACEMENT_3D('',#3661,#3010,#3011);
#2428=AXIS2_PLACEMENT_3D('',#3662,#3012,#3013);
#2429=AXIS2_PLACEMENT_3D('',#3665,#3014,#3015);
#2430=AXIS2_PLACEMENT_3D('',#3668,#3018,#3019);
#2431=AXIS2_PLACEMENT_3D('',#3686,#3029,#3030);
#2432=AXIS2_PLACEMENT_3D('',#3688,#3032,#3033);
#2433=AXIS2_PLACEMENT_3D('',#3689,#3034,#3035);
#2434=AXIS2_PLACEMENT_3D('',#3695,#3039,#3040);
#2435=AXIS2_PLACEMENT_3D('',#3701,#3044,#3045);
#2436=AXIS2_PLACEMENT_3D('',#3703,#3047,#3048);
#2437=AXIS2_PLACEMENT_3D('',#3709,#3052,#3053);
#2438=AXIS2_PLACEMENT_3D('',#3716,#3058,#3059);
#2439=AXIS2_PLACEMENT_3D('',#3717,#3060,#3061);
#2440=AXIS2_PLACEMENT_3D('',#3720,#3064,#3065);
#2441=AXIS2_PLACEMENT_3D('',#3721,#3066,#3067);
#2442=DIRECTION('axis',(0.,0.,1.));
#2443=DIRECTION('refdir',(1.,0.,0.));
#2444=DIRECTION('center_axis',(-1.,0.,0.));
#2445=DIRECTION('ref_axis',(0.,1.,0.));
#2446=DIRECTION('center_axis',(-1.,0.,0.));
#2447=DIRECTION('ref_axis',(0.,1.,0.));
#2448=DIRECTION('',(-1.,0.,0.));
#2449=DIRECTION('center_axis',(1.,0.,0.));
#2450=DIRECTION('ref_axis',(0.,1.,0.));
#2451=DIRECTION('center_axis',(0.,-1.,2.22044604925031E-16));
#2452=DIRECTION('ref_axis',(0.707106781186547,0.,0.707106781186547));
#2453=DIRECTION('center_axis',(0.,-1.,2.22044604925031E-16));
#2454=DIRECTION('ref_axis',(0.707106781186547,0.,0.707106781186547));
#2455=DIRECTION('',(0.,-1.,2.22044604925031E-16));
#2456=DIRECTION('center_axis',(1.77635683940025E-15,1.,0.));
#2457=DIRECTION('ref_axis',(0.,0.,1.));
#2458=DIRECTION('',(0.,1.,-2.22044604925031E-16));
#2459=DIRECTION('center_axis',(0.408248290463864,-0.408248290463862,-0.816496580927726));
#2460=DIRECTION('ref_axis',(0.577350269189628,-0.577350269189623,0.577350269189626));
#2461=DIRECTION('center_axis',(1.,0.,0.));
#2462=DIRECTION('ref_axis',(0.,-0.707106781186548,0.707106781186548));
#2463=DIRECTION('center_axis',(0.,2.22044604925031E-16,1.));
#2464=DIRECTION('ref_axis',(0.707106781186547,-0.707106781186548,0.));
#2465=DIRECTION('center_axis',(-1.,0.,0.));
#2466=DIRECTION('ref_axis',(0.,-0.707106781186547,0.707106781186548));
#2467=DIRECTION('',(-1.,0.,0.));
#2468=DIRECTION('center_axis',(-1.,0.,0.));
#2469=DIRECTION('ref_axis',(0.,-0.707106781186548,0.707106781186548));
#2470=DIRECTION('',(1.,0.,0.));
#2471=DIRECTION('center_axis',(0.,2.22044604925031E-16,1.));
#2472=DIRECTION('ref_axis',(-1.,0.,0.));
#2473=DIRECTION('',(-1.,0.,0.));
#2474=DIRECTION('',(0.,1.,-2.22044604925031E-16));
#2475=DIRECTION('',(1.70803546361455E-16,-1.,2.22044604925031E-16));
#2476=DIRECTION('center_axis',(0.,-2.22044604925031E-16,-1.));
#2477=DIRECTION('ref_axis',(2.22044604925028E-14,-1.,0.));
#2478=DIRECTION('',(-1.,0.,0.));
#2479=DIRECTION('center_axis',(0.,-2.22044604925031E-16,-1.));
#2480=DIRECTION('ref_axis',(-1.,0.,0.));
#2481=DIRECTION('',(0.,1.,-2.22044604925031E-16));
#2482=DIRECTION('center_axis',(0.,-2.22044604925031E-16,-1.));
#2483=DIRECTION('ref_axis',(0.,1.,0.));
#2484=DIRECTION('',(1.,0.,0.));
#2485=DIRECTION('center_axis',(0.,-2.22044604925031E-16,-1.));
#2486=DIRECTION('ref_axis',(1.,0.,0.));
#2487=DIRECTION('',(-1.,0.,0.));
#2488=DIRECTION('center_axis',(0.,-2.22044604925031E-16,-1.));
#2489=DIRECTION('ref_axis',(-1.,0.,0.));
#2490=DIRECTION('',(0.,1.,-2.22044604925031E-16));
#2491=DIRECTION('center_axis',(0.,-2.22044604925031E-16,-1.));
#2492=DIRECTION('ref_axis',(-2.22044604925028E-14,1.,0.));
#2493=DIRECTION('',(1.,0.,0.));
#2494=DIRECTION('center_axis',(0.,-2.22044604925031E-16,-1.));
#2495=DIRECTION('ref_axis',(1.,0.,0.));
#2496=DIRECTION('',(0.,-1.,2.22044604925031E-16));
#2497=DIRECTION('center_axis',(0.,-2.22044604925031E-16,-1.));
#2498=DIRECTION('ref_axis',(0.,-1.,0.));
#2499=DIRECTION('',(0.,1.,-2.22044604925031E-16));
#2500=DIRECTION('center_axis',(0.,-2.22044604925031E-16,-1.));
#2501=DIRECTION('ref_axis',(-2.22044604925028E-14,1.,0.));
#2502=DIRECTION('',(1.,0.,0.));
#2503=DIRECTION('center_axis',(0.,-2.22044604925031E-16,-1.));
#2504=DIRECTION('ref_axis',(1.,0.,0.));
#2505=DIRECTION('',(0.,-1.,2.22044604925031E-16));
#2506=DIRECTION('center_axis',(0.,-2.22044604925031E-16,-1.));
#2507=DIRECTION('ref_axis',(0.,-1.,0.));
#2508=DIRECTION('',(-1.,0.,0.));
#2509=DIRECTION('center_axis',(0.,-2.22044604925031E-16,-1.));
#2510=DIRECTION('ref_axis',(-1.,0.,0.));
#2511=DIRECTION('',(-1.,0.,0.));
#2512=DIRECTION('center_axis',(0.,-2.22044604925031E-16,-1.));
#2513=DIRECTION('ref_axis',(-1.,0.,0.));
#2514=DIRECTION('',(-1.70803546361455E-16,1.,-2.22044604925031E-16));
#2515=DIRECTION('center_axis',(0.,-2.22044604925031E-16,-1.));
#2516=DIRECTION('ref_axis',(-1.77635683940023E-14,1.,0.));
#2517=DIRECTION('',(1.,0.,0.));
#2518=DIRECTION('center_axis',(0.,-2.22044604925031E-16,-1.));
#2519=DIRECTION('ref_axis',(1.,0.,0.));
#2520=DIRECTION('',(1.70803546361455E-16,-1.,2.22044604925031E-16));
#2521=DIRECTION('center_axis',(0.,-2.22044604925031E-16,-1.));
#2522=DIRECTION('ref_axis',(1.77635683940023E-14,-1.,0.));
#2523=DIRECTION('',(0.,1.,-2.22044604925031E-16));
#2524=DIRECTION('center_axis',(0.,-2.22044604925031E-16,-1.));
#2525=DIRECTION('ref_axis',(-1.77635683940023E-14,1.,0.));
#2526=DIRECTION('',(1.,0.,0.));
#2527=DIRECTION('center_axis',(0.,-2.22044604925031E-16,-1.));
#2528=DIRECTION('ref_axis',(1.,0.,0.));
#2529=DIRECTION('',(0.,-1.,2.22044604925031E-16));
#2530=DIRECTION('center_axis',(0.,-2.22044604925031E-16,-1.));
#2531=DIRECTION('ref_axis',(0.,-1.,0.));
#2532=DIRECTION('',(-1.,0.,0.));
#2533=DIRECTION('center_axis',(0.,-2.22044604925031E-16,-1.));
#2534=DIRECTION('ref_axis',(-1.,0.,0.));
#2535=DIRECTION('',(-1.,0.,0.));
#2536=DIRECTION('center_axis',(0.,-2.22044604925031E-16,-1.));
#2537=DIRECTION('ref_axis',(-1.,0.,0.));
#2538=DIRECTION('',(0.,1.,-2.22044604925031E-16));
#2539=DIRECTION('center_axis',(0.,-2.22044604925031E-16,-1.));
#2540=DIRECTION('ref_axis',(-2.22044604925028E-14,1.,0.));
#2541=DIRECTION('',(1.,0.,0.));
#2542=DIRECTION('center_axis',(0.,-2.22044604925031E-16,-1.));
#2543=DIRECTION('ref_axis',(1.,0.,0.));
#2544=DIRECTION('',(0.,-1.,2.22044604925031E-16));
#2545=DIRECTION('center_axis',(0.,-2.22044604925031E-16,-1.));
#2546=DIRECTION('ref_axis',(0.,-1.,0.));
#2547=DIRECTION('center_axis',(0.,1.,-2.22044604925031E-16));
#2548=DIRECTION('ref_axis',(1.,0.,0.));
#2549=DIRECTION('',(0.,2.22044604925031E-16,1.));
#2550=DIRECTION('',(1.,0.,0.));
#2551=DIRECTION('',(0.,2.22044604925031E-16,1.));
#2552=DIRECTION('center_axis',(0.,-1.,2.22044604925031E-16));
#2553=DIRECTION('ref_axis',(-0.707106781186547,0.,0.707106781186547));
#2554=DIRECTION('',(0.,2.22044604925031E-16,1.));
#2555=DIRECTION('',(1.,0.,0.));
#2556=DIRECTION('',(0.,2.22044604925031E-16,1.));
#2557=DIRECTION('',(1.,0.,0.));
#2558=DIRECTION('center_axis',(0.,-1.,2.22044604925031E-16));
#2559=DIRECTION('ref_axis',(-0.707106781186547,0.,0.707106781186547));
#2560=DIRECTION('',(0.,-1.,2.22044604925031E-16));
#2561=DIRECTION('center_axis',(0.,1.,-3.55271367880049E-15));
#2562=DIRECTION('ref_axis',(-1.,0.,0.));
#2563=DIRECTION('center_axis',(-0.408248290463861,-0.40824829046386,-0.816496580927728));
#2564=DIRECTION('ref_axis',(-0.577350269189627,-0.577350269189628,0.577350269189623));
#2565=DIRECTION('center_axis',(0.,2.22044604925031E-16,1.));
#2566=DIRECTION('ref_axis',(-0.707106781186547,-0.707106781186548,0.));
#2567=DIRECTION('center_axis',(-1.,0.,0.));
#2568=DIRECTION('ref_axis',(0.,-2.22044604925031E-16,-1.));
#2569=DIRECTION('',(0.,-1.,2.22044604925031E-16));
#2570=DIRECTION('',(0.,-2.22044604925031E-16,-1.));
#2571=DIRECTION('center_axis',(0.,1.,0.));
#2572=DIRECTION('ref_axis',(1.,0.,0.));
#2573=DIRECTION('',(-1.,0.,0.));
#2574=DIRECTION('',(0.,0.,-1.));
#2575=DIRECTION('',(0.,0.,-1.));
#2576=DIRECTION('center_axis',(0.,0.,-1.));
#2577=DIRECTION('ref_axis',(-2.22044604925028E-14,1.,0.));
#2578=DIRECTION('center_axis',(0.,2.22044604925031E-16,1.));
#2579=DIRECTION('ref_axis',(-2.22044604925028E-14,1.,0.));
#2580=DIRECTION('',(0.,0.,-1.));
#2581=DIRECTION('center_axis',(-1.,0.,0.));
#2582=DIRECTION('ref_axis',(0.,1.,0.));
#2583=DIRECTION('',(0.,-1.,2.22044604925031E-16));
#2584=DIRECTION('',(0.,0.,-1.));
#2585=DIRECTION('center_axis',(0.,0.,-1.));
#2586=DIRECTION('ref_axis',(-1.,0.,0.));
#2587=DIRECTION('center_axis',(0.,2.22044604925031E-16,1.));
#2588=DIRECTION('ref_axis',(-1.,0.,0.));
#2589=DIRECTION('',(0.,0.,-1.));
#2590=DIRECTION('center_axis',(0.,-1.,0.));
#2591=DIRECTION('ref_axis',(-1.,0.,0.));
#2592=DIRECTION('',(1.,0.,0.));
#2593=DIRECTION('',(0.,0.,-1.));
#2594=DIRECTION('center_axis',(0.,0.,-1.));
#2595=DIRECTION('ref_axis',(0.,-1.,0.));
#2596=DIRECTION('center_axis',(0.,2.22044604925031E-16,1.));
#2597=DIRECTION('ref_axis',(0.,-1.,0.));
#2598=DIRECTION('',(0.,0.,-1.));
#2599=DIRECTION('center_axis',(1.,0.,0.));
#2600=DIRECTION('ref_axis',(0.,-1.,0.));
#2601=DIRECTION('',(0.,1.,-2.22044604925031E-16));
#2602=DIRECTION('',(0.,0.,-1.));
#2603=DIRECTION('center_axis',(0.,0.,-1.));
#2604=DIRECTION('ref_axis',(1.,0.,0.));
#2605=DIRECTION('center_axis',(0.,2.22044604925031E-16,1.));
#2606=DIRECTION('ref_axis',(1.,0.,0.));
#2607=DIRECTION('center_axis',(1.,0.,0.));
#2608=DIRECTION('ref_axis',(0.,-1.,0.));
#2609=DIRECTION('',(0.,1.,-2.22044604925031E-16));
#2610=DIRECTION('',(0.,0.,-1.));
#2611=DIRECTION('',(0.,0.,-1.));
#2612=DIRECTION('center_axis',(0.,0.,-1.));
#2613=DIRECTION('ref_axis',(1.,0.,0.));
#2614=DIRECTION('center_axis',(0.,2.22044604925031E-16,1.));
#2615=DIRECTION('ref_axis',(1.,0.,0.));
#2616=DIRECTION('',(0.,0.,-1.));
#2617=DIRECTION('center_axis',(0.,1.,0.));
#2618=DIRECTION('ref_axis',(1.,0.,0.));
#2619=DIRECTION('',(-1.,0.,0.));
#2620=DIRECTION('',(0.,0.,-1.));
#2621=DIRECTION('center_axis',(0.,0.,-1.));
#2622=DIRECTION('ref_axis',(-1.77635683940023E-14,1.,0.));
#2623=DIRECTION('center_axis',(0.,2.22044604925031E-16,1.));
#2624=DIRECTION('ref_axis',(-1.77635683940023E-14,1.,0.));
#2625=DIRECTION('',(0.,0.,-1.));
#2626=DIRECTION('center_axis',(-1.,0.,0.));
#2627=DIRECTION('ref_axis',(0.,1.,0.));
#2628=DIRECTION('',(0.,-1.,2.22044604925031E-16));
#2629=DIRECTION('',(0.,0.,-1.));
#2630=DIRECTION('center_axis',(0.,0.,-1.));
#2631=DIRECTION('ref_axis',(-1.,0.,0.));
#2632=DIRECTION('center_axis',(0.,2.22044604925031E-16,1.));
#2633=DIRECTION('ref_axis',(-1.,0.,0.));
#2634=DIRECTION('',(0.,0.,-1.));
#2635=DIRECTION('center_axis',(0.,-1.,0.));
#2636=DIRECTION('ref_axis',(-1.,0.,0.));
#2637=DIRECTION('',(1.,0.,0.));
#2638=DIRECTION('',(0.,0.,-1.));
#2639=DIRECTION('center_axis',(0.,0.,-1.));
#2640=DIRECTION('ref_axis',(0.,-1.,0.));
#2641=DIRECTION('center_axis',(0.,2.22044604925031E-16,1.));
#2642=DIRECTION('ref_axis',(0.,-1.,0.));
#2643=DIRECTION('center_axis',(0.,1.,0.));
#2644=DIRECTION('ref_axis',(1.,0.,0.));
#2645=DIRECTION('',(-1.,0.,0.));
#2646=DIRECTION('',(0.,0.,-1.));
#2647=DIRECTION('',(0.,0.,-1.));
#2648=DIRECTION('center_axis',(0.,0.,-1.));
#2649=DIRECTION('ref_axis',(-1.77635683940023E-14,1.,0.));
#2650=DIRECTION('center_axis',(0.,2.22044604925031E-16,1.));
#2651=DIRECTION('ref_axis',(-1.77635683940023E-14,1.,0.));
#2652=DIRECTION('',(0.,0.,-1.));
#2653=DIRECTION('center_axis',(-1.,-1.70803546361455E-16,0.));
#2654=DIRECTION('ref_axis',(-1.70803546361455E-16,1.,0.));
#2655=DIRECTION('',(1.70803546361455E-16,-1.,2.22044604925031E-16));
#2656=DIRECTION('',(0.,0.,-1.));
#2657=DIRECTION('center_axis',(0.,0.,-1.));
#2658=DIRECTION('ref_axis',(-1.,0.,0.));
#2659=DIRECTION('center_axis',(0.,2.22044604925031E-16,1.));
#2660=DIRECTION('ref_axis',(-1.,0.,0.));
#2661=DIRECTION('',(0.,0.,-1.));
#2662=DIRECTION('center_axis',(0.,-1.,0.));
#2663=DIRECTION('ref_axis',(-1.,0.,0.));
#2664=DIRECTION('',(1.,0.,0.));
#2665=DIRECTION('',(0.,0.,-1.));
#2666=DIRECTION('center_axis',(0.,0.,-1.));
#2667=DIRECTION('ref_axis',(1.77635683940023E-14,-1.,0.));
#2668=DIRECTION('center_axis',(0.,2.22044604925031E-16,1.));
#2669=DIRECTION('ref_axis',(1.77635683940023E-14,-1.,0.));
#2670=DIRECTION('',(0.,0.,-1.));
#2671=DIRECTION('center_axis',(1.,1.70803546361455E-16,0.));
#2672=DIRECTION('ref_axis',(1.70803546361455E-16,-1.,0.));
#2673=DIRECTION('',(-1.70803546361455E-16,1.,-2.22044604925031E-16));
#2674=DIRECTION('',(0.,0.,-1.));
#2675=DIRECTION('center_axis',(0.,0.,-1.));
#2676=DIRECTION('ref_axis',(1.,0.,0.));
#2677=DIRECTION('center_axis',(0.,2.22044604925031E-16,1.));
#2678=DIRECTION('ref_axis',(1.,0.,0.));
#2679=DIRECTION('center_axis',(1.,0.,0.));
#2680=DIRECTION('ref_axis',(0.,-1.,0.));
#2681=DIRECTION('',(0.,1.,-2.22044604925031E-16));
#2682=DIRECTION('',(0.,0.,-1.));
#2683=DIRECTION('',(0.,0.,-1.));
#2684=DIRECTION('center_axis',(0.,0.,-1.));
#2685=DIRECTION('ref_axis',(1.,0.,0.));
#2686=DIRECTION('center_axis',(0.,2.22044604925031E-16,1.));
#2687=DIRECTION('ref_axis',(1.,0.,0.));
#2688=DIRECTION('',(0.,0.,-1.));
#2689=DIRECTION('center_axis',(0.,1.,0.));
#2690=DIRECTION('ref_axis',(1.,0.,0.));
#2691=DIRECTION('',(-1.,0.,0.));
#2692=DIRECTION('',(0.,0.,-1.));
#2693=DIRECTION('center_axis',(0.,0.,-1.));
#2694=DIRECTION('ref_axis',(-2.22044604925028E-14,1.,0.));
#2695=DIRECTION('center_axis',(0.,2.22044604925031E-16,1.));
#2696=DIRECTION('ref_axis',(-2.22044604925028E-14,1.,0.));
#2697=DIRECTION('',(0.,0.,-1.));
#2698=DIRECTION('center_axis',(-1.,0.,0.));
#2699=DIRECTION('ref_axis',(0.,1.,0.));
#2700=DIRECTION('',(0.,-1.,2.22044604925031E-16));
#2701=DIRECTION('',(0.,0.,-1.));
#2702=DIRECTION('center_axis',(0.,0.,-1.));
#2703=DIRECTION('ref_axis',(-1.,0.,0.));
#2704=DIRECTION('center_axis',(0.,2.22044604925031E-16,1.));
#2705=DIRECTION('ref_axis',(-1.,0.,0.));
#2706=DIRECTION('',(0.,0.,-1.));
#2707=DIRECTION('center_axis',(0.,-1.,0.));
#2708=DIRECTION('ref_axis',(-1.,0.,0.));
#2709=DIRECTION('',(1.,0.,0.));
#2710=DIRECTION('',(0.,0.,-1.));
#2711=DIRECTION('center_axis',(0.,0.,-1.));
#2712=DIRECTION('ref_axis',(0.,-1.,0.));
#2713=DIRECTION('center_axis',(0.,2.22044604925031E-16,1.));
#2714=DIRECTION('ref_axis',(0.,-1.,0.));
#2715=DIRECTION('center_axis',(0.,1.,0.));
#2716=DIRECTION('ref_axis',(1.,0.,0.));
#2717=DIRECTION('',(-1.,0.,0.));
#2718=DIRECTION('',(0.,0.,-1.));
#2719=DIRECTION('',(0.,0.,-1.));
#2720=DIRECTION('center_axis',(0.,0.,-1.));
#2721=DIRECTION('ref_axis',(-2.22044604925028E-14,1.,0.));
#2722=DIRECTION('center_axis',(0.,2.22044604925031E-16,1.));
#2723=DIRECTION('ref_axis',(-2.22044604925028E-14,1.,0.));
#2724=DIRECTION('',(0.,0.,-1.));
#2725=DIRECTION('center_axis',(-1.,0.,0.));
#2726=DIRECTION('ref_axis',(0.,1.,0.));
#2727=DIRECTION('',(0.,-1.,2.22044604925031E-16));
#2728=DIRECTION('',(0.,0.,-1.));
#2729=DIRECTION('center_axis',(0.,0.,-1.));
#2730=DIRECTION('ref_axis',(-1.,0.,0.));
#2731=DIRECTION('center_axis',(0.,2.22044604925031E-16,1.));
#2732=DIRECTION('ref_axis',(-1.,0.,0.));
#2733=DIRECTION('',(0.,0.,-1.));
#2734=DIRECTION('center_axis',(0.,-1.,0.));
#2735=DIRECTION('ref_axis',(-1.,0.,0.));
#2736=DIRECTION('',(1.,0.,0.));
#2737=DIRECTION('',(0.,0.,-1.));
#2738=DIRECTION('center_axis',(0.,0.,-1.));
#2739=DIRECTION('ref_axis',(0.,-1.,0.));
#2740=DIRECTION('center_axis',(0.,2.22044604925031E-16,1.));
#2741=DIRECTION('ref_axis',(0.,-1.,0.));
#2742=DIRECTION('',(0.,0.,-1.));
#2743=DIRECTION('center_axis',(1.,0.,0.));
#2744=DIRECTION('ref_axis',(0.,-1.,0.));
#2745=DIRECTION('',(0.,1.,-2.22044604925031E-16));
#2746=DIRECTION('',(0.,0.,-1.));
#2747=DIRECTION('center_axis',(0.,0.,-1.));
#2748=DIRECTION('ref_axis',(1.,0.,0.));
#2749=DIRECTION('center_axis',(0.,2.22044604925031E-16,1.));
#2750=DIRECTION('ref_axis',(1.,0.,0.));
#2751=DIRECTION('center_axis',(-1.,0.,0.));
#2752=DIRECTION('ref_axis',(0.,1.,0.));
#2753=DIRECTION('',(0.,-1.,2.22044604925031E-16));
#2754=DIRECTION('',(0.,0.,-1.));
#2755=DIRECTION('',(0.,0.,-1.));
#2756=DIRECTION('center_axis',(0.,0.,-1.));
#2757=DIRECTION('ref_axis',(-1.,0.,0.));
#2758=DIRECTION('center_axis',(0.,2.22044604925031E-16,1.));
#2759=DIRECTION('ref_axis',(-1.,0.,0.));
#2760=DIRECTION('',(0.,0.,-1.));
#2761=DIRECTION('center_axis',(0.,-1.,0.));
#2762=DIRECTION('ref_axis',(-1.,0.,0.));
#2763=DIRECTION('',(1.,0.,0.));
#2764=DIRECTION('',(0.,0.,-1.));
#2765=DIRECTION('center_axis',(0.,0.,-1.));
#2766=DIRECTION('ref_axis',(2.22044604925028E-14,-1.,0.));
#2767=DIRECTION('center_axis',(0.,2.22044604925031E-16,1.));
#2768=DIRECTION('ref_axis',(2.22044604925028E-14,-1.,0.));
#2769=DIRECTION('',(0.,0.,-1.));
#2770=DIRECTION('center_axis',(1.,1.70803546361455E-16,0.));
#2771=DIRECTION('ref_axis',(1.70803546361455E-16,-1.,0.));
#2772=DIRECTION('',(-1.70803546361455E-16,1.,-2.22044604925031E-16));
#2773=DIRECTION('',(0.,0.,-1.));
#2774=DIRECTION('center_axis',(0.,0.,-1.));
#2775=DIRECTION('ref_axis',(1.,0.,0.));
#2776=DIRECTION('center_axis',(0.,2.22044604925031E-16,1.));
#2777=DIRECTION('ref_axis',(1.,0.,0.));
#2778=DIRECTION('',(0.,0.,-1.));
#2779=DIRECTION('center_axis',(0.,1.,0.));
#2780=DIRECTION('ref_axis',(1.,0.,0.));
#2781=DIRECTION('',(-1.,0.,0.));
#2782=DIRECTION('',(0.,0.,-1.));
#2783=DIRECTION('center_axis',(0.,0.,-1.));
#2784=DIRECTION('ref_axis',(0.,1.,0.));
#2785=DIRECTION('center_axis',(0.,2.22044604925031E-16,1.));
#2786=DIRECTION('ref_axis',(0.,1.,0.));
#2787=DIRECTION('center_axis',(0.,-2.22044604925031E-16,-1.));
#2788=DIRECTION('ref_axis',(-0.707106781186547,-0.707106781186547,1.57009245868377E-16));
#2789=DIRECTION('center_axis',(0.,2.22044604925031E-16,1.));
#2790=DIRECTION('ref_axis',(-0.707106781186547,-0.707106781186547,1.57009245868377E-16));
#2791=DIRECTION('',(0.,2.22044604925031E-16,1.));
#2792=DIRECTION('center_axis',(0.,2.22044604925031E-16,1.));
#2793=DIRECTION('ref_axis',(-1.,0.,0.));
#2794=DIRECTION('',(0.,-1.,2.22044604925031E-16));
#2795=DIRECTION('',(-1.,0.,0.));
#2796=DIRECTION('',(0.,-1.,2.22044604925031E-16));
#2797=DIRECTION('center_axis',(0.,-1.,0.));
#2798=DIRECTION('ref_axis',(1.,0.,0.));
#2799=DIRECTION('',(-1.,0.,0.));
#2800=DIRECTION('',(0.,0.,1.));
#2801=DIRECTION('',(1.,0.,0.));
#2802=DIRECTION('',(0.,0.,1.));
#2803=DIRECTION('center_axis',(-1.,0.,0.));
#2804=DIRECTION('ref_axis',(0.,-1.,0.));
#2805=DIRECTION('',(0.,1.,-2.22044604925031E-16));
#2806=DIRECTION('',(0.,-1.,0.));
#2807=DIRECTION('',(0.,0.,1.));
#2808=DIRECTION('center_axis',(0.,1.,0.));
#2809=DIRECTION('ref_axis',(-1.,0.,0.));
#2810=DIRECTION('',(1.,0.,0.));
#2811=DIRECTION('',(-1.,0.,0.));
#2812=DIRECTION('',(0.,0.,1.));
#2813=DIRECTION('center_axis',(1.,0.,0.));
#2814=DIRECTION('ref_axis',(0.,1.,0.));
#2815=DIRECTION('',(0.,-1.,2.22044604925031E-16));
#2816=DIRECTION('',(0.,1.,0.));
#2817=DIRECTION('center_axis',(0.,0.,1.));
#2818=DIRECTION('ref_axis',(1.,0.,0.));
#2819=DIRECTION('center_axis',(0.,2.22044604925031E-16,1.));
#2820=DIRECTION('ref_axis',(0.707106781186547,-0.707106781186547,1.57009245868377E-16));
#2821=DIRECTION('',(0.,-2.22044604925031E-16,-1.));
#2822=DIRECTION('center_axis',(0.,2.22044604925031E-16,1.));
#2823=DIRECTION('ref_axis',(0.707106781186547,-0.707106781186547,1.57009245868377E-16));
#2824=DIRECTION('',(0.,2.22044604925031E-16,1.));
#2825=DIRECTION('center_axis',(0.,-1.,2.22044604925031E-16));
#2826=DIRECTION('ref_axis',(-1.,0.,0.));
#2827=DIRECTION('',(1.,0.,0.));
#2828=DIRECTION('',(1.,0.,0.));
#2829=DIRECTION('',(0.,-2.22044604925031E-16,-1.));
#2830=DIRECTION('',(-1.,0.,0.));
#2831=DIRECTION('',(0.,2.22044604925031E-16,1.));
#2832=DIRECTION('center_axis',(0.,-2.22044604925031E-16,-1.));
#2833=DIRECTION('ref_axis',(1.,0.,0.));
#2834=DIRECTION('',(0.,-1.,2.22044604925031E-16));
#2835=DIRECTION('center_axis',(0.,-2.22044604925031E-16,-1.));
#2836=DIRECTION('ref_axis',(1.,0.,0.));
#2837=DIRECTION('',(1.,0.,0.));
#2838=DIRECTION('',(0.,-1.,2.22044604925031E-16));
#2839=DIRECTION('',(0.,-1.,2.22044604925031E-16));
#2840=DIRECTION('center_axis',(1.,0.,0.));
#2841=DIRECTION('ref_axis',(0.,2.22044604925031E-16,1.));
#2842=DIRECTION('',(0.,2.22044604925031E-16,1.));
#2843=DIRECTION('',(0.,-1.,2.22044604925031E-16));
#2844=DIRECTION('center_axis',(0.,2.22044604925031E-16,1.));
#2845=DIRECTION('ref_axis',(-1.,0.,0.));
#2846=DIRECTION('',(-1.,0.,0.));
#2847=DIRECTION('',(0.,-1.,2.22044604925031E-16));
#2848=DIRECTION('center_axis',(-1.,0.,0.));
#2849=DIRECTION('ref_axis',(0.,-2.22044604925031E-16,-1.));
#2850=DIRECTION('',(0.,-2.22044604925031E-16,-1.));
#2851=DIRECTION('center_axis',(1.,0.,0.));
#2852=DIRECTION('ref_axis',(0.,2.22044604925031E-16,1.));
#2853=DIRECTION('',(0.,-1.,2.22044604925031E-16));
#2854=DIRECTION('',(0.,2.22044604925031E-16,1.));
#2855=DIRECTION('center_axis',(0.,-2.22044604925031E-16,-1.));
#2856=DIRECTION('ref_axis',(1.,0.,0.));
#2857=DIRECTION('',(0.,-1.,2.22044604925031E-16));
#2858=DIRECTION('',(1.,0.,0.));
#2859=DIRECTION('center_axis',(-1.,0.,0.));
#2860=DIRECTION('ref_axis',(0.,-2.22044604925031E-16,-1.));
#2861=DIRECTION('',(0.,-2.22044604925031E-16,-1.));
#2862=DIRECTION('center_axis',(0.,-1.,2.22044604925031E-16));
#2863=DIRECTION('ref_axis',(-1.,0.,0.));
#2864=DIRECTION('center_axis',(1.,0.,0.));
#2865=DIRECTION('ref_axis',(0.,2.22044604925031E-16,1.));
#2866=DIRECTION('center_axis',(1.,0.,0.));
#2867=DIRECTION('ref_axis',(0.,1.,0.));
#2868=DIRECTION('',(0.,-1.,0.));
#2869=DIRECTION('',(0.,0.,1.));
#2870=DIRECTION('',(0.,1.,0.));
#2871=DIRECTION('',(0.,0.,1.));
#2872=DIRECTION('center_axis',(0.,-1.,0.));
#2873=DIRECTION('ref_axis',(1.,0.,0.));
#2874=DIRECTION('',(-1.,0.,0.));
#2875=DIRECTION('',(1.,0.,0.));
#2876=DIRECTION('',(0.,0.,1.));
#2877=DIRECTION('center_axis',(-1.,0.,0.));
#2878=DIRECTION('ref_axis',(0.,-1.,0.));
#2879=DIRECTION('',(0.,1.,0.));
#2880=DIRECTION('',(0.,-1.,0.));
#2881=DIRECTION('',(0.,0.,1.));
#2882=DIRECTION('center_axis',(0.,1.,0.));
#2883=DIRECTION('ref_axis',(-1.,0.,0.));
#2884=DIRECTION('',(1.,0.,0.));
#2885=DIRECTION('',(-1.,0.,0.));
#2886=DIRECTION('center_axis',(0.,0.,1.));
#2887=DIRECTION('ref_axis',(1.,0.,0.));
#2888=DIRECTION('center_axis',(0.,0.,1.));
#2889=DIRECTION('ref_axis',(-1.,0.,0.));
#2890=DIRECTION('center_axis',(1.,0.,0.));
#2891=DIRECTION('ref_axis',(0.,1.,0.));
#2892=DIRECTION('',(0.,-1.,0.));
#2893=DIRECTION('',(0.,0.,1.));
#2894=DIRECTION('',(0.,1.,0.));
#2895=DIRECTION('',(0.,0.,1.));
#2896=DIRECTION('center_axis',(0.,-1.,0.));
#2897=DIRECTION('ref_axis',(1.,0.,0.));
#2898=DIRECTION('',(-1.,0.,0.));
#2899=DIRECTION('',(1.,0.,0.));
#2900=DIRECTION('',(0.,0.,1.));
#2901=DIRECTION('center_axis',(-1.,0.,0.));
#2902=DIRECTION('ref_axis',(0.,-1.,0.));
#2903=DIRECTION('',(0.,1.,0.));
#2904=DIRECTION('',(0.,-1.,0.));
#2905=DIRECTION('',(0.,0.,1.));
#2906=DIRECTION('center_axis',(0.,1.,0.));
#2907=DIRECTION('ref_axis',(-1.,0.,0.));
#2908=DIRECTION('',(1.,0.,0.));
#2909=DIRECTION('',(-1.,0.,0.));
#2910=DIRECTION('center_axis',(0.,0.,1.));
#2911=DIRECTION('ref_axis',(1.,0.,0.));
#2912=DIRECTION('center_axis',(0.,0.,1.));
#2913=DIRECTION('ref_axis',(-1.,0.,0.));
#2914=DIRECTION('center_axis',(1.,0.,0.));
#2915=DIRECTION('ref_axis',(0.,1.,0.));
#2916=DIRECTION('',(0.,-1.,0.));
#2917=DIRECTION('',(0.,0.,1.));
#2918=DIRECTION('',(0.,1.,0.));
#2919=DIRECTION('',(0.,0.,1.));
#2920=DIRECTION('center_axis',(0.,-1.,0.));
#2921=DIRECTION('ref_axis',(1.,0.,0.));
#2922=DIRECTION('',(-1.,0.,0.));
#2923=DIRECTION('',(1.,0.,0.));
#2924=DIRECTION('',(0.,0.,1.));
#2925=DIRECTION('center_axis',(-1.,-6.34413147475168E-17,0.));
#2926=DIRECTION('ref_axis',(6.34413147475168E-17,-1.,0.));
#2927=DIRECTION('',(-6.34413147475168E-17,1.,0.));
#2928=DIRECTION('',(6.34413147475168E-17,-1.,0.));
#2929=DIRECTION('',(0.,0.,1.));
#2930=DIRECTION('center_axis',(0.,1.,0.));
#2931=DIRECTION('ref_axis',(-1.,0.,0.));
#2932=DIRECTION('',(1.,0.,0.));
#2933=DIRECTION('',(-1.,0.,0.));
#2934=DIRECTION('center_axis',(0.,0.,1.));
#2935=DIRECTION('ref_axis',(1.,0.,0.));
#2936=DIRECTION('center_axis',(0.,0.,1.));
#2937=DIRECTION('ref_axis',(-1.,0.,0.));
#2938=DIRECTION('center_axis',(1.22464679914735E-16,2.22044604925031E-16,
-1.));
#2939=DIRECTION('ref_axis',(0.707106781186548,0.707106781186548,1.57009245868377E-16));
#2940=DIRECTION('center_axis',(-1.22464679914735E-16,-2.22044604925031E-16,
1.));
#2941=DIRECTION('ref_axis',(0.707106781186548,0.707106781186548,1.57009245868377E-16));
#2942=DIRECTION('',(1.22464679914735E-16,2.22044604925031E-16,-1.));
#2943=DIRECTION('center_axis',(1.22464679914735E-16,2.22044604925031E-16,
-1.));
#2944=DIRECTION('ref_axis',(0.707106781186548,0.707106781186548,1.57009245868377E-16));
#2945=DIRECTION('',(-1.22464679914735E-16,-2.22044604925031E-16,1.));
#2946=DIRECTION('center_axis',(0.,-1.,-2.22044604925031E-16));
#2947=DIRECTION('ref_axis',(-1.,2.71926214689378E-32,-1.22464679914735E-16));
#2948=DIRECTION('',(-1.,2.71926214689378E-32,-1.22464679914735E-16));
#2949=DIRECTION('',(-1.22464679914735E-16,-2.22044604925031E-16,1.));
#2950=DIRECTION('',(-1.,2.71926214689378E-32,-1.22464679914735E-16));
#2951=DIRECTION('center_axis',(1.22464679914735E-16,2.22044604925031E-16,
-1.));
#2952=DIRECTION('ref_axis',(-0.707106781186548,0.707106781186548,1.57009245868377E-16));
#2953=DIRECTION('center_axis',(-1.22464679914735E-16,-2.22044604925031E-16,
1.));
#2954=DIRECTION('ref_axis',(-0.707106781186548,0.707106781186548,1.57009245868377E-16));
#2955=DIRECTION('',(1.22464679914735E-16,2.22044604925031E-16,-1.));
#2956=DIRECTION('center_axis',(1.22464679914735E-16,2.22044604925031E-16,
-1.));
#2957=DIRECTION('ref_axis',(-0.707106781186548,0.707106781186548,1.57009245868377E-16));
#2958=DIRECTION('center_axis',(1.,-2.71926214689378E-32,1.22464679914735E-16));
#2959=DIRECTION('ref_axis',(0.,-1.,-2.22044604925031E-16));
#2960=DIRECTION('',(0.,-1.,-2.22044604925031E-16));
#2961=DIRECTION('',(-1.22464679914735E-16,-2.22044604925031E-16,1.));
#2962=DIRECTION('',(0.,-1.,-2.22044604925031E-16));
#2963=DIRECTION('center_axis',(-1.,4.71432363550305E-16,-1.22464679914735E-16));
#2964=DIRECTION('ref_axis',(4.71432363550305E-16,1.,2.22044604925031E-16));
#2965=DIRECTION('',(4.71432363550305E-16,1.,2.22044604925031E-16));
#2966=DIRECTION('',(1.22464679914735E-16,2.22044604925031E-16,-1.));
#2967=DIRECTION('',(4.71432363550305E-16,1.,2.22044604925031E-16));
#2968=DIRECTION('center_axis',(-1.22464679914735E-16,-2.22044604925031E-16,
1.));
#2969=DIRECTION('ref_axis',(0.707106781186547,-0.707106781186548,-1.57009245868378E-16));
#2970=DIRECTION('center_axis',(1.22464679914735E-16,2.22044604925031E-16,
-1.));
#2971=DIRECTION('ref_axis',(0.707106781186547,-0.707106781186548,-1.57009245868378E-16));
#2972=DIRECTION('',(-1.22464679914735E-16,-2.22044604925031E-16,1.));
#2973=DIRECTION('center_axis',(-1.22464679914735E-16,-2.22044604925031E-16,
1.));
#2974=DIRECTION('ref_axis',(0.707106781186547,-0.707106781186548,-1.57009245868378E-16));
#2975=DIRECTION('center_axis',(0.,1.,2.22044604925031E-16));
#2976=DIRECTION('ref_axis',(1.,-2.71926214689378E-32,1.22464679914735E-16));
#2977=DIRECTION('',(1.,-2.71926214689378E-32,1.22464679914735E-16));
#2978=DIRECTION('',(1.22464679914735E-16,2.22044604925031E-16,-1.));
#2979=DIRECTION('',(1.,-2.71926214689378E-32,1.22464679914735E-16));
#2980=DIRECTION('center_axis',(1.22464679914735E-16,2.22044604925031E-16,
-1.));
#2981=DIRECTION('ref_axis',(-0.707106781186547,-0.707106781186547,-1.57009245868377E-16));
#2982=DIRECTION('center_axis',(-1.22464679914735E-16,-2.22044604925031E-16,
1.));
#2983=DIRECTION('ref_axis',(-0.707106781186547,-0.707106781186547,-1.57009245868377E-16));
#2984=DIRECTION('center_axis',(1.22464679914735E-16,2.22044604925031E-16,
-1.));
#2985=DIRECTION('ref_axis',(-0.707106781186547,-0.707106781186547,-1.57009245868377E-16));
#2986=DIRECTION('center_axis',(0.,-1.,-2.22044604925031E-16));
#2987=DIRECTION('ref_axis',(0.799999999999999,-1.33226762955019E-16,0.600000000000001));
#2988=DIRECTION('center_axis',(0.,-1.,-2.22044604925031E-16));
#2989=DIRECTION('ref_axis',(0.799999999999999,-1.33226762955019E-16,0.600000000000001));
#2990=DIRECTION('',(0.,-1.,-2.22044604925031E-16));
#2991=DIRECTION('center_axis',(0.,1.,2.22044604925031E-16));
#2992=DIRECTION('ref_axis',(0.,-2.22044604925031E-16,1.));
#2993=DIRECTION('',(0.,-1.,-2.22044604925031E-16));
#2994=DIRECTION('center_axis',(1.,0.,0.));
#2995=DIRECTION('ref_axis',(0.,-2.22044604925031E-16,1.));
#2996=DIRECTION('center_axis',(-1.22464679914735E-16,-2.22044604925031E-16,
1.));
#2997=DIRECTION('ref_axis',(0.707106781186547,-0.707106781186547,-1.57009245868377E-16));
#2998=DIRECTION('center_axis',(1.22464679914735E-16,2.22044604925031E-16,
-1.));
#2999=DIRECTION('ref_axis',(-1.,0.,0.));
#3000=DIRECTION('center_axis',(-1.,2.71926214689378E-32,-1.22464679914735E-16));
#3001=DIRECTION('ref_axis',(0.,-0.799999999999999,0.600000000000001));
#3002=DIRECTION('center_axis',(1.,0.,0.));
#3003=DIRECTION('ref_axis',(0.,-2.22044604925031E-16,1.));
#3004=DIRECTION('',(-1.,2.71926214689378E-32,-1.22464679914735E-16));
#3005=DIRECTION('',(-1.,2.71926214689378E-32,-1.22464679914735E-16));
#3006=DIRECTION('center_axis',(0.,-1.,-2.22044604925031E-16));
#3007=DIRECTION('ref_axis',(0.,-2.22044604925031E-16,1.));
#3008=DIRECTION('center_axis',(-1.22464679914735E-16,-2.22044604925031E-16,
1.));
#3009=DIRECTION('ref_axis',(-0.707106781186547,-0.707106781186547,-1.57009245868377E-16));
#3010=DIRECTION('center_axis',(1.22464679914735E-16,2.22044604925031E-16,
-1.));
#3011=DIRECTION('ref_axis',(6.12323399573673E-16,1.,2.22044604925031E-16));
#3012=DIRECTION('center_axis',(0.,1.,2.22044604925031E-16));
#3013=DIRECTION('ref_axis',(-0.800000000000002,-1.33226762955018E-16,0.599999999999998));
#3014=DIRECTION('center_axis',(0.,-1.,-2.22044604925031E-16));
#3015=DIRECTION('ref_axis',(-0.800000000000002,-1.33226762955018E-16,0.599999999999998));
#3016=DIRECTION('',(0.,1.,2.22044604925031E-16));
#3017=DIRECTION('',(0.,1.,2.22044604925031E-16));
#3018=DIRECTION('center_axis',(1.22464679914735E-16,2.22044604925031E-16,
-1.));
#3019=DIRECTION('ref_axis',(-1.,2.71926214689378E-32,-1.22464679914735E-16));
#3020=DIRECTION('',(-1.,0.,0.));
#3021=DIRECTION('',(-1.,2.71926214689378E-32,-1.22464679914735E-16));
#3022=DIRECTION('',(0.,-1.,-2.22044604925031E-16));
#3023=DIRECTION('',(1.,-2.71926214689378E-32,1.22464679914735E-16));
#3024=DIRECTION('',(0.,-1.,-2.22044604925031E-16));
#3025=DIRECTION('',(-1.,2.71926214689378E-32,-1.22464679914735E-16));
#3026=DIRECTION('',(0.,-1.,-2.22044604925031E-16));
#3027=DIRECTION('',(1.,-2.71926214689378E-32,1.22464679914735E-16));
#3028=DIRECTION('',(0.,1.,2.22044604925031E-16));
#3029=DIRECTION('center_axis',(0.,1.,2.22044604925031E-16));
#3030=DIRECTION('ref_axis',(1.,-2.71926214689378E-32,1.22464679914735E-16));
#3031=DIRECTION('',(1.,-2.71926214689378E-32,1.22464679914735E-16));
#3032=DIRECTION('center_axis',(1.22464679914735E-16,2.22044604925031E-16,
-1.));
#3033=DIRECTION('ref_axis',(-1.,2.71926214689378E-32,-1.22464679914735E-16));
#3034=DIRECTION('center_axis',(1.,-2.71926214689378E-32,1.22464679914735E-16));
#3035=DIRECTION('ref_axis',(0.,1.,2.22044604925031E-16));
#3036=DIRECTION('',(-1.22464679914735E-16,-2.22044604925031E-16,1.));
#3037=DIRECTION('',(0.,1.,2.22044604925031E-16));
#3038=DIRECTION('',(-1.22464679914735E-16,-2.22044604925031E-16,1.));
#3039=DIRECTION('center_axis',(1.,-2.71926214689378E-32,1.22464679914735E-16));
#3040=DIRECTION('ref_axis',(0.,-1.,-2.22044604925031E-16));
#3041=DIRECTION('',(1.22464679914735E-16,2.22044604925031E-16,-1.));
#3042=DIRECTION('',(0.,-1.,-2.22044604925031E-16));
#3043=DIRECTION('',(-1.22464679914735E-16,-2.22044604925031E-16,1.));
#3044=DIRECTION('center_axis',(0.,1.,2.22044604925031E-16));
#3045=DIRECTION('ref_axis',(-1.,2.71926214689378E-32,-1.22464679914735E-16));
#3046=DIRECTION('',(-1.,2.71926214689378E-32,-1.22464679914735E-16));
#3047=DIRECTION('center_axis',(-1.,2.71926214689378E-32,-1.22464679914735E-16));
#3048=DIRECTION('ref_axis',(0.,1.,2.22044604925031E-16));
#3049=DIRECTION('',(-1.22464679914735E-16,-2.22044604925031E-16,1.));
#3050=DIRECTION('',(1.22464679914735E-16,2.22044604925031E-16,-1.));
#3051=DIRECTION('',(0.,1.,2.22044604925031E-16));
#3052=DIRECTION('center_axis',(-1.22464679914735E-16,-2.22044604925031E-16,
1.));
#3053=DIRECTION('ref_axis',(0.,1.,2.22044604925031E-16));
#3054=DIRECTION('',(-1.,2.71926214689378E-32,-1.22464679914735E-16));
#3055=DIRECTION('',(-1.,2.71926214689378E-32,-1.22464679914735E-16));
#3056=DIRECTION('',(0.,-1.,-2.22044604925031E-16));
#3057=DIRECTION('',(1.,-2.71926214689378E-32,1.22464679914735E-16));
#3058=DIRECTION('center_axis',(0.,1.,2.22044604925031E-16));
#3059=DIRECTION('ref_axis',(1.,-2.71926214689378E-32,1.22464679914735E-16));
#3060=DIRECTION('center_axis',(-1.,2.71926214689378E-32,-1.22464679914735E-16));
#3061=DIRECTION('ref_axis',(0.,-1.,-2.22044604925031E-16));
#3062=DIRECTION('',(-1.22464679914735E-16,-2.22044604925031E-16,1.));
#3063=DIRECTION('',(-1.22464679914735E-16,-2.22044604925031E-16,1.));
#3064=DIRECTION('center_axis',(0.,-1.,-2.22044604925031E-16));
#3065=DIRECTION('ref_axis',(1.,-2.71926214689378E-32,1.22464679914735E-16));
#3066=DIRECTION('center_axis',(0.,1.,2.22044604925031E-16));
#3067=DIRECTION('ref_axis',(-1.,2.71926214689378E-32,-1.22464679914735E-16));
#3068=CARTESIAN_POINT('',(0.,0.,0.));
#3069=CARTESIAN_POINT('Origin',(31.25,102.263108240321,24.2990858351198));
#3070=CARTESIAN_POINT('',(35.,98.513108240321,24.2990858351198));
#3071=CARTESIAN_POINT('Origin',(35.,102.263108240321,24.2990858351198));
#3072=CARTESIAN_POINT('',(30.,98.513108240321,24.2990858351198));
#3073=CARTESIAN_POINT('',(31.25,98.513108240321,24.2990858351198));
#3074=CARTESIAN_POINT('Origin',(30.,102.263108240321,24.2990858351198));
#3075=CARTESIAN_POINT('Origin',(30.,130.,44.695170521245));
#3076=CARTESIAN_POINT('',(35.,130.,44.695170521245));
#3077=CARTESIAN_POINT('',(30.,130.,49.695170521245));
#3078=CARTESIAN_POINT('Origin',(30.,130.,44.695170521245));
#3079=CARTESIAN_POINT('',(30.,75.0000000000001,49.6951705212451));
#3080=CARTESIAN_POINT('',(30.,130.,49.695170521245));
#3081=CARTESIAN_POINT('',(35.,75.0000000000001,44.695170521245));
#3082=CARTESIAN_POINT('Origin',(30.,75.0000000000001,44.695170521245));
#3083=CARTESIAN_POINT('',(35.,130.,44.695170521245));
#3084=CARTESIAN_POINT('Origin',(30.,75.0000000000001,44.6951705212451));
#3085=CARTESIAN_POINT('',(30.,70.0000000000001,44.695170521245));
#3086=CARTESIAN_POINT('Origin',(30.,75.0000000000001,44.6951705212451));
#3087=CARTESIAN_POINT('Origin',(30.,75.0000000000001,44.6951705212451));
#3088=CARTESIAN_POINT('Origin',(17.5,75.0000000000001,44.6951705212451));
#3089=CARTESIAN_POINT('',(-30.,75.0000000000001,49.6951705212451));
#3090=CARTESIAN_POINT('',(17.5,75.0000000000001,49.6951705212451));
#3091=CARTESIAN_POINT('',(-30.,70.,44.695170521245));
#3092=CARTESIAN_POINT('Origin',(-30.,75.0000000000001,44.6951705212451));
#3093=CARTESIAN_POINT('',(17.5,70.,44.695170521245));
#3094=CARTESIAN_POINT('Origin',(35.,130.,49.695170521245));
#3095=CARTESIAN_POINT('',(-30.,130.,49.695170521245));
#3096=CARTESIAN_POINT('',(17.5,130.,49.695170521245));
#3097=CARTESIAN_POINT('',(-30.,130.,49.695170521245));
#3098=CARTESIAN_POINT('',(-11.692802018424,98.6199978251755,49.695170521245));
#3099=CARTESIAN_POINT('',(-11.692802018424,85.6199981380999,49.695170521245));
#3100=CARTESIAN_POINT('',(-11.692802018424,114.309998912588,49.695170521245));
#3101=CARTESIAN_POINT('',(-12.192802018424,85.1199981380999,49.695170521245));
#3102=CARTESIAN_POINT('Origin',(-12.192802018424,85.6199981380999,49.695170521245));
#3103=CARTESIAN_POINT('',(-25.2000002771616,85.1199981380999,49.695170521245));
#3104=CARTESIAN_POINT('',(11.403598990788,85.1199981380999,49.695170521245));
#3105=CARTESIAN_POINT('',(-25.7000002771616,85.6199981380999,49.695170521245));
#3106=CARTESIAN_POINT('Origin',(-25.2000002771616,85.6199981380999,49.695170521245));
#3107=CARTESIAN_POINT('',(-25.7000002771616,98.6199978251755,49.695170521245));
#3108=CARTESIAN_POINT('',(-25.7000002771616,107.80999906905,49.695170521245));
#3109=CARTESIAN_POINT('',(-25.2000002771616,99.1199978251755,49.695170521245));
#3110=CARTESIAN_POINT('Origin',(-25.2000002771616,98.6199978251755,49.695170521245));
#3111=CARTESIAN_POINT('',(-12.192802018424,99.1199978251755,49.695170521245));
#3112=CARTESIAN_POINT('',(4.8999998614192,99.1199978251755,49.695170521245));
#3113=CARTESIAN_POINT('Origin',(-12.192802018424,98.6199978251755,49.695170521245));
#3114=CARTESIAN_POINT('',(6.89999940991401,110.1199981381,49.695170521245));
#3115=CARTESIAN_POINT('',(-6.09280201842401,110.1199981381,49.695170521245));
#3116=CARTESIAN_POINT('',(20.949999704957,110.1199981381,49.695170521245));
#3117=CARTESIAN_POINT('',(-6.59280201842401,110.6199981381,49.695170521245));
#3118=CARTESIAN_POINT('Origin',(-6.09280201842399,110.6199981381,49.695170521245));
#3119=CARTESIAN_POINT('',(-6.59280201842401,123.619997825176,49.695170521245));
#3120=CARTESIAN_POINT('',(-6.59280201842401,120.30999906905,49.695170521245));
#3121=CARTESIAN_POINT('',(-6.09280201842401,124.119997825176,49.695170521245));
#3122=CARTESIAN_POINT('Origin',(-6.09280201842399,123.619997825176,49.695170521245));
#3123=CARTESIAN_POINT('',(6.89999940991401,124.119997825176,49.695170521245));
#3124=CARTESIAN_POINT('',(14.453598990788,124.119997825176,49.695170521245));
#3125=CARTESIAN_POINT('',(7.39999940991402,123.619997825176,49.695170521245));
#3126=CARTESIAN_POINT('Origin',(6.89999940991401,123.619997825176,49.695170521245));
#3127=CARTESIAN_POINT('',(7.39999940991402,110.6199981381,49.695170521245));
#3128=CARTESIAN_POINT('',(7.39999940991402,126.809998912588,49.695170521245));
#3129=CARTESIAN_POINT('Origin',(6.89999940991401,110.6199981381,49.695170521245));
#3130=CARTESIAN_POINT('',(12.407197981576,110.6199981381,49.695170521245));
#3131=CARTESIAN_POINT('',(12.407197981576,123.619997825176,49.695170521245));
#3132=CARTESIAN_POINT('',(12.407197981576,120.30999906905,49.695170521245));
#3133=CARTESIAN_POINT('',(12.907197981576,124.119997825176,49.695170521245));
#3134=CARTESIAN_POINT('Origin',(12.907197981576,123.619997825176,49.695170521245));
#3135=CARTESIAN_POINT('',(25.899999409914,124.119997825176,49.695170521245));
#3136=CARTESIAN_POINT('',(23.953598990788,124.119997825176,49.695170521245));
#3137=CARTESIAN_POINT('',(26.399999409914,123.619997825176,49.695170521245));
#3138=CARTESIAN_POINT('Origin',(25.899999409914,123.619997825176,49.695170521245));
#3139=CARTESIAN_POINT('',(26.399999409914,110.6199981381,49.695170521245));
#3140=CARTESIAN_POINT('',(26.399999409914,126.809998912588,49.695170521245));
#3141=CARTESIAN_POINT('',(25.899999409914,110.1199981381,49.695170521245));
#3142=CARTESIAN_POINT('Origin',(25.899999409914,110.6199981381,49.695170521245));
#3143=CARTESIAN_POINT('',(12.907197981576,110.1199981381,49.695170521245));
#3144=CARTESIAN_POINT('',(30.449999704957,110.1199981381,49.695170521245));
#3145=CARTESIAN_POINT('Origin',(12.907197981576,110.6199981381,49.695170521245));
#3146=CARTESIAN_POINT('',(6.85719798157599,85.1199981380999,49.695170521245));
#3147=CARTESIAN_POINT('',(-6.14280201842401,85.1199981380999,49.695170521245));
#3148=CARTESIAN_POINT('',(20.928598990788,85.1199981380999,49.695170521245));
#3149=CARTESIAN_POINT('',(-6.64280201842401,85.6199981380999,49.695170521245));
#3150=CARTESIAN_POINT('Origin',(-6.142802018424,85.6199981380999,49.695170521245));
#3151=CARTESIAN_POINT('',(-6.64280201842401,98.6199978251755,49.695170521245));
#3152=CARTESIAN_POINT('',(-6.64280201842401,107.80999906905,49.695170521245));
#3153=CARTESIAN_POINT('',(-6.14280201842401,99.1199978251755,49.695170521245));
#3154=CARTESIAN_POINT('Origin',(-6.142802018424,98.6199978251755,49.695170521245));
#3155=CARTESIAN_POINT('',(6.85719798157599,99.1199978251755,49.695170521245));
#3156=CARTESIAN_POINT('',(14.428598990788,99.1199978251755,49.695170521245));
#3157=CARTESIAN_POINT('',(7.35719798157599,98.6199978251755,49.695170521245));
#3158=CARTESIAN_POINT('Origin',(6.85719798157598,98.6199978251755,49.695170521245));
#3159=CARTESIAN_POINT('',(7.35719798157599,85.6199981380999,49.695170521245));
#3160=CARTESIAN_POINT('',(7.35719798157599,114.309998912588,49.695170521245));
#3161=CARTESIAN_POINT('Origin',(6.85719798157598,85.6199981380999,49.695170521245));
#3162=CARTESIAN_POINT('',(-25.692802018424,110.6199981381,49.695170521245));
#3163=CARTESIAN_POINT('',(-25.692802018424,123.619997825176,49.695170521245));
#3164=CARTESIAN_POINT('',(-25.692802018424,120.30999906905,49.695170521245));
#3165=CARTESIAN_POINT('',(-25.192802018424,124.119997825176,49.695170521245));
#3166=CARTESIAN_POINT('Origin',(-25.192802018424,123.619997825176,49.695170521245));
#3167=CARTESIAN_POINT('',(-12.200000590086,124.119997825176,49.695170521245));
#3168=CARTESIAN_POINT('',(4.90359899078799,124.119997825176,49.695170521245));
#3169=CARTESIAN_POINT('',(-11.700000590086,123.619997825176,49.695170521245));
#3170=CARTESIAN_POINT('Origin',(-12.200000590086,123.619997825176,49.695170521245));
#3171=CARTESIAN_POINT('',(-11.700000590086,110.6199981381,49.695170521245));
#3172=CARTESIAN_POINT('',(-11.700000590086,126.809998912588,49.695170521245));
#3173=CARTESIAN_POINT('',(-12.200000590086,110.1199981381,49.695170521245));
#3174=CARTESIAN_POINT('Origin',(-12.200000590086,110.6199981381,49.695170521245));
#3175=CARTESIAN_POINT('',(-25.192802018424,110.1199981381,49.695170521245));
#3176=CARTESIAN_POINT('',(11.399999704957,110.1199981381,49.695170521245));
#3177=CARTESIAN_POINT('Origin',(-25.192802018424,110.6199981381,49.695170521245));
#3178=CARTESIAN_POINT('',(25.899999409914,85.1199981380999,49.695170521245));
#3179=CARTESIAN_POINT('',(12.907197981576,85.1199981380999,49.695170521245));
#3180=CARTESIAN_POINT('',(30.449999704957,85.1199981380999,49.695170521245));
#3181=CARTESIAN_POINT('',(12.407197981576,85.6199981380999,49.695170521245));
#3182=CARTESIAN_POINT('Origin',(12.907197981576,85.6199981380999,49.695170521245));
#3183=CARTESIAN_POINT('',(12.407197981576,98.6199978251755,49.695170521245));
#3184=CARTESIAN_POINT('',(12.407197981576,107.80999906905,49.695170521245));
#3185=CARTESIAN_POINT('',(12.907197981576,99.1199978251755,49.695170521245));
#3186=CARTESIAN_POINT('Origin',(12.907197981576,98.6199978251755,49.695170521245));
#3187=CARTESIAN_POINT('',(25.899999409914,99.1199978251755,49.695170521245));
#3188=CARTESIAN_POINT('',(23.953598990788,99.1199978251755,49.695170521245));
#3189=CARTESIAN_POINT('',(26.399999409914,98.6199978251755,49.695170521245));
#3190=CARTESIAN_POINT('Origin',(25.899999409914,98.6199978251755,49.695170521245));
#3191=CARTESIAN_POINT('',(26.399999409914,85.6199981380999,49.695170521245));
#3192=CARTESIAN_POINT('',(26.399999409914,114.309998912588,49.695170521245));
#3193=CARTESIAN_POINT('Origin',(25.899999409914,85.6199981380999,49.695170521245));
#3194=CARTESIAN_POINT('Origin',(0.,130.,24.695170521245));
#3195=CARTESIAN_POINT('',(35.,130.,-0.304829478754982));
#3196=CARTESIAN_POINT('',(35.,130.,12.195170521245));
#3197=CARTESIAN_POINT('',(-35.,130.,-0.304829478754982));
#3198=CARTESIAN_POINT('',(-35.,130.,-0.304829478754982));
#3199=CARTESIAN_POINT('',(-35.,130.,44.695170521245));
#3200=CARTESIAN_POINT('',(-35.,130.,37.195170521245));
#3201=CARTESIAN_POINT('Origin',(-30.,130.,44.695170521245));
#3202=CARTESIAN_POINT('',(30.,130.,4.69517022322179));
#3203=CARTESIAN_POINT('',(30.,130.,44.6951708192682));
#3204=CARTESIAN_POINT('',(30.,130.,14.6951703722334));
#3205=CARTESIAN_POINT('',(-30.,130.,44.6951708192682));
#3206=CARTESIAN_POINT('',(15.,130.,44.6951708192682));
#3207=CARTESIAN_POINT('',(-30.,130.,4.69517022322179));
#3208=CARTESIAN_POINT('',(-30.,130.,34.6951706702566));
#3209=CARTESIAN_POINT('',(-15.,130.,4.69517022322179));
#3210=CARTESIAN_POINT('Origin',(-30.,130.,44.695170521245));
#3211=CARTESIAN_POINT('',(-35.,75.0000000000001,44.695170521245));
#3212=CARTESIAN_POINT('',(-35.,130.,44.695170521245));
#3213=CARTESIAN_POINT('Origin',(-30.,75.0000000000001,44.695170521245));
#3214=CARTESIAN_POINT('Origin',(-30.,75.0000000000001,44.6951705212451));
#3215=CARTESIAN_POINT('Origin',(-30.,75.0000000000001,44.6951705212451));
#3216=CARTESIAN_POINT('Origin',(-35.,130.,49.695170521245));
#3217=CARTESIAN_POINT('',(-35.,75.,-0.304829478754951));
#3218=CARTESIAN_POINT('',(-35.,130.,-0.304829478754982));
#3219=CARTESIAN_POINT('',(-35.,75.0000000000001,37.195170521245));
#3220=CARTESIAN_POINT('Origin',(12.907197981576,99.1199978251755,49.695170521245));
#3221=CARTESIAN_POINT('',(25.899999409914,99.1199978251755,44.6951708192683));
#3222=CARTESIAN_POINT('',(12.907197981576,99.1199978251755,44.6951708192683));
#3223=CARTESIAN_POINT('',(21.453598990788,99.1199978251755,44.6951708192683));
#3224=CARTESIAN_POINT('',(25.899999409914,99.1199978251755,49.695170521245));
#3225=CARTESIAN_POINT('',(12.907197981576,99.1199978251755,49.695170521245));
#3226=CARTESIAN_POINT('Origin',(12.907197981576,98.6199978251755,49.695170521245));
#3227=CARTESIAN_POINT('',(12.407197981576,98.6199978251755,44.6951708192683));
#3228=CARTESIAN_POINT('Origin',(12.907197981576,98.6199978251755,44.6951708192682));
#3229=CARTESIAN_POINT('',(12.407197981576,98.6199978251755,49.695170521245));
#3230=CARTESIAN_POINT('Origin',(12.407197981576,85.6199981380999,49.695170521245));
#3231=CARTESIAN_POINT('',(12.407197981576,85.6199981380999,44.6951708192683));
#3232=CARTESIAN_POINT('',(12.407197981576,107.80999906905,44.6951708192683));
#3233=CARTESIAN_POINT('',(12.407197981576,85.6199981380999,49.695170521245));
#3234=CARTESIAN_POINT('Origin',(12.907197981576,85.6199981380999,49.695170521245));
#3235=CARTESIAN_POINT('',(12.907197981576,85.1199981380999,44.6951708192683));
#3236=CARTESIAN_POINT('Origin',(12.907197981576,85.6199981380999,44.6951708192682));
#3237=CARTESIAN_POINT('',(12.907197981576,85.1199981380999,49.695170521245));
#3238=CARTESIAN_POINT('Origin',(25.899999409914,85.1199981380999,49.695170521245));
#3239=CARTESIAN_POINT('',(25.899999409914,85.1199981380999,44.6951708192683));
#3240=CARTESIAN_POINT('',(27.949999704957,85.1199981380999,44.6951708192683));
#3241=CARTESIAN_POINT('',(25.899999409914,85.1199981380999,49.695170521245));
#3242=CARTESIAN_POINT('Origin',(25.899999409914,85.6199981380999,49.695170521245));
#3243=CARTESIAN_POINT('',(26.399999409914,85.6199981380999,44.6951708192683));
#3244=CARTESIAN_POINT('Origin',(25.899999409914,85.6199981380999,44.6951708192682));
#3245=CARTESIAN_POINT('',(26.399999409914,85.6199981380999,49.695170521245));
#3246=CARTESIAN_POINT('Origin',(26.399999409914,98.6199978251755,49.695170521245));
#3247=CARTESIAN_POINT('',(26.399999409914,98.6199978251755,44.6951708192683));
#3248=CARTESIAN_POINT('',(26.399999409914,114.309998912588,44.6951708192682));
#3249=CARTESIAN_POINT('',(26.399999409914,98.6199978251755,49.695170521245));
#3250=CARTESIAN_POINT('Origin',(25.899999409914,98.6199978251755,49.695170521245));
#3251=CARTESIAN_POINT('Origin',(25.899999409914,98.6199978251755,44.6951708192682));
#3252=CARTESIAN_POINT('Origin',(-11.700000590086,123.619997825176,49.695170521245));
#3253=CARTESIAN_POINT('',(-11.700000590086,110.6199981381,44.6951708192683));
#3254=CARTESIAN_POINT('',(-11.700000590086,123.619997825176,44.6951708192682));
#3255=CARTESIAN_POINT('',(-11.700000590086,126.809998912588,44.6951708192682));
#3256=CARTESIAN_POINT('',(-11.700000590086,110.6199981381,49.695170521245));
#3257=CARTESIAN_POINT('',(-11.700000590086,123.619997825176,49.695170521245));
#3258=CARTESIAN_POINT('Origin',(-12.200000590086,123.619997825176,49.695170521245));
#3259=CARTESIAN_POINT('',(-12.200000590086,124.119997825176,44.6951708192682));
#3260=CARTESIAN_POINT('Origin',(-12.200000590086,123.619997825176,44.6951708192682));
#3261=CARTESIAN_POINT('',(-12.200000590086,124.119997825176,49.695170521245));
#3262=CARTESIAN_POINT('Origin',(-25.192802018424,124.119997825176,49.695170521245));
#3263=CARTESIAN_POINT('',(-25.192802018424,124.119997825176,44.6951708192682));
#3264=CARTESIAN_POINT('',(2.403598990788,124.119997825176,44.6951708192682));
#3265=CARTESIAN_POINT('',(-25.192802018424,124.119997825176,49.695170521245));
#3266=CARTESIAN_POINT('Origin',(-25.192802018424,123.619997825176,49.695170521245));
#3267=CARTESIAN_POINT('',(-25.692802018424,123.619997825176,44.6951708192682));
#3268=CARTESIAN_POINT('Origin',(-25.192802018424,123.619997825176,44.6951708192682));
#3269=CARTESIAN_POINT('',(-25.692802018424,123.619997825176,49.695170521245));
#3270=CARTESIAN_POINT('Origin',(-25.692802018424,110.6199981381,49.695170521245));
#3271=CARTESIAN_POINT('',(-25.692802018424,110.6199981381,44.6951708192683));
#3272=CARTESIAN_POINT('',(-25.692802018424,120.30999906905,44.6951708192682));
#3273=CARTESIAN_POINT('',(-25.692802018424,110.6199981381,49.695170521245));
#3274=CARTESIAN_POINT('Origin',(-25.192802018424,110.6199981381,49.695170521245));
#3275=CARTESIAN_POINT('',(-25.192802018424,110.1199981381,44.6951708192683));
#3276=CARTESIAN_POINT('Origin',(-25.192802018424,110.6199981381,44.6951708192682));
#3277=CARTESIAN_POINT('',(-25.192802018424,110.1199981381,49.695170521245));
#3278=CARTESIAN_POINT('Origin',(-12.200000590086,110.1199981381,49.695170521245));
#3279=CARTESIAN_POINT('',(-12.200000590086,110.1199981381,44.6951708192683));
#3280=CARTESIAN_POINT('',(8.899999704957,110.1199981381,44.6951708192683));
#3281=CARTESIAN_POINT('',(-12.200000590086,110.1199981381,49.695170521245));
#3282=CARTESIAN_POINT('Origin',(-12.200000590086,110.6199981381,49.695170521245));
#3283=CARTESIAN_POINT('Origin',(-12.200000590086,110.6199981381,44.6951708192682));
#3284=CARTESIAN_POINT('Origin',(-6.14280201842401,99.1199978251755,49.695170521245));
#3285=CARTESIAN_POINT('',(6.85719798157599,99.1199978251755,44.6951708192683));
#3286=CARTESIAN_POINT('',(-6.14280201842401,99.1199978251755,44.6951708192683));
#3287=CARTESIAN_POINT('',(11.928598990788,99.1199978251755,44.6951708192683));
#3288=CARTESIAN_POINT('',(6.85719798157599,99.1199978251755,49.695170521245));
#3289=CARTESIAN_POINT('',(-6.14280201842401,99.1199978251755,49.695170521245));
#3290=CARTESIAN_POINT('Origin',(-6.142802018424,98.6199978251755,49.695170521245));
#3291=CARTESIAN_POINT('',(-6.64280201842401,98.6199978251755,44.6951708192683));
#3292=CARTESIAN_POINT('Origin',(-6.142802018424,98.6199978251755,44.6951708192682));
#3293=CARTESIAN_POINT('',(-6.64280201842401,98.6199978251755,49.695170521245));
#3294=CARTESIAN_POINT('Origin',(-6.64280201842401,85.6199981380999,49.695170521245));
#3295=CARTESIAN_POINT('',(-6.64280201842401,85.6199981380999,44.6951708192683));
#3296=CARTESIAN_POINT('',(-6.64280201842401,107.80999906905,44.6951708192683));
#3297=CARTESIAN_POINT('',(-6.64280201842401,85.6199981380999,49.695170521245));
#3298=CARTESIAN_POINT('Origin',(-6.142802018424,85.6199981380999,49.695170521245));
#3299=CARTESIAN_POINT('',(-6.14280201842401,85.1199981380999,44.6951708192683));
#3300=CARTESIAN_POINT('Origin',(-6.142802018424,85.6199981380999,44.6951708192682));
#3301=CARTESIAN_POINT('',(-6.14280201842401,85.1199981380999,49.695170521245));
#3302=CARTESIAN_POINT('Origin',(6.85719798157599,85.1199981380999,49.695170521245));
#3303=CARTESIAN_POINT('',(6.85719798157599,85.1199981380999,44.6951708192683));
#3304=CARTESIAN_POINT('',(18.428598990788,85.1199981380999,44.6951708192683));
#3305=CARTESIAN_POINT('',(6.85719798157599,85.1199981380999,49.695170521245));
#3306=CARTESIAN_POINT('Origin',(6.85719798157598,85.6199981380999,49.695170521245));
#3307=CARTESIAN_POINT('',(7.35719798157599,85.6199981380999,44.6951708192683));
#3308=CARTESIAN_POINT('Origin',(6.85719798157598,85.6199981380999,44.6951708192682));
#3309=CARTESIAN_POINT('',(7.35719798157599,85.6199981380999,49.695170521245));
#3310=CARTESIAN_POINT('Origin',(7.35719798157599,98.6199978251755,49.695170521245));
#3311=CARTESIAN_POINT('',(7.35719798157599,98.6199978251755,44.6951708192683));
#3312=CARTESIAN_POINT('',(7.35719798157599,114.309998912588,44.6951708192682));
#3313=CARTESIAN_POINT('',(7.35719798157599,98.6199978251755,49.695170521245));
#3314=CARTESIAN_POINT('Origin',(6.85719798157598,98.6199978251755,49.695170521245));
#3315=CARTESIAN_POINT('Origin',(6.85719798157598,98.6199978251755,44.6951708192682));
#3316=CARTESIAN_POINT('Origin',(26.399999409914,123.619997825176,49.695170521245));
#3317=CARTESIAN_POINT('',(26.399999409914,110.6199981381,44.6951708192683));
#3318=CARTESIAN_POINT('',(26.399999409914,123.619997825176,44.6951708192682));
#3319=CARTESIAN_POINT('',(26.399999409914,126.809998912588,44.6951708192682));
#3320=CARTESIAN_POINT('',(26.399999409914,110.6199981381,49.695170521245));
#3321=CARTESIAN_POINT('',(26.399999409914,123.619997825176,49.695170521245));
#3322=CARTESIAN_POINT('Origin',(25.899999409914,123.619997825176,49.695170521245));
#3323=CARTESIAN_POINT('',(25.899999409914,124.119997825176,44.6951708192682));
#3324=CARTESIAN_POINT('Origin',(25.899999409914,123.619997825176,44.6951708192682));
#3325=CARTESIAN_POINT('',(25.899999409914,124.119997825176,49.695170521245));
#3326=CARTESIAN_POINT('Origin',(12.907197981576,124.119997825176,49.695170521245));
#3327=CARTESIAN_POINT('',(12.907197981576,124.119997825176,44.6951708192682));
#3328=CARTESIAN_POINT('',(21.453598990788,124.119997825176,44.6951708192682));
#3329=CARTESIAN_POINT('',(12.907197981576,124.119997825176,49.695170521245));
#3330=CARTESIAN_POINT('Origin',(12.907197981576,123.619997825176,49.695170521245));
#3331=CARTESIAN_POINT('',(12.407197981576,123.619997825176,44.6951708192682));
#3332=CARTESIAN_POINT('Origin',(12.907197981576,123.619997825176,44.6951708192682));
#3333=CARTESIAN_POINT('',(12.407197981576,123.619997825176,49.695170521245));
#3334=CARTESIAN_POINT('Origin',(12.407197981576,110.6199981381,49.695170521245));
#3335=CARTESIAN_POINT('',(12.407197981576,110.6199981381,44.6951708192683));
#3336=CARTESIAN_POINT('',(12.407197981576,120.30999906905,44.6951708192682));
#3337=CARTESIAN_POINT('',(12.407197981576,110.6199981381,49.695170521245));
#3338=CARTESIAN_POINT('Origin',(12.907197981576,110.6199981381,49.695170521245));
#3339=CARTESIAN_POINT('',(12.907197981576,110.1199981381,44.6951708192683));
#3340=CARTESIAN_POINT('Origin',(12.907197981576,110.6199981381,44.6951708192682));
#3341=CARTESIAN_POINT('',(12.907197981576,110.1199981381,49.695170521245));
#3342=CARTESIAN_POINT('Origin',(25.899999409914,110.1199981381,49.695170521245));
#3343=CARTESIAN_POINT('',(25.899999409914,110.1199981381,44.6951708192683));
#3344=CARTESIAN_POINT('',(27.949999704957,110.1199981381,44.6951708192683));
#3345=CARTESIAN_POINT('',(25.899999409914,110.1199981381,49.695170521245));
#3346=CARTESIAN_POINT('Origin',(25.899999409914,110.6199981381,49.695170521245));
#3347=CARTESIAN_POINT('Origin',(25.899999409914,110.6199981381,44.6951708192682));
#3348=CARTESIAN_POINT('Origin',(-6.09280201842401,124.119997825176,49.695170521245));
#3349=CARTESIAN_POINT('',(6.89999940991401,124.119997825176,44.6951708192682));
#3350=CARTESIAN_POINT('',(-6.09280201842401,124.119997825176,44.6951708192682));
#3351=CARTESIAN_POINT('',(11.953598990788,124.119997825176,44.6951708192682));
#3352=CARTESIAN_POINT('',(6.89999940991401,124.119997825176,49.695170521245));
#3353=CARTESIAN_POINT('',(-6.09280201842401,124.119997825176,49.695170521245));
#3354=CARTESIAN_POINT('Origin',(-6.09280201842399,123.619997825176,49.695170521245));
#3355=CARTESIAN_POINT('',(-6.59280201842401,123.619997825176,44.6951708192682));
#3356=CARTESIAN_POINT('Origin',(-6.09280201842399,123.619997825176,44.6951708192682));
#3357=CARTESIAN_POINT('',(-6.59280201842401,123.619997825176,49.695170521245));
#3358=CARTESIAN_POINT('Origin',(-6.59280201842401,110.6199981381,49.695170521245));
#3359=CARTESIAN_POINT('',(-6.59280201842401,110.6199981381,44.6951708192683));
#3360=CARTESIAN_POINT('',(-6.592802018424,120.30999906905,44.6951708192682));
#3361=CARTESIAN_POINT('',(-6.59280201842401,110.6199981381,49.695170521245));
#3362=CARTESIAN_POINT('Origin',(-6.09280201842399,110.6199981381,49.695170521245));
#3363=CARTESIAN_POINT('',(-6.09280201842401,110.1199981381,44.6951708192683));
#3364=CARTESIAN_POINT('Origin',(-6.09280201842399,110.6199981381,44.6951708192682));
#3365=CARTESIAN_POINT('',(-6.09280201842401,110.1199981381,49.695170521245));
#3366=CARTESIAN_POINT('Origin',(6.89999940991401,110.1199981381,49.695170521245));
#3367=CARTESIAN_POINT('',(6.89999940991401,110.1199981381,44.6951708192683));
#3368=CARTESIAN_POINT('',(18.449999704957,110.1199981381,44.6951708192683));
#3369=CARTESIAN_POINT('',(6.89999940991401,110.1199981381,49.695170521245));
#3370=CARTESIAN_POINT('Origin',(6.89999940991401,110.6199981381,49.695170521245));
#3371=CARTESIAN_POINT('',(7.39999940991402,110.6199981381,44.6951708192683));
#3372=CARTESIAN_POINT('Origin',(6.89999940991401,110.6199981381,44.6951708192682));
#3373=CARTESIAN_POINT('',(7.39999940991402,110.6199981381,49.695170521245));
#3374=CARTESIAN_POINT('Origin',(7.39999940991402,123.619997825176,49.695170521245));
#3375=CARTESIAN_POINT('',(7.39999940991402,123.619997825176,44.6951708192682));
#3376=CARTESIAN_POINT('',(7.39999940991402,126.809998912588,44.6951708192682));
#3377=CARTESIAN_POINT('',(7.39999940991402,123.619997825176,49.695170521245));
#3378=CARTESIAN_POINT('Origin',(6.89999940991401,123.619997825176,49.695170521245));
#3379=CARTESIAN_POINT('Origin',(6.89999940991401,123.619997825176,44.6951708192682));
#3380=CARTESIAN_POINT('Origin',(-25.7000002771616,85.6199981380999,49.695170521245));
#3381=CARTESIAN_POINT('',(-25.7000002771616,98.6199978251755,44.6951708192683));
#3382=CARTESIAN_POINT('',(-25.7000002771616,85.6199981380999,44.6951708192683));
#3383=CARTESIAN_POINT('',(-25.7000002771616,107.80999906905,44.6951708192683));
#3384=CARTESIAN_POINT('',(-25.7000002771616,98.6199978251755,49.695170521245));
#3385=CARTESIAN_POINT('',(-25.7000002771616,85.6199981380999,49.695170521245));
#3386=CARTESIAN_POINT('Origin',(-25.2000002771616,85.6199981380999,49.695170521245));
#3387=CARTESIAN_POINT('',(-25.2000002771616,85.1199981380999,44.6951708192683));
#3388=CARTESIAN_POINT('Origin',(-25.2000002771616,85.6199981380999,44.6951708192682));
#3389=CARTESIAN_POINT('',(-25.2000002771616,85.1199981380999,49.695170521245));
#3390=CARTESIAN_POINT('Origin',(-12.192802018424,85.1199981380999,49.695170521245));
#3391=CARTESIAN_POINT('',(-12.192802018424,85.1199981380999,44.6951708192683));
#3392=CARTESIAN_POINT('',(8.90359899078799,85.1199981380999,44.6951708192683));
#3393=CARTESIAN_POINT('',(-12.192802018424,85.1199981380999,49.695170521245));
#3394=CARTESIAN_POINT('Origin',(-12.192802018424,85.6199981380999,49.695170521245));
#3395=CARTESIAN_POINT('',(-11.692802018424,85.6199981380999,44.6951708192683));
#3396=CARTESIAN_POINT('Origin',(-12.192802018424,85.6199981380999,44.6951708192682));
#3397=CARTESIAN_POINT('',(-11.692802018424,85.6199981380999,49.695170521245));
#3398=CARTESIAN_POINT('Origin',(-11.692802018424,98.6199978251755,49.695170521245));
#3399=CARTESIAN_POINT('',(-11.692802018424,98.6199978251755,44.6951708192683));
#3400=CARTESIAN_POINT('',(-11.692802018424,114.309998912588,44.6951708192682));
#3401=CARTESIAN_POINT('',(-11.692802018424,98.6199978251755,49.695170521245));
#3402=CARTESIAN_POINT('Origin',(-12.192802018424,98.6199978251755,49.695170521245));
#3403=CARTESIAN_POINT('',(-12.192802018424,99.1199978251755,44.6951708192683));
#3404=CARTESIAN_POINT('Origin',(-12.192802018424,98.6199978251755,44.6951708192682));
#3405=CARTESIAN_POINT('',(-12.192802018424,99.1199978251755,49.695170521245));
#3406=CARTESIAN_POINT('Origin',(-25.2000002771616,99.1199978251755,49.695170521245));
#3407=CARTESIAN_POINT('',(-25.2000002771616,99.1199978251755,44.6951708192683));
#3408=CARTESIAN_POINT('',(2.39999986141921,99.1199978251755,44.6951708192683));
#3409=CARTESIAN_POINT('',(-25.2000002771616,99.1199978251755,49.695170521245));
#3410=CARTESIAN_POINT('Origin',(-25.2000002771616,98.6199978251755,49.695170521245));
#3411=CARTESIAN_POINT('Origin',(-25.2000002771616,98.6199978251755,44.6951708192682));
#3412=CARTESIAN_POINT('Origin',(-30.,75.0000000000001,37.195170521245));
#3413=CARTESIAN_POINT('',(-30.,70.,-0.304829478754951));
#3414=CARTESIAN_POINT('Origin',(-30.,75.,-0.304829478754969));
#3415=CARTESIAN_POINT('',(-30.,70.0000000000001,37.195170521245));
#3416=CARTESIAN_POINT('Origin',(30.,130.,44.6951708192682));
#3417=CARTESIAN_POINT('',(30.,72.0000000000001,44.6951708192683));
#3418=CARTESIAN_POINT('',(30.,130.,44.6951708192682));
#3419=CARTESIAN_POINT('',(-30.,72.0000000000001,44.6951708192683));
#3420=CARTESIAN_POINT('',(-30.,72.0000000000001,44.6951708192683));
#3421=CARTESIAN_POINT('',(-30.,130.,44.6951708192682));
#3422=CARTESIAN_POINT('Origin',(-17.9999997764826,87.43,4.6951702232218));
#3423=CARTESIAN_POINT('',(18.0000002235174,87.43,4.6951702232218));
#3424=CARTESIAN_POINT('',(-18.9999997764826,87.43,4.6951702232218));
#3425=CARTESIAN_POINT('',(-23.9999998882413,87.43,4.6951702232218));
#3426=CARTESIAN_POINT('',(18.0000002235174,87.43,8.6951702232218));
#3427=CARTESIAN_POINT('',(18.0000002235174,87.43,4.6951702232218));
#3428=CARTESIAN_POINT('',(-18.9999997764826,87.43,8.6951702232218));
#3429=CARTESIAN_POINT('',(-17.9999997764826,87.43,8.6951702232218));
#3430=CARTESIAN_POINT('',(-18.9999997764826,87.43,4.6951702232218));
#3431=CARTESIAN_POINT('Origin',(-18.9999997764826,95.,4.6951702232218));
#3432=CARTESIAN_POINT('',(-18.9999997764826,95.,4.6951702232218));
#3433=CARTESIAN_POINT('',(-18.9999997764826,112.5,4.6951702232218));
#3434=CARTESIAN_POINT('',(-18.9999997764826,95.,8.6951702232218));
#3435=CARTESIAN_POINT('',(-18.9999997764826,95.,8.6951702232218));
#3436=CARTESIAN_POINT('',(-18.9999997764826,95.,4.6951702232218));
#3437=CARTESIAN_POINT('Origin',(17.0000002235174,95.,4.6951702232218));
#3438=CARTESIAN_POINT('',(18.0000002235174,95.,4.6951702232218));
#3439=CARTESIAN_POINT('',(-6.49999988824129,95.,4.6951702232218));
#3440=CARTESIAN_POINT('',(18.0000002235174,95.,8.6951702232218));
#3441=CARTESIAN_POINT('',(17.0000002235174,95.,8.6951702232218));
#3442=CARTESIAN_POINT('',(18.0000002235174,95.,4.6951702232218));
#3443=CARTESIAN_POINT('Origin',(18.0000002235174,87.43,4.6951702232218));
#3444=CARTESIAN_POINT('',(18.0000002235174,108.715,4.6951702232218));
#3445=CARTESIAN_POINT('',(18.0000002235174,87.43,8.6951702232218));
#3446=CARTESIAN_POINT('Origin',(-0.499999776482583,91.215,8.6951702232218));
#3447=CARTESIAN_POINT('Origin',(30.,75.0000000000001,12.195170521245));
#3448=CARTESIAN_POINT('',(30.,70.,-0.304829478754951));
#3449=CARTESIAN_POINT('',(30.,70.0000000000001,12.195170521245));
#3450=CARTESIAN_POINT('',(35.,75.,-0.304829478754951));
#3451=CARTESIAN_POINT('Origin',(30.,75.,-0.304829478754951));
#3452=CARTESIAN_POINT('',(35.,75.0000000000001,12.195170521245));
#3453=CARTESIAN_POINT('Origin',(0.,70.0000000000001,24.695170521245));
#3454=CARTESIAN_POINT('',(-35.,70.,-0.304829478754951));
#3455=CARTESIAN_POINT('',(-21.75,70.,43.695170521245));
#3456=CARTESIAN_POINT('',(21.75,70.,43.695170521245));
#3457=CARTESIAN_POINT('',(10.875,70.,43.695170521245));
#3458=CARTESIAN_POINT('',(21.75,70.0000000000001,5.69517052124505));
#3459=CARTESIAN_POINT('',(21.75,70.0000000000001,15.195170521245));
#3460=CARTESIAN_POINT('',(-21.75,70.0000000000001,5.69517052124505));
#3461=CARTESIAN_POINT('',(-10.875,70.0000000000001,5.69517052124505));
#3462=CARTESIAN_POINT('',(-21.75,70.0000000000001,34.195170521245));
#3463=CARTESIAN_POINT('Origin',(-35.,130.,-0.304829478754982));
#3464=CARTESIAN_POINT('',(35.,130.,-0.304829478754982));
#3465=CARTESIAN_POINT('Origin',(-21.75,130.,5.69517052124501));
#3466=CARTESIAN_POINT('',(-21.75,72.,5.69517052124505));
#3467=CARTESIAN_POINT('',(21.75,72.,5.69517052124505));
#3468=CARTESIAN_POINT('',(-10.875,72.,5.69517052124505));
#3469=CARTESIAN_POINT('',(-21.75,130.,5.69517052124501));
#3470=CARTESIAN_POINT('',(21.75,130.,5.69517052124501));
#3471=CARTESIAN_POINT('Origin',(21.75,130.,5.69517052124501));
#3472=CARTESIAN_POINT('',(21.75,72.,43.695170521245));
#3473=CARTESIAN_POINT('',(21.75,72.,15.195170521245));
#3474=CARTESIAN_POINT('',(21.75,130.,43.695170521245));
#3475=CARTESIAN_POINT('Origin',(21.75,130.,43.695170521245));
#3476=CARTESIAN_POINT('',(-21.75,72.,43.695170521245));
#3477=CARTESIAN_POINT('',(10.875,72.,43.695170521245));
#3478=CARTESIAN_POINT('',(-21.75,130.,43.695170521245));
#3479=CARTESIAN_POINT('Origin',(-21.75,130.,43.695170521245));
#3480=CARTESIAN_POINT('',(-21.75,72.,34.195170521245));
#3481=CARTESIAN_POINT('Origin',(30.,130.,4.69517022322179));
#3482=CARTESIAN_POINT('',(30.,72.,4.69517022322183));
#3483=CARTESIAN_POINT('',(30.,130.,4.69517022322179));
#3484=CARTESIAN_POINT('',(30.,72.0000000000001,44.6951708192683));
#3485=CARTESIAN_POINT('Origin',(-30.,130.,4.69517022322179));
#3486=CARTESIAN_POINT('',(-30.,72.,4.69517022322183));
#3487=CARTESIAN_POINT('',(-30.,130.,4.69517022322179));
#3488=CARTESIAN_POINT('',(30.,72.,4.69517022322183));
#3489=CARTESIAN_POINT('Origin',(-30.,130.,44.6951708192682));
#3490=CARTESIAN_POINT('',(-30.,72.,4.69517022322183));
#3491=CARTESIAN_POINT('Origin',(0.,72.,24.695170521245));
#3492=CARTESIAN_POINT('Origin',(35.,130.,-0.304829478754982));
#3493=CARTESIAN_POINT('Origin',(18.0000002235174,95.,4.6951702232218));
#3494=CARTESIAN_POINT('',(18.0000002235174,130.000000521541,4.6951702232218));
#3495=CARTESIAN_POINT('',(18.0000002235174,95.,4.6951702232218));
#3496=CARTESIAN_POINT('',(18.0000002235174,130.000000521541,4.6951702232218));
#3497=CARTESIAN_POINT('',(18.0000002235174,130.000000521541,8.6951702232218));
#3498=CARTESIAN_POINT('',(18.0000002235174,130.000000521541,4.6951702232218));
#3499=CARTESIAN_POINT('',(18.0000002235174,95.,8.6951702232218));
#3500=CARTESIAN_POINT('',(18.0000002235174,130.000000521541,8.6951702232218));
#3501=CARTESIAN_POINT('',(18.0000002235174,95.,4.6951702232218));
#3502=CARTESIAN_POINT('Origin',(12.0000002235174,95.,4.6951702232218));
#3503=CARTESIAN_POINT('',(13.0000002235174,95.,4.6951702232218));
#3504=CARTESIAN_POINT('',(17.0000002235174,95.,4.6951702232218));
#3505=CARTESIAN_POINT('',(13.0000002235174,95.,8.6951702232218));
#3506=CARTESIAN_POINT('',(17.0000002235174,95.,8.6951702232218));
#3507=CARTESIAN_POINT('',(13.0000002235174,95.,4.6951702232218));
#3508=CARTESIAN_POINT('Origin',(13.0000002235174,130.000000521541,4.6951702232218));
#3509=CARTESIAN_POINT('',(13.0000002235174,130.000000521541,4.6951702232218));
#3510=CARTESIAN_POINT('',(13.0000002235174,95.,4.6951702232218));
#3511=CARTESIAN_POINT('',(13.0000002235174,130.000000521541,8.6951702232218));
#3512=CARTESIAN_POINT('',(13.0000002235174,95.,8.6951702232218));
#3513=CARTESIAN_POINT('',(13.0000002235174,130.000000521541,4.6951702232218));
#3514=CARTESIAN_POINT('Origin',(17.0000002235174,130.000000521541,4.6951702232218));
#3515=CARTESIAN_POINT('',(12.0000002235174,130.000000521541,4.6951702232218));
#3516=CARTESIAN_POINT('',(12.0000002235174,130.000000521541,8.6951702232218));
#3517=CARTESIAN_POINT('Origin',(14.5000002235174,112.50000026077,8.6951702232218));
#3518=CARTESIAN_POINT('Origin',(14.5000002235174,112.50000026077,4.6951702232218));
#3519=CARTESIAN_POINT('Origin',(-13.9999997764826,95.,4.6951702232218));
#3520=CARTESIAN_POINT('',(-13.9999997764826,130.000000521541,4.6951702232218));
#3521=CARTESIAN_POINT('',(-13.9999997764826,95.,4.6951702232218));
#3522=CARTESIAN_POINT('',(-13.9999997764826,130.000000521541,4.6951702232218));
#3523=CARTESIAN_POINT('',(-13.9999997764826,130.000000521541,8.6951702232218));
#3524=CARTESIAN_POINT('',(-13.9999997764826,130.000000521541,4.6951702232218));
#3525=CARTESIAN_POINT('',(-13.9999997764826,95.,8.6951702232218));
#3526=CARTESIAN_POINT('',(-13.9999997764826,130.000000521541,8.6951702232218));
#3527=CARTESIAN_POINT('',(-13.9999997764826,95.,4.6951702232218));
#3528=CARTESIAN_POINT('Origin',(-17.9999997764826,95.,4.6951702232218));
#3529=CARTESIAN_POINT('',(-18.9999997764826,95.,4.6951702232218));
#3530=CARTESIAN_POINT('',(-12.9999997764826,95.,4.6951702232218));
#3531=CARTESIAN_POINT('',(-18.9999997764826,95.,8.6951702232218));
#3532=CARTESIAN_POINT('',(-12.9999997764826,95.,8.6951702232218));
#3533=CARTESIAN_POINT('',(-18.9999997764826,95.,4.6951702232218));
#3534=CARTESIAN_POINT('Origin',(-18.9999997764826,130.000000521541,4.6951702232218));
#3535=CARTESIAN_POINT('',(-18.9999997764826,130.000000521541,4.6951702232218));
#3536=CARTESIAN_POINT('',(-18.9999997764826,95.,4.6951702232218));
#3537=CARTESIAN_POINT('',(-18.9999997764826,130.000000521541,8.6951702232218));
#3538=CARTESIAN_POINT('',(-18.9999997764826,95.,8.6951702232218));
#3539=CARTESIAN_POINT('',(-18.9999997764826,130.000000521541,4.6951702232218));
#3540=CARTESIAN_POINT('Origin',(-12.9999997764826,130.000000521541,4.6951702232218));
#3541=CARTESIAN_POINT('',(-17.9999997764826,130.000000521541,4.6951702232218));
#3542=CARTESIAN_POINT('',(-17.9999997764826,130.000000521541,8.6951702232218));
#3543=CARTESIAN_POINT('Origin',(-15.4999997764826,112.50000026077,8.6951702232218));
#3544=CARTESIAN_POINT('Origin',(-15.4999997764826,112.50000026077,4.6951702232218));
#3545=CARTESIAN_POINT('Origin',(18.0000002235174,95.,8.6951702232218));
#3546=CARTESIAN_POINT('',(18.0000002235174,130.000000521541,8.6951702232218));
#3547=CARTESIAN_POINT('',(18.0000002235174,87.43,8.6951702232218));
#3548=CARTESIAN_POINT('',(18.0000002235174,130.000000521541,8.6951702232218));
#3549=CARTESIAN_POINT('',(18.0000002235174,130.000000521541,9.6951702232218));
#3550=CARTESIAN_POINT('',(18.0000002235174,130.000000521541,8.6951702232218));
#3551=CARTESIAN_POINT('',(18.0000002235174,87.43,9.6951702232218));
#3552=CARTESIAN_POINT('',(18.0000002235174,130.000000521541,9.6951702232218));
#3553=CARTESIAN_POINT('',(18.0000002235174,87.43,8.6951702232218));
#3554=CARTESIAN_POINT('Origin',(-14.0000002086163,87.43,8.6951702232218));
#3555=CARTESIAN_POINT('',(-19.0000002086163,87.43,8.6951702232218));
#3556=CARTESIAN_POINT('',(13.0000002235174,87.43,8.6951702232218));
#3557=CARTESIAN_POINT('',(-19.0000002086163,87.43,9.6951702232218));
#3558=CARTESIAN_POINT('',(13.0000002235174,87.43,9.6951702232218));
#3559=CARTESIAN_POINT('',(-19.0000002086163,87.43,8.6951702232218));
#3560=CARTESIAN_POINT('Origin',(-19.0000002086163,130.000000521541,8.6951702232218));
#3561=CARTESIAN_POINT('',(-19.0000002086163,130.000000521541,8.6951702232218));
#3562=CARTESIAN_POINT('',(-19.0000002086163,95.,8.6951702232218));
#3563=CARTESIAN_POINT('',(-19.0000002086163,130.000000521541,9.6951702232218));
#3564=CARTESIAN_POINT('',(-19.0000002086163,95.,9.6951702232218));
#3565=CARTESIAN_POINT('',(-19.0000002086163,130.000000521541,8.6951702232218));
#3566=CARTESIAN_POINT('Origin',(13.0000002235174,130.000000521541,8.6951702232218));
#3567=CARTESIAN_POINT('',(-14.0000002086163,130.000000521541,8.6951702232218));
#3568=CARTESIAN_POINT('',(-14.0000002086163,130.000000521541,9.6951702232218));
#3569=CARTESIAN_POINT('Origin',(-0.499999992549418,112.50000026077,9.6951702232218));
#3570=CARTESIAN_POINT('Origin',(-0.499999992549418,112.50000026077,8.6951702232218));
#3571=CARTESIAN_POINT('Origin',(-71.1081632193719,120.375065772803,17.106833783834));
#3572=CARTESIAN_POINT('',(-70.1081632193719,120.375065772803,17.106833783834));
#3573=CARTESIAN_POINT('',(-71.1081632193719,121.375065772803,17.106833783834));
#3574=CARTESIAN_POINT('Origin',(-71.1081632193719,120.375065772803,17.106833783834));
#3575=CARTESIAN_POINT('',(-71.1081632193719,121.375065772803,15.106833783834));
#3576=CARTESIAN_POINT('',(-71.1081632193719,121.375065772803,17.106833783834));
#3577=CARTESIAN_POINT('',(-70.1081632193719,120.375065772803,15.106833783834));
#3578=CARTESIAN_POINT('Origin',(-71.1081632193719,120.375065772803,15.106833783834));
#3579=CARTESIAN_POINT('',(-70.1081632193719,120.375065772803,17.106833783834));
#3580=CARTESIAN_POINT('Origin',(-69.9081632193719,121.375065772803,17.106833783834));
#3581=CARTESIAN_POINT('',(-78.2840887526765,121.375065772803,17.106833783834));
#3582=CARTESIAN_POINT('',(-96.3340898840937,121.375065772803,17.106833783834));
#3583=CARTESIAN_POINT('',(-78.2840887526765,121.375065772803,15.106833783834));
#3584=CARTESIAN_POINT('',(-78.2840887526765,121.375065772803,17.106833783834));
#3585=CARTESIAN_POINT('',(-96.3340898840937,121.375065772803,15.106833783834));
#3586=CARTESIAN_POINT('Origin',(-78.2840887526765,120.375065772803,17.106833783834));
#3587=CARTESIAN_POINT('',(-79.2840887526765,120.375065772803,17.106833783834));
#3588=CARTESIAN_POINT('Origin',(-78.2840887526765,120.375065772803,17.106833783834));
#3589=CARTESIAN_POINT('',(-79.2840887526765,120.375065772803,15.106833783834));
#3590=CARTESIAN_POINT('',(-79.2840887526765,120.375065772803,17.106833783834));
#3591=CARTESIAN_POINT('Origin',(-78.2840887526765,120.375065772803,15.106833783834));
#3592=CARTESIAN_POINT('Origin',(-79.2840887526765,120.675065772803,17.106833783834));
#3593=CARTESIAN_POINT('',(-79.2840887526765,119.020066226585,17.106833783834));
#3594=CARTESIAN_POINT('',(-79.2840887526765,121.6750658203,17.106833783834));
#3595=CARTESIAN_POINT('',(-79.2840887526765,119.020066226585,15.106833783834));
#3596=CARTESIAN_POINT('',(-79.2840887526765,119.020066226585,17.106833783834));
#3597=CARTESIAN_POINT('',(-79.2840887526765,121.6750658203,15.106833783834));
#3598=CARTESIAN_POINT('Origin',(-70.1081632193719,119.320066226585,17.106833783834));
#3599=CARTESIAN_POINT('',(-70.1081632193719,119.020066226585,15.106833783834));
#3600=CARTESIAN_POINT('',(-70.1081632193719,119.320066226585,15.106833783834));
#3601=CARTESIAN_POINT('',(-70.1081632193719,119.020066226585,17.106833783834));
#3602=CARTESIAN_POINT('',(-70.1081632193719,119.020066226585,17.106833783834));
#3603=CARTESIAN_POINT('',(-70.1081632193719,119.320066226585,17.106833783834));
#3604=CARTESIAN_POINT('Origin',(-71.3081632193719,119.020066226585,17.106833783834));
#3605=CARTESIAN_POINT('',(-71.3081632193719,117.820066226585,15.106833783834));
#3606=CARTESIAN_POINT('Origin',(-71.3081632193719,119.020066226585,15.106833783834));
#3607=CARTESIAN_POINT('',(-71.3081632193719,117.820066226585,17.106833783834));
#3608=CARTESIAN_POINT('',(-71.3081632193719,117.820066226585,17.106833783834));
#3609=CARTESIAN_POINT('Origin',(-71.3081632193719,119.020066226585,17.106833783834));
#3610=CARTESIAN_POINT('Origin',(-77.7840887526765,117.820066226585,17.106833783834));
#3611=CARTESIAN_POINT('',(-78.0840887526765,117.820066226585,15.106833783834));
#3612=CARTESIAN_POINT('',(-77.7840887526765,117.820066226585,15.106833783834));
#3613=CARTESIAN_POINT('',(-78.0840887526765,117.820066226585,17.106833783834));
#3614=CARTESIAN_POINT('',(-78.0840887526765,117.820066226585,17.106833783834));
#3615=CARTESIAN_POINT('',(-77.7840887526765,117.820066226585,17.106833783834));
#3616=CARTESIAN_POINT('Origin',(-78.0840887526765,119.020066226585,17.106833783834));
#3617=CARTESIAN_POINT('Origin',(-78.0840887526765,119.020066226585,17.106833783834));
#3618=CARTESIAN_POINT('Origin',(-78.0840887526765,119.020066226585,15.106833783834));
#3619=CARTESIAN_POINT('Origin',(-43.5840888510241,126.370066043301,12.106833783834));
#3620=CARTESIAN_POINT('',(-39.5840888510241,126.370066043301,15.106833783834));
#3621=CARTESIAN_POINT('',(-43.5840888510241,126.370066043301,17.106833783834));
#3622=CARTESIAN_POINT('Origin',(-43.5840888510241,126.370066043301,12.106833783834));
#3623=CARTESIAN_POINT('',(-43.5840888510241,81.3700660433009,17.106833783834));
#3624=CARTESIAN_POINT('',(-43.5840888510241,126.370066043301,17.106833783834));
#3625=CARTESIAN_POINT('',(-39.5840888510241,81.3700660433009,15.106833783834));
#3626=CARTESIAN_POINT('Origin',(-43.5840888510241,81.3700660433009,12.106833783834));
#3627=CARTESIAN_POINT('',(-39.5840888510241,126.370066043301,15.106833783834));
#3628=CARTESIAN_POINT('Ctrl Pts',(-39.5840888510241,81.3700660433009,15.106833783834));
#3629=CARTESIAN_POINT('Ctrl Pts',(-39.5840888510241,76.3700660433009,15.106833783834));
#3630=CARTESIAN_POINT('Ctrl Pts',(-44.5840888510241,76.3700660433009,15.106833783834));
#3631=CARTESIAN_POINT('Ctrl Pts',(-41.0840888510241,81.3700660433009,17.106833783834));
#3632=CARTESIAN_POINT('Ctrl Pts',(-41.0840888510241,77.8700660433009,17.106833783834));
#3633=CARTESIAN_POINT('Ctrl Pts',(-44.5840888510241,77.8700660433009,17.106833783834));
#3634=CARTESIAN_POINT('Ctrl Pts',(-43.5840888510241,81.3700660433009,17.106833783834));
#3635=CARTESIAN_POINT('Ctrl Pts',(-43.5840888510241,80.3700660433009,17.106833783834));
#3636=CARTESIAN_POINT('Ctrl Pts',(-44.5840888510241,80.3700660433009,17.106833783834));
#3637=CARTESIAN_POINT('',(-44.5840888510241,80.3700660433009,17.106833783834));
#3638=CARTESIAN_POINT('',(-44.5840888510241,76.3700660433009,15.106833783834));
#3639=CARTESIAN_POINT('Origin',(-44.5840888510241,80.3700660433009,12.106833783834));
#3640=CARTESIAN_POINT('Origin',(-44.5840888510241,81.3700660433009,15.106833783834));
#3641=CARTESIAN_POINT('Origin',(-44.5840888510241,81.3700660433009,17.106833783834));
#3642=CARTESIAN_POINT('Origin',(-39.5840888510241,80.3700660433009,12.106833783834));
#3643=CARTESIAN_POINT('',(-104.584088851024,80.3700660433009,17.106833783834));
#3644=CARTESIAN_POINT('',(-104.584088851024,76.3700660433009,15.106833783834));
#3645=CARTESIAN_POINT('Origin',(-104.584088851024,80.3700660433009,12.106833783834));
#3646=CARTESIAN_POINT('',(-39.5840888510241,76.3700660433009,15.106833783834));
#3647=CARTESIAN_POINT('',(-39.5840888510241,80.3700660433009,17.106833783834));
#3648=CARTESIAN_POINT('Ctrl Pts',(-104.584088851024,76.3700660433009,15.106833783834));
#3649=CARTESIAN_POINT('Ctrl Pts',(-109.584088851024,76.3700660433009,15.106833783834));
#3650=CARTESIAN_POINT('Ctrl Pts',(-109.584088851024,81.3700660433009,15.106833783834));
#3651=CARTESIAN_POINT('Ctrl Pts',(-104.584088851024,77.8700660433009,17.106833783834));
#3652=CARTESIAN_POINT('Ctrl Pts',(-108.084088851024,77.8700660433009,17.106833783834));
#3653=CARTESIAN_POINT('Ctrl Pts',(-108.084088851024,81.3700660433009,17.106833783834));
#3654=CARTESIAN_POINT('Ctrl Pts',(-104.584088851024,80.3700660433009,17.106833783834));
#3655=CARTESIAN_POINT('Ctrl Pts',(-105.584088851024,80.3700660433009,17.106833783834));
#3656=CARTESIAN_POINT('Ctrl Pts',(-105.584088851024,81.3700660433009,17.106833783834));
#3657=CARTESIAN_POINT('',(-105.584088851024,81.3700660433009,17.106833783834));
#3658=CARTESIAN_POINT('',(-109.584088851024,81.3700660433009,15.1068337838339));
#3659=CARTESIAN_POINT('Origin',(-105.584088851024,81.3700660433009,12.106833783834));
#3660=CARTESIAN_POINT('Origin',(-104.584088851024,81.3700660433009,15.106833783834));
#3661=CARTESIAN_POINT('Origin',(-104.584088851024,81.3700660433009,17.106833783834));
#3662=CARTESIAN_POINT('Origin',(-105.584088851024,76.3700660433009,12.106833783834));
#3663=CARTESIAN_POINT('',(-105.584088851024,126.370066043301,17.106833783834));
#3664=CARTESIAN_POINT('',(-109.584088851024,126.370066043301,15.106833783834));
#3665=CARTESIAN_POINT('Origin',(-105.584088851024,126.370066043301,12.106833783834));
#3666=CARTESIAN_POINT('',(-109.584088851024,76.3700660433009,15.1068337838339));
#3667=CARTESIAN_POINT('',(-105.584088851024,76.3700660433009,17.106833783834));
#3668=CARTESIAN_POINT('Origin',(-74.5840896106341,101.672566396437,17.106833783834));
#3669=CARTESIAN_POINT('',(-39.5840888510241,126.370066043301,17.106833783834));
#3670=CARTESIAN_POINT('',(-46.5840888510241,121.6750658203,17.106833783834));
#3671=CARTESIAN_POINT('',(-50.8340893371745,121.6750658203,17.106833783834));
#3672=CARTESIAN_POINT('',(-104.584090275948,121.6750658203,17.106833783834));
#3673=CARTESIAN_POINT('',(-46.5840888510241,83.6700670424237,17.106833783834));
#3674=CARTESIAN_POINT('',(-46.5840888510241,91.6713167194306,17.106833783834));
#3675=CARTESIAN_POINT('',(-101.584090275948,83.6700670424237,17.106833783834));
#3676=CARTESIAN_POINT('',(-44.5840895215764,83.6700670424237,17.106833783834));
#3677=CARTESIAN_POINT('',(-101.584090275948,121.6750658203,17.106833783834));
#3678=CARTESIAN_POINT('',(-101.584090275948,81.6700670424238,17.106833783834));
#3679=CARTESIAN_POINT('',(-98.3340898840937,121.6750658203,17.106833783834));
#3680=CARTESIAN_POINT('',(-104.584090275948,121.6750658203,17.106833783834));
#3681=CARTESIAN_POINT('',(-98.3340898840937,84.670067020072,17.106833783834));
#3682=CARTESIAN_POINT('',(-98.3340898840937,82.670067020072,17.106833783834));
#3683=CARTESIAN_POINT('',(-50.8340893371745,84.670067020072,17.106833783834));
#3684=CARTESIAN_POINT('',(-52.8340893371745,84.670067020072,17.106833783834));
#3685=CARTESIAN_POINT('',(-50.8340893371745,111.17381608462,17.106833783834));
#3686=CARTESIAN_POINT('Origin',(-109.584088851024,126.370066043301,17.106833783834));
#3687=CARTESIAN_POINT('',(-109.584088851024,126.370066043301,15.106833783834));
#3688=CARTESIAN_POINT('Origin',(-74.5840896106341,101.672566396437,15.106833783834));
#3689=CARTESIAN_POINT('Origin',(-46.5840888510241,81.6700670424238,15.106833783834));
#3690=CARTESIAN_POINT('',(-46.5840888510241,121.6750658203,19.106833783834));
#3691=CARTESIAN_POINT('',(-46.5840888510241,121.6750658203,15.106833783834));
#3692=CARTESIAN_POINT('',(-46.5840888510241,83.6700670424237,19.106833783834));
#3693=CARTESIAN_POINT('',(-46.5840888510241,121.6750658203,19.106833783834));
#3694=CARTESIAN_POINT('',(-46.5840888510241,83.6700670424237,15.106833783834));
#3695=CARTESIAN_POINT('Origin',(-50.8340893371745,120.675065772803,15.106833783834));
#3696=CARTESIAN_POINT('',(-50.8340893371745,84.670067020072,19.106833783834));
#3697=CARTESIAN_POINT('',(-50.8340893371745,84.670067020072,15.106833783834));
#3698=CARTESIAN_POINT('',(-50.8340893371745,121.6750658203,19.106833783834));
#3699=CARTESIAN_POINT('',(-50.8340893371745,111.173816102082,19.106833783834));
#3700=CARTESIAN_POINT('',(-50.8340893371745,121.6750658203,15.106833783834));
#3701=CARTESIAN_POINT('Origin',(-44.5840895215764,121.6750658203,15.106833783834));
#3702=CARTESIAN_POINT('',(-104.584090275948,121.6750658203,19.106833783834));
#3703=CARTESIAN_POINT('Origin',(-98.3340898840937,82.670067020072,15.1068337838339));
#3704=CARTESIAN_POINT('',(-98.3340898840937,84.670067020072,19.1068337838339));
#3705=CARTESIAN_POINT('',(-98.3340898840937,84.670067020072,15.1068337838339));
#3706=CARTESIAN_POINT('',(-98.3340898840937,121.6750658203,19.106833783834));
#3707=CARTESIAN_POINT('',(-98.3340898840937,121.6750658203,15.106833783834));
#3708=CARTESIAN_POINT('',(-98.3340898840937,92.171316725717,19.106833783834));
#3709=CARTESIAN_POINT('Origin',(-74.584089898762,101.672566431362,19.106833783834));
#3710=CARTESIAN_POINT('',(-85.4590898914279,84.670067020072,19.1068337838339));
#3711=CARTESIAN_POINT('',(-101.584090275948,121.6750658203,19.106833783834));
#3712=CARTESIAN_POINT('',(-104.584090275948,121.6750658203,19.106833783834));
#3713=CARTESIAN_POINT('',(-101.584090275948,83.6700670424237,19.1068337838339));
#3714=CARTESIAN_POINT('',(-101.584090275948,81.6700670424238,19.1068337838339));
#3715=CARTESIAN_POINT('',(-44.5840895215764,83.6700670424237,19.106833783834));
#3716=CARTESIAN_POINT('Origin',(-52.8340893371745,84.670067020072,15.106833783834));
#3717=CARTESIAN_POINT('Origin',(-101.584090275948,121.6750658203,15.106833783834));
#3718=CARTESIAN_POINT('',(-101.584090275948,83.6700670424237,15.1068337838339));
#3719=CARTESIAN_POINT('',(-101.584090275948,121.6750658203,15.106833783834));
#3720=CARTESIAN_POINT('Origin',(-104.584090275948,83.6700670424237,15.1068337838339));
#3721=CARTESIAN_POINT('Origin',(-78.9840887526765,121.6750658203,15.106833783834));
#3722=UNCERTAINTY_MEASURE_WITH_UNIT(LENGTH_MEASURE(0.01),#3726,
'DISTANCE_ACCURACY_VALUE',
'Maximum model space distance between geometric entities at asserted c
onnectivities');
#3723=UNCERTAINTY_MEASURE_WITH_UNIT(LENGTH_MEASURE(0.01),#3726,
'DISTANCE_ACCURACY_VALUE',
'Maximum model space distance between geometric entities at asserted c
onnectivities');
#3724=(
GEOMETRIC_REPRESENTATION_CONTEXT(3)
GLOBAL_UNCERTAINTY_ASSIGNED_CONTEXT((#3722))
GLOBAL_UNIT_ASSIGNED_CONTEXT((#3726,#3728,#3729))
REPRESENTATION_CONTEXT('','3D')
);
#3725=(
GEOMETRIC_REPRESENTATION_CONTEXT(3)
GLOBAL_UNCERTAINTY_ASSIGNED_CONTEXT((#3723))
GLOBAL_UNIT_ASSIGNED_CONTEXT((#3726,#3728,#3729))
REPRESENTATION_CONTEXT('','3D')
);
#3726=(
LENGTH_UNIT()
NAMED_UNIT(*)
SI_UNIT(.MILLI.,.METRE.)
);
#3727=(
LENGTH_UNIT()
NAMED_UNIT(*)
SI_UNIT($,.METRE.)
);
#3728=(
NAMED_UNIT(*)
PLANE_ANGLE_UNIT()
SI_UNIT($,.RADIAN.)
);
#3729=(
NAMED_UNIT(*)
SI_UNIT($,.STERADIAN.)
SOLID_ANGLE_UNIT()
);
#3730=SHAPE_DEFINITION_REPRESENTATION(#3731,#3732);
#3731=PRODUCT_DEFINITION_SHAPE('',$,#3734);
#3732=SHAPE_REPRESENTATION('',(#2246),#3724);
#3733=PRODUCT_DEFINITION_CONTEXT('part definition',#3738,'design');
#3734=PRODUCT_DEFINITION('2026-04-22-21-26-16-611','spotify final',#3735,
#3733);
#3735=PRODUCT_DEFINITION_FORMATION('',$,#3740);
#3736=PRODUCT_RELATED_PRODUCT_CATEGORY('spotify final','spotify final',
(#3740));
#3737=APPLICATION_PROTOCOL_DEFINITION('international standard',
'automotive_design',2009,#3738);
#3738=APPLICATION_CONTEXT(
'Core Data for Automotive Mechanical Design Process');
#3739=PRODUCT_CONTEXT('part definition',#3738,'mechanical');
#3740=PRODUCT('2026-04-22-21-26-16-611','spotify final',$,(#3739));
#3741=PRESENTATION_STYLE_ASSIGNMENT((#3742));
#3742=SURFACE_STYLE_USAGE(.BOTH.,#3743);
#3743=SURFACE_SIDE_STYLE('',(#3744));
#3744=SURFACE_STYLE_FILL_AREA(#3745);
#3745=FILL_AREA_STYLE('Acero - Satinado',(#3746));
#3746=FILL_AREA_STYLE_COLOUR('Acero - Satinado',#3747);
#3747=COLOUR_RGB('Acero - Satinado',0.627450980392157,0.627450980392157,
0.627450980392157);
ENDSEC;
END-ISO-10303-21;
