ISO-10303-21;
HEADER;
/* Generated by software containing ST-Developer
 * from STEP Tools, Inc. (www.steptools.com) 
 */

FILE_DESCRIPTION(
/* description */ (''),
/* implementation_level */ '2;1');

FILE_NAME(
/* name */ 'spotify final 2.1.step',
/* time_stamp */ '2026-06-03T22:36:08-05:00',
/* author */ (''),
/* organization */ (''),
/* preprocessor_version */ 'ST-DEVELOPER v20.1',
/* originating_system */ 'Autodesk Translation Framework v15.8.0.0',
/* authorisation */ '');

FILE_SCHEMA (('AUTOMOTIVE_DESIGN { 1 0 10303 214 3 1 1 }'));
ENDSEC;

DATA;
#10=MECHANICAL_DESIGN_GEOMETRIC_PRESENTATION_REPRESENTATION('',(#15,#16),
#3703);
#11=SHAPE_REPRESENTATION_RELATIONSHIP('SRR','None',#3710,#12);
#12=ADVANCED_BREP_SHAPE_REPRESENTATION('',(#17,#18),#3702);
#13=(
BOUNDED_SURFACE()
B_SPLINE_SURFACE(2,2,((#3606,#3607,#3608),(#3609,#3610,#3611),(#3612,#3613,
#3614)),.UNSPECIFIED.,.F.,.F.,.F.)
B_SPLINE_SURFACE_WITH_KNOTS((3,3),(3,3),(0.643501108793286,1.5707963267949),
(-3.14159265358979,-1.5707963267949),.UNSPECIFIED.)
GEOMETRIC_REPRESENTATION_ITEM()
RATIONAL_B_SPLINE_SURFACE(((1.,0.707106781186548,1.),(0.894427190999913,
0.632455532033674,0.894427190999913),(1.,0.707106781186548,1.)))
REPRESENTATION_ITEM('')
SURFACE()
);
#14=(
BOUNDED_SURFACE()
B_SPLINE_SURFACE(2,2,((#3626,#3627,#3628),(#3629,#3630,#3631),(#3632,#3633,
#3634)),.UNSPECIFIED.,.F.,.F.,.F.)
B_SPLINE_SURFACE_WITH_KNOTS((3,3),(3,3),(0.643501108793286,1.5707963267949),
(-3.14159265358979,-1.5707963267949),.UNSPECIFIED.)
GEOMETRIC_REPRESENTATION_ITEM()
RATIONAL_B_SPLINE_SURFACE(((1.,0.707106781186547,1.),(0.894427190999914,
0.632455532033674,0.894427190999914),(1.,0.707106781186547,1.)))
REPRESENTATION_ITEM('')
SURFACE()
);
#15=STYLED_ITEM('',(#3719),#17);
#16=STYLED_ITEM('',(#3719),#18);
#17=MANIFOLD_SOLID_BREP('Cuerpo3',#2218);
#18=MANIFOLD_SOLID_BREP('Cuerpo7',#2219);
#19=SPHERICAL_SURFACE('',#2255,5.);
#20=SPHERICAL_SURFACE('',#2289,5.);
#21=FACE_BOUND('',#288,.T.);
#22=FACE_BOUND('',#294,.T.);
#23=FACE_BOUND('',#295,.T.);
#24=FACE_BOUND('',#296,.T.);
#25=FACE_BOUND('',#297,.T.);
#26=FACE_BOUND('',#298,.T.);
#27=FACE_BOUND('',#299,.T.);
#28=FACE_BOUND('',#301,.T.);
#29=FACE_BOUND('',#355,.T.);
#30=FACE_BOUND('',#356,.T.);
#31=FACE_BOUND('',#357,.T.);
#32=FACE_BOUND('',#358,.T.);
#33=FACE_BOUND('',#359,.T.);
#34=FACE_BOUND('',#360,.T.);
#35=FACE_BOUND('',#368,.T.);
#36=FACE_BOUND('',#375,.T.);
#37=FACE_BOUND('',#378,.T.);
#38=FACE_BOUND('',#380,.T.);
#39=FACE_BOUND('',#395,.T.);
#40=FACE_BOUND('',#396,.T.);
#41=FACE_BOUND('',#399,.T.);
#42=CIRCLE('',#2246,7.5);
#43=CIRCLE('',#2247,7.5);
#44=CIRCLE('',#2249,3.75);
#45=CIRCLE('',#2251,3.75);
#46=CIRCLE('',#2253,5.);
#47=CIRCLE('',#2254,5.00000000000002);
#48=CIRCLE('',#2256,5.);
#49=CIRCLE('',#2257,5.);
#50=CIRCLE('',#2259,5.);
#51=CIRCLE('',#2261,0.500000000000007);
#52=CIRCLE('',#2262,0.500000000000029);
#53=CIRCLE('',#2263,0.500000000000007);
#54=CIRCLE('',#2264,0.5);
#55=CIRCLE('',#2265,0.500000000000012);
#56=CIRCLE('',#2266,0.500000000000007);
#57=CIRCLE('',#2267,0.500000000000007);
#58=CIRCLE('',#2268,0.500000000000007);
#59=CIRCLE('',#2269,0.500000000000007);
#60=CIRCLE('',#2270,0.500000000000007);
#61=CIRCLE('',#2271,0.500000000000007);
#62=CIRCLE('',#2272,0.500000000000012);
#63=CIRCLE('',#2273,0.500000000000009);
#64=CIRCLE('',#2274,0.500000000000007);
#65=CIRCLE('',#2275,0.500000000000007);
#66=CIRCLE('',#2276,0.500000000000007);
#67=CIRCLE('',#2277,0.500000000000007);
#68=CIRCLE('',#2278,0.500000000000007);
#69=CIRCLE('',#2279,0.500000000000007);
#70=CIRCLE('',#2280,0.500000000000007);
#71=CIRCLE('',#2281,0.500000000000012);
#72=CIRCLE('',#2282,0.500000000000007);
#73=CIRCLE('',#2283,0.500000000000007);
#74=CIRCLE('',#2284,0.500000000000007);
#75=CIRCLE('',#2286,5.);
#76=CIRCLE('',#2288,5.);
#77=CIRCLE('',#2290,5.);
#78=CIRCLE('',#2294,0.500000000000007);
#79=CIRCLE('',#2297,0.500000000000012);
#80=CIRCLE('',#2300,0.500000000000007);
#81=CIRCLE('',#2303,0.500000000000007);
#82=CIRCLE('',#2306,0.500000000000007);
#83=CIRCLE('',#2309,0.500000000000007);
#84=CIRCLE('',#2312,0.500000000000007);
#85=CIRCLE('',#2315,0.500000000000007);
#86=CIRCLE('',#2318,0.500000000000007);
#87=CIRCLE('',#2321,0.500000000000009);
#88=CIRCLE('',#2324,0.500000000000007);
#89=CIRCLE('',#2327,0.500000000000007);
#90=CIRCLE('',#2330,0.500000000000007);
#91=CIRCLE('',#2333,0.500000000000007);
#92=CIRCLE('',#2336,0.500000000000012);
#93=CIRCLE('',#2339,0.500000000000007);
#94=CIRCLE('',#2342,0.500000000000007);
#95=CIRCLE('',#2345,0.500000000000012);
#96=CIRCLE('',#2348,0.500000000000007);
#97=CIRCLE('',#2351,0.500000000000007);
#98=CIRCLE('',#2354,0.500000000000029);
#99=CIRCLE('',#2357,0.500000000000007);
#100=CIRCLE('',#2360,0.5);
#101=CIRCLE('',#2363,0.500000000000007);
#102=CIRCLE('',#2365,5.);
#103=CIRCLE('',#2373,5.);
#104=CIRCLE('',#2385,1.);
#105=CIRCLE('',#2386,1.);
#106=CIRCLE('',#2389,1.);
#107=CIRCLE('',#2390,1.);
#108=CIRCLE('',#2394,1.2);
#109=CIRCLE('',#2395,1.2);
#110=CIRCLE('',#2398,1.2);
#111=CIRCLE('',#2399,1.2);
#112=CIRCLE('',#2401,5.);
#113=CIRCLE('',#2402,5.);
#114=CIRCLE('',#2403,5.);
#115=CIRCLE('',#2404,5.);
#116=CIRCLE('',#2405,1.);
#117=CIRCLE('',#2407,5.);
#118=CIRCLE('',#2408,5.);
#119=CIRCLE('',#2409,5.);
#120=CIRCLE('',#2410,1.00000000000001);
#121=CIRCLE('',#2412,5.);
#122=CYLINDRICAL_SURFACE('',#2245,7.5);
#123=CYLINDRICAL_SURFACE('',#2250,3.75);
#124=CYLINDRICAL_SURFACE('',#2252,5.);
#125=CYLINDRICAL_SURFACE('',#2258,5.);
#126=CYLINDRICAL_SURFACE('',#2287,5.);
#127=CYLINDRICAL_SURFACE('',#2293,0.500000000000007);
#128=CYLINDRICAL_SURFACE('',#2296,0.500000000000012);
#129=CYLINDRICAL_SURFACE('',#2299,0.500000000000007);
#130=CYLINDRICAL_SURFACE('',#2302,0.500000000000007);
#131=CYLINDRICAL_SURFACE('',#2305,0.500000000000007);
#132=CYLINDRICAL_SURFACE('',#2308,0.500000000000007);
#133=CYLINDRICAL_SURFACE('',#2311,0.500000000000007);
#134=CYLINDRICAL_SURFACE('',#2314,0.500000000000007);
#135=CYLINDRICAL_SURFACE('',#2317,0.500000000000007);
#136=CYLINDRICAL_SURFACE('',#2320,0.500000000000009);
#137=CYLINDRICAL_SURFACE('',#2323,0.500000000000007);
#138=CYLINDRICAL_SURFACE('',#2326,0.500000000000007);
#139=CYLINDRICAL_SURFACE('',#2329,0.500000000000007);
#140=CYLINDRICAL_SURFACE('',#2332,0.500000000000007);
#141=CYLINDRICAL_SURFACE('',#2335,0.500000000000012);
#142=CYLINDRICAL_SURFACE('',#2338,0.500000000000007);
#143=CYLINDRICAL_SURFACE('',#2341,0.500000000000007);
#144=CYLINDRICAL_SURFACE('',#2344,0.500000000000012);
#145=CYLINDRICAL_SURFACE('',#2347,0.500000000000007);
#146=CYLINDRICAL_SURFACE('',#2350,0.500000000000007);
#147=CYLINDRICAL_SURFACE('',#2353,0.500000000000029);
#148=CYLINDRICAL_SURFACE('',#2356,0.500000000000007);
#149=CYLINDRICAL_SURFACE('',#2359,0.5);
#150=CYLINDRICAL_SURFACE('',#2362,0.500000000000007);
#151=CYLINDRICAL_SURFACE('',#2364,5.);
#152=CYLINDRICAL_SURFACE('',#2372,5.);
#153=CYLINDRICAL_SURFACE('',#2384,1.);
#154=CYLINDRICAL_SURFACE('',#2388,1.);
#155=CYLINDRICAL_SURFACE('',#2393,1.2);
#156=CYLINDRICAL_SURFACE('',#2397,1.2);
#157=CYLINDRICAL_SURFACE('',#2400,5.);
#158=CYLINDRICAL_SURFACE('',#2406,5.);
#159=CYLINDRICAL_SURFACE('',#2411,5.);
#160=FACE_OUTER_BOUND('',#274,.T.);
#161=FACE_OUTER_BOUND('',#275,.T.);
#162=FACE_OUTER_BOUND('',#276,.T.);
#163=FACE_OUTER_BOUND('',#277,.T.);
#164=FACE_OUTER_BOUND('',#278,.T.);
#165=FACE_OUTER_BOUND('',#279,.T.);
#166=FACE_OUTER_BOUND('',#280,.T.);
#167=FACE_OUTER_BOUND('',#281,.T.);
#168=FACE_OUTER_BOUND('',#282,.T.);
#169=FACE_OUTER_BOUND('',#283,.T.);
#170=FACE_OUTER_BOUND('',#284,.T.);
#171=FACE_OUTER_BOUND('',#285,.T.);
#172=FACE_OUTER_BOUND('',#286,.T.);
#173=FACE_OUTER_BOUND('',#287,.T.);
#174=FACE_OUTER_BOUND('',#289,.T.);
#175=FACE_OUTER_BOUND('',#290,.T.);
#176=FACE_OUTER_BOUND('',#291,.T.);
#177=FACE_OUTER_BOUND('',#292,.T.);
#178=FACE_OUTER_BOUND('',#293,.T.);
#179=FACE_OUTER_BOUND('',#300,.T.);
#180=FACE_OUTER_BOUND('',#302,.T.);
#181=FACE_OUTER_BOUND('',#303,.T.);
#182=FACE_OUTER_BOUND('',#304,.T.);
#183=FACE_OUTER_BOUND('',#305,.T.);
#184=FACE_OUTER_BOUND('',#306,.T.);
#185=FACE_OUTER_BOUND('',#307,.T.);
#186=FACE_OUTER_BOUND('',#308,.T.);
#187=FACE_OUTER_BOUND('',#309,.T.);
#188=FACE_OUTER_BOUND('',#310,.T.);
#189=FACE_OUTER_BOUND('',#311,.T.);
#190=FACE_OUTER_BOUND('',#312,.T.);
#191=FACE_OUTER_BOUND('',#313,.T.);
#192=FACE_OUTER_BOUND('',#314,.T.);
#193=FACE_OUTER_BOUND('',#315,.T.);
#194=FACE_OUTER_BOUND('',#316,.T.);
#195=FACE_OUTER_BOUND('',#317,.T.);
#196=FACE_OUTER_BOUND('',#318,.T.);
#197=FACE_OUTER_BOUND('',#319,.T.);
#198=FACE_OUTER_BOUND('',#320,.T.);
#199=FACE_OUTER_BOUND('',#321,.T.);
#200=FACE_OUTER_BOUND('',#322,.T.);
#201=FACE_OUTER_BOUND('',#323,.T.);
#202=FACE_OUTER_BOUND('',#324,.T.);
#203=FACE_OUTER_BOUND('',#325,.T.);
#204=FACE_OUTER_BOUND('',#326,.T.);
#205=FACE_OUTER_BOUND('',#327,.T.);
#206=FACE_OUTER_BOUND('',#328,.T.);
#207=FACE_OUTER_BOUND('',#329,.T.);
#208=FACE_OUTER_BOUND('',#330,.T.);
#209=FACE_OUTER_BOUND('',#331,.T.);
#210=FACE_OUTER_BOUND('',#332,.T.);
#211=FACE_OUTER_BOUND('',#333,.T.);
#212=FACE_OUTER_BOUND('',#334,.T.);
#213=FACE_OUTER_BOUND('',#335,.T.);
#214=FACE_OUTER_BOUND('',#336,.T.);
#215=FACE_OUTER_BOUND('',#337,.T.);
#216=FACE_OUTER_BOUND('',#338,.T.);
#217=FACE_OUTER_BOUND('',#339,.T.);
#218=FACE_OUTER_BOUND('',#340,.T.);
#219=FACE_OUTER_BOUND('',#341,.T.);
#220=FACE_OUTER_BOUND('',#342,.T.);
#221=FACE_OUTER_BOUND('',#343,.T.);
#222=FACE_OUTER_BOUND('',#344,.T.);
#223=FACE_OUTER_BOUND('',#345,.T.);
#224=FACE_OUTER_BOUND('',#346,.T.);
#225=FACE_OUTER_BOUND('',#347,.T.);
#226=FACE_OUTER_BOUND('',#348,.T.);
#227=FACE_OUTER_BOUND('',#349,.T.);
#228=FACE_OUTER_BOUND('',#350,.T.);
#229=FACE_OUTER_BOUND('',#351,.T.);
#230=FACE_OUTER_BOUND('',#352,.T.);
#231=FACE_OUTER_BOUND('',#353,.T.);
#232=FACE_OUTER_BOUND('',#354,.T.);
#233=FACE_OUTER_BOUND('',#361,.T.);
#234=FACE_OUTER_BOUND('',#362,.T.);
#235=FACE_OUTER_BOUND('',#363,.T.);
#236=FACE_OUTER_BOUND('',#364,.T.);
#237=FACE_OUTER_BOUND('',#365,.T.);
#238=FACE_OUTER_BOUND('',#366,.T.);
#239=FACE_OUTER_BOUND('',#367,.T.);
#240=FACE_OUTER_BOUND('',#369,.T.);
#241=FACE_OUTER_BOUND('',#370,.T.);
#242=FACE_OUTER_BOUND('',#371,.T.);
#243=FACE_OUTER_BOUND('',#372,.T.);
#244=FACE_OUTER_BOUND('',#373,.T.);
#245=FACE_OUTER_BOUND('',#374,.T.);
#246=FACE_OUTER_BOUND('',#376,.T.);
#247=FACE_OUTER_BOUND('',#377,.T.);
#248=FACE_OUTER_BOUND('',#379,.T.);
#249=FACE_OUTER_BOUND('',#381,.T.);
#250=FACE_OUTER_BOUND('',#382,.T.);
#251=FACE_OUTER_BOUND('',#383,.T.);
#252=FACE_OUTER_BOUND('',#384,.T.);
#253=FACE_OUTER_BOUND('',#385,.T.);
#254=FACE_OUTER_BOUND('',#386,.T.);
#255=FACE_OUTER_BOUND('',#387,.T.);
#256=FACE_OUTER_BOUND('',#388,.T.);
#257=FACE_OUTER_BOUND('',#389,.T.);
#258=FACE_OUTER_BOUND('',#390,.T.);
#259=FACE_OUTER_BOUND('',#391,.T.);
#260=FACE_OUTER_BOUND('',#392,.T.);
#261=FACE_OUTER_BOUND('',#393,.T.);
#262=FACE_OUTER_BOUND('',#394,.T.);
#263=FACE_OUTER_BOUND('',#397,.T.);
#264=FACE_OUTER_BOUND('',#398,.T.);
#265=FACE_OUTER_BOUND('',#400,.T.);
#266=FACE_OUTER_BOUND('',#401,.T.);
#267=FACE_OUTER_BOUND('',#402,.T.);
#268=FACE_OUTER_BOUND('',#403,.T.);
#269=FACE_OUTER_BOUND('',#404,.T.);
#270=FACE_OUTER_BOUND('',#405,.T.);
#271=FACE_OUTER_BOUND('',#406,.T.);
#272=FACE_OUTER_BOUND('',#407,.T.);
#273=FACE_OUTER_BOUND('',#408,.T.);
#274=EDGE_LOOP('',(#1402,#1403,#1404,#1405));
#275=EDGE_LOOP('',(#1406,#1407,#1408,#1409));
#276=EDGE_LOOP('',(#1410,#1411,#1412,#1413));
#277=EDGE_LOOP('',(#1414,#1415,#1416,#1417));
#278=EDGE_LOOP('',(#1418,#1419,#1420,#1421,#1422,#1423,#1424,#1425));
#279=EDGE_LOOP('',(#1426,#1427,#1428,#1429,#1430,#1431,#1432,#1433));
#280=EDGE_LOOP('',(#1434,#1435,#1436,#1437));
#281=EDGE_LOOP('',(#1438,#1439,#1440,#1441));
#282=EDGE_LOOP('',(#1442,#1443,#1444,#1445));
#283=EDGE_LOOP('',(#1446,#1447,#1448,#1449));
#284=EDGE_LOOP('',(#1450,#1451,#1452,#1453));
#285=EDGE_LOOP('',(#1454,#1455,#1456,#1457,#1458,#1459,#1460,#1461));
#286=EDGE_LOOP('',(#1462,#1463,#1464,#1465));
#287=EDGE_LOOP('',(#1466));
#288=EDGE_LOOP('',(#1467));
#289=EDGE_LOOP('',(#1468,#1469,#1470,#1471));
#290=EDGE_LOOP('',(#1472,#1473,#1474,#1475));
#291=EDGE_LOOP('',(#1476,#1477,#1478));
#292=EDGE_LOOP('',(#1479,#1480,#1481,#1482));
#293=EDGE_LOOP('',(#1483,#1484,#1485,#1486));
#294=EDGE_LOOP('',(#1487,#1488,#1489,#1490,#1491,#1492,#1493,#1494));
#295=EDGE_LOOP('',(#1495,#1496,#1497,#1498,#1499,#1500,#1501,#1502));
#296=EDGE_LOOP('',(#1503,#1504,#1505,#1506,#1507,#1508,#1509,#1510));
#297=EDGE_LOOP('',(#1511,#1512,#1513,#1514,#1515,#1516,#1517,#1518));
#298=EDGE_LOOP('',(#1519,#1520,#1521,#1522,#1523,#1524,#1525,#1526));
#299=EDGE_LOOP('',(#1527,#1528,#1529,#1530,#1531,#1532,#1533,#1534));
#300=EDGE_LOOP('',(#1535,#1536,#1537,#1538,#1539,#1540));
#301=EDGE_LOOP('',(#1541,#1542,#1543,#1544,#1545,#1546,#1547,#1548,#1549,
#1550,#1551,#1552));
#302=EDGE_LOOP('',(#1553,#1554,#1555,#1556));
#303=EDGE_LOOP('',(#1557,#1558,#1559));
#304=EDGE_LOOP('',(#1560,#1561,#1562,#1563));
#305=EDGE_LOOP('',(#1564,#1565,#1566,#1567));
#306=EDGE_LOOP('',(#1568,#1569,#1570,#1571));
#307=EDGE_LOOP('',(#1572,#1573,#1574,#1575));
#308=EDGE_LOOP('',(#1576,#1577,#1578,#1579));
#309=EDGE_LOOP('',(#1580,#1581,#1582,#1583));
#310=EDGE_LOOP('',(#1584,#1585,#1586,#1587));
#311=EDGE_LOOP('',(#1588,#1589,#1590,#1591));
#312=EDGE_LOOP('',(#1592,#1593,#1594,#1595));
#313=EDGE_LOOP('',(#1596,#1597,#1598,#1599));
#314=EDGE_LOOP('',(#1600,#1601,#1602,#1603));
#315=EDGE_LOOP('',(#1604,#1605,#1606,#1607));
#316=EDGE_LOOP('',(#1608,#1609,#1610,#1611));
#317=EDGE_LOOP('',(#1612,#1613,#1614,#1615));
#318=EDGE_LOOP('',(#1616,#1617,#1618,#1619));
#319=EDGE_LOOP('',(#1620,#1621,#1622,#1623));
#320=EDGE_LOOP('',(#1624,#1625,#1626,#1627));
#321=EDGE_LOOP('',(#1628,#1629,#1630,#1631));
#322=EDGE_LOOP('',(#1632,#1633,#1634,#1635));
#323=EDGE_LOOP('',(#1636,#1637,#1638,#1639));
#324=EDGE_LOOP('',(#1640,#1641,#1642,#1643));
#325=EDGE_LOOP('',(#1644,#1645,#1646,#1647));
#326=EDGE_LOOP('',(#1648,#1649,#1650,#1651));
#327=EDGE_LOOP('',(#1652,#1653,#1654,#1655));
#328=EDGE_LOOP('',(#1656,#1657,#1658,#1659));
#329=EDGE_LOOP('',(#1660,#1661,#1662,#1663));
#330=EDGE_LOOP('',(#1664,#1665,#1666,#1667));
#331=EDGE_LOOP('',(#1668,#1669,#1670,#1671));
#332=EDGE_LOOP('',(#1672,#1673,#1674,#1675));
#333=EDGE_LOOP('',(#1676,#1677,#1678,#1679));
#334=EDGE_LOOP('',(#1680,#1681,#1682,#1683));
#335=EDGE_LOOP('',(#1684,#1685,#1686,#1687));
#336=EDGE_LOOP('',(#1688,#1689,#1690,#1691));
#337=EDGE_LOOP('',(#1692,#1693,#1694,#1695));
#338=EDGE_LOOP('',(#1696,#1697,#1698,#1699));
#339=EDGE_LOOP('',(#1700,#1701,#1702,#1703));
#340=EDGE_LOOP('',(#1704,#1705,#1706,#1707));
#341=EDGE_LOOP('',(#1708,#1709,#1710,#1711));
#342=EDGE_LOOP('',(#1712,#1713,#1714,#1715));
#343=EDGE_LOOP('',(#1716,#1717,#1718,#1719));
#344=EDGE_LOOP('',(#1720,#1721,#1722,#1723));
#345=EDGE_LOOP('',(#1724,#1725,#1726,#1727));
#346=EDGE_LOOP('',(#1728,#1729,#1730,#1731));
#347=EDGE_LOOP('',(#1732,#1733,#1734,#1735));
#348=EDGE_LOOP('',(#1736,#1737,#1738,#1739));
#349=EDGE_LOOP('',(#1740,#1741,#1742,#1743));
#350=EDGE_LOOP('',(#1744,#1745,#1746,#1747));
#351=EDGE_LOOP('',(#1748,#1749,#1750,#1751));
#352=EDGE_LOOP('',(#1752,#1753,#1754,#1755));
#353=EDGE_LOOP('',(#1756,#1757,#1758,#1759));
#354=EDGE_LOOP('',(#1760,#1761,#1762,#1763));
#355=EDGE_LOOP('',(#1764,#1765,#1766,#1767,#1768,#1769,#1770,#1771));
#356=EDGE_LOOP('',(#1772,#1773,#1774,#1775,#1776,#1777,#1778,#1779));
#357=EDGE_LOOP('',(#1780,#1781,#1782,#1783,#1784,#1785,#1786,#1787));
#358=EDGE_LOOP('',(#1788,#1789,#1790,#1791,#1792,#1793,#1794,#1795));
#359=EDGE_LOOP('',(#1796,#1797,#1798,#1799,#1800,#1801,#1802,#1803));
#360=EDGE_LOOP('',(#1804,#1805,#1806,#1807,#1808,#1809,#1810,#1811));
#361=EDGE_LOOP('',(#1812,#1813,#1814,#1815));
#362=EDGE_LOOP('',(#1816,#1817,#1818,#1819));
#363=EDGE_LOOP('',(#1820,#1821,#1822,#1823));
#364=EDGE_LOOP('',(#1824,#1825,#1826,#1827));
#365=EDGE_LOOP('',(#1828,#1829,#1830,#1831,#1832,#1833,#1834,#1835,#1836,
#1837,#1838,#1839,#1840,#1841,#1842,#1843));
#366=EDGE_LOOP('',(#1844,#1845,#1846,#1847));
#367=EDGE_LOOP('',(#1848,#1849,#1850,#1851));
#368=EDGE_LOOP('',(#1852,#1853,#1854,#1855));
#369=EDGE_LOOP('',(#1856,#1857,#1858,#1859,#1860,#1861));
#370=EDGE_LOOP('',(#1862,#1863,#1864,#1865));
#371=EDGE_LOOP('',(#1866,#1867,#1868,#1869));
#372=EDGE_LOOP('',(#1870,#1871,#1872,#1873));
#373=EDGE_LOOP('',(#1874,#1875,#1876,#1877));
#374=EDGE_LOOP('',(#1878,#1879,#1880,#1881));
#375=EDGE_LOOP('',(#1882));
#376=EDGE_LOOP('',(#1883,#1884,#1885,#1886));
#377=EDGE_LOOP('',(#1887,#1888,#1889,#1890));
#378=EDGE_LOOP('',(#1891,#1892,#1893,#1894));
#379=EDGE_LOOP('',(#1895,#1896,#1897,#1898));
#380=EDGE_LOOP('',(#1899));
#381=EDGE_LOOP('',(#1900,#1901,#1902,#1903));
#382=EDGE_LOOP('',(#1904,#1905,#1906,#1907));
#383=EDGE_LOOP('',(#1908,#1909,#1910,#1911));
#384=EDGE_LOOP('',(#1912,#1913,#1914,#1915));
#385=EDGE_LOOP('',(#1916,#1917,#1918,#1919));
#386=EDGE_LOOP('',(#1920,#1921,#1922,#1923));
#387=EDGE_LOOP('',(#1924,#1925,#1926,#1927));
#388=EDGE_LOOP('',(#1928,#1929,#1930,#1931));
#389=EDGE_LOOP('',(#1932,#1933,#1934,#1935));
#390=EDGE_LOOP('',(#1936,#1937,#1938,#1939));
#391=EDGE_LOOP('',(#1940,#1941,#1942,#1943));
#392=EDGE_LOOP('',(#1944,#1945,#1946,#1947));
#393=EDGE_LOOP('',(#1948,#1949,#1950,#1951));
#394=EDGE_LOOP('',(#1952,#1953,#1954,#1955,#1956,#1957));
#395=EDGE_LOOP('',(#1958,#1959,#1960,#1961,#1962,#1963,#1964,#1965));
#396=EDGE_LOOP('',(#1966,#1967,#1968,#1969,#1970,#1971,#1972,#1973));
#397=EDGE_LOOP('',(#1974,#1975,#1976,#1977));
#398=EDGE_LOOP('',(#1978,#1979,#1980,#1981,#1982,#1983));
#399=EDGE_LOOP('',(#1984,#1985,#1986,#1987,#1988,#1989,#1990,#1991));
#400=EDGE_LOOP('',(#1992,#1993,#1994,#1995));
#401=EDGE_LOOP('',(#1996,#1997,#1998,#1999));
#402=EDGE_LOOP('',(#2000,#2001,#2002,#2003));
#403=EDGE_LOOP('',(#2004,#2005,#2006,#2007));
#404=EDGE_LOOP('',(#2008,#2009,#2010,#2011,#2012,#2013,#2014,#2015));
#405=EDGE_LOOP('',(#2016,#2017,#2018,#2019));
#406=EDGE_LOOP('',(#2020,#2021,#2022,#2023));
#407=EDGE_LOOP('',(#2024,#2025,#2026,#2027));
#408=EDGE_LOOP('',(#2028,#2029,#2030,#2031));
#409=LINE('',#3050,#644);
#410=LINE('',#3052,#645);
#411=LINE('',#3054,#646);
#412=LINE('',#3055,#647);
#413=LINE('',#3058,#648);
#414=LINE('',#3060,#649);
#415=LINE('',#3061,#650);
#416=LINE('',#3064,#651);
#417=LINE('',#3065,#652);
#418=LINE('',#3068,#653);
#419=LINE('',#3069,#654);
#420=LINE('',#3072,#655);
#421=LINE('',#3074,#656);
#422=LINE('',#3076,#657);
#423=LINE('',#3078,#658);
#424=LINE('',#3079,#659);
#425=LINE('',#3083,#660);
#426=LINE('',#3085,#661);
#427=LINE('',#3087,#662);
#428=LINE('',#3089,#663);
#429=LINE('',#3091,#664);
#430=LINE('',#3093,#665);
#431=LINE('',#3095,#666);
#432=LINE('',#3096,#667);
#433=LINE('',#3099,#668);
#434=LINE('',#3101,#669);
#435=LINE('',#3102,#670);
#436=LINE('',#3106,#671);
#437=LINE('',#3108,#672);
#438=LINE('',#3110,#673);
#439=LINE('',#3111,#674);
#440=LINE('',#3114,#675);
#441=LINE('',#3116,#676);
#442=LINE('',#3117,#677);
#443=LINE('',#3120,#678);
#444=LINE('',#3122,#679);
#445=LINE('',#3123,#680);
#446=LINE('',#3125,#681);
#447=LINE('',#3128,#682);
#448=LINE('',#3129,#683);
#449=LINE('',#3131,#684);
#450=LINE('',#3132,#685);
#451=LINE('',#3137,#686);
#452=LINE('',#3145,#687);
#453=LINE('',#3151,#688);
#454=LINE('',#3154,#689);
#455=LINE('',#3161,#690);
#456=LINE('',#3164,#691);
#457=LINE('',#3167,#692);
#458=LINE('',#3168,#693);
#459=LINE('',#3171,#694);
#460=LINE('',#3175,#695);
#461=LINE('',#3179,#696);
#462=LINE('',#3183,#697);
#463=LINE('',#3187,#698);
#464=LINE('',#3191,#699);
#465=LINE('',#3195,#700);
#466=LINE('',#3199,#701);
#467=LINE('',#3203,#702);
#468=LINE('',#3207,#703);
#469=LINE('',#3211,#704);
#470=LINE('',#3215,#705);
#471=LINE('',#3219,#706);
#472=LINE('',#3223,#707);
#473=LINE('',#3227,#708);
#474=LINE('',#3231,#709);
#475=LINE('',#3235,#710);
#476=LINE('',#3239,#711);
#477=LINE('',#3243,#712);
#478=LINE('',#3247,#713);
#479=LINE('',#3251,#714);
#480=LINE('',#3255,#715);
#481=LINE('',#3259,#716);
#482=LINE('',#3263,#717);
#483=LINE('',#3267,#718);
#484=LINE('',#3269,#719);
#485=LINE('',#3271,#720);
#486=LINE('',#3274,#721);
#487=LINE('',#3276,#722);
#488=LINE('',#3277,#723);
#489=LINE('',#3279,#724);
#490=LINE('',#3280,#725);
#491=LINE('',#3282,#726);
#492=LINE('',#3283,#727);
#493=LINE('',#3286,#728);
#494=LINE('',#3292,#729);
#495=LINE('',#3293,#730);
#496=LINE('',#3297,#731);
#497=LINE('',#3298,#732);
#498=LINE('',#3299,#733);
#499=LINE('',#3303,#734);
#500=LINE('',#3306,#735);
#501=LINE('',#3307,#736);
#502=LINE('',#3311,#737);
#503=LINE('',#3314,#738);
#504=LINE('',#3315,#739);
#505=LINE('',#3319,#740);
#506=LINE('',#3322,#741);
#507=LINE('',#3323,#742);
#508=LINE('',#3329,#743);
#509=LINE('',#3330,#744);
#510=LINE('',#3331,#745);
#511=LINE('',#3335,#746);
#512=LINE('',#3338,#747);
#513=LINE('',#3339,#748);
#514=LINE('',#3343,#749);
#515=LINE('',#3346,#750);
#516=LINE('',#3347,#751);
#517=LINE('',#3351,#752);
#518=LINE('',#3354,#753);
#519=LINE('',#3355,#754);
#520=LINE('',#3361,#755);
#521=LINE('',#3362,#756);
#522=LINE('',#3363,#757);
#523=LINE('',#3367,#758);
#524=LINE('',#3370,#759);
#525=LINE('',#3371,#760);
#526=LINE('',#3375,#761);
#527=LINE('',#3378,#762);
#528=LINE('',#3379,#763);
#529=LINE('',#3383,#764);
#530=LINE('',#3386,#765);
#531=LINE('',#3387,#766);
#532=LINE('',#3393,#767);
#533=LINE('',#3394,#768);
#534=LINE('',#3395,#769);
#535=LINE('',#3399,#770);
#536=LINE('',#3402,#771);
#537=LINE('',#3403,#772);
#538=LINE('',#3407,#773);
#539=LINE('',#3410,#774);
#540=LINE('',#3411,#775);
#541=LINE('',#3415,#776);
#542=LINE('',#3418,#777);
#543=LINE('',#3419,#778);
#544=LINE('',#3425,#779);
#545=LINE('',#3426,#780);
#546=LINE('',#3427,#781);
#547=LINE('',#3431,#782);
#548=LINE('',#3434,#783);
#549=LINE('',#3435,#784);
#550=LINE('',#3439,#785);
#551=LINE('',#3442,#786);
#552=LINE('',#3443,#787);
#553=LINE('',#3447,#788);
#554=LINE('',#3450,#789);
#555=LINE('',#3451,#790);
#556=LINE('',#3457,#791);
#557=LINE('',#3458,#792);
#558=LINE('',#3459,#793);
#559=LINE('',#3463,#794);
#560=LINE('',#3466,#795);
#561=LINE('',#3467,#796);
#562=LINE('',#3471,#797);
#563=LINE('',#3474,#798);
#564=LINE('',#3475,#799);
#565=LINE('',#3479,#800);
#566=LINE('',#3482,#801);
#567=LINE('',#3483,#802);
#568=LINE('',#3489,#803);
#569=LINE('',#3492,#804);
#570=LINE('',#3494,#805);
#571=LINE('',#3495,#806);
#572=LINE('',#3498,#807);
#573=LINE('',#3500,#808);
#574=LINE('',#3501,#809);
#575=LINE('',#3503,#810);
#576=LINE('',#3505,#811);
#577=LINE('',#3507,#812);
#578=LINE('',#3511,#813);
#579=LINE('',#3514,#814);
#580=LINE('',#3516,#815);
#581=LINE('',#3519,#816);
#582=LINE('',#3521,#817);
#583=LINE('',#3523,#818);
#584=LINE('',#3524,#819);
#585=LINE('',#3526,#820);
#586=LINE('',#3530,#821);
#587=LINE('',#3531,#822);
#588=LINE('',#3532,#823);
#589=LINE('',#3535,#824);
#590=LINE('',#3536,#825);
#591=LINE('',#3539,#826);
#592=LINE('',#3540,#827);
#593=LINE('',#3542,#828);
#594=LINE('',#3544,#829);
#595=LINE('',#3546,#830);
#596=LINE('',#3554,#831);
#597=LINE('',#3557,#832);
#598=LINE('',#3560,#833);
#599=LINE('',#3562,#834);
#600=LINE('',#3563,#835);
#601=LINE('',#3568,#836);
#602=LINE('',#3572,#837);
#603=LINE('',#3574,#838);
#604=LINE('',#3575,#839);
#605=LINE('',#3578,#840);
#606=LINE('',#3580,#841);
#607=LINE('',#3581,#842);
#608=LINE('',#3586,#843);
#609=LINE('',#3590,#844);
#610=LINE('',#3592,#845);
#611=LINE('',#3593,#846);
#612=LINE('',#3602,#847);
#613=LINE('',#3605,#848);
#614=LINE('',#3624,#849);
#615=LINE('',#3625,#850);
#616=LINE('',#3644,#851);
#617=LINE('',#3645,#852);
#618=LINE('',#3647,#853);
#619=LINE('',#3650,#854);
#620=LINE('',#3652,#855);
#621=LINE('',#3654,#856);
#622=LINE('',#3656,#857);
#623=LINE('',#3658,#858);
#624=LINE('',#3660,#859);
#625=LINE('',#3662,#860);
#626=LINE('',#3663,#861);
#627=LINE('',#3665,#862);
#628=LINE('',#3669,#863);
#629=LINE('',#3671,#864);
#630=LINE('',#3672,#865);
#631=LINE('',#3675,#866);
#632=LINE('',#3677,#867);
#633=LINE('',#3678,#868);
#634=LINE('',#3680,#869);
#635=LINE('',#3683,#870);
#636=LINE('',#3685,#871);
#637=LINE('',#3686,#872);
#638=LINE('',#3688,#873);
#639=LINE('',#3690,#874);
#640=LINE('',#3692,#875);
#641=LINE('',#3693,#876);
#642=LINE('',#3696,#877);
#643=LINE('',#3697,#878);
#644=VECTOR('',#2429,10.);
#645=VECTOR('',#2430,10.);
#646=VECTOR('',#2431,10.);
#647=VECTOR('',#2432,10.);
#648=VECTOR('',#2435,10.);
#649=VECTOR('',#2436,10.);
#650=VECTOR('',#2437,10.);
#651=VECTOR('',#2440,10.);
#652=VECTOR('',#2441,10.);
#653=VECTOR('',#2444,10.);
#654=VECTOR('',#2445,10.);
#655=VECTOR('',#2448,10.);
#656=VECTOR('',#2449,10.);
#657=VECTOR('',#2450,10.);
#658=VECTOR('',#2451,10.);
#659=VECTOR('',#2452,10.);
#660=VECTOR('',#2455,10.);
#661=VECTOR('',#2456,10.);
#662=VECTOR('',#2457,10.);
#663=VECTOR('',#2458,10.);
#664=VECTOR('',#2459,10.);
#665=VECTOR('',#2460,10.);
#666=VECTOR('',#2461,10.);
#667=VECTOR('',#2462,10.);
#668=VECTOR('',#2465,10.);
#669=VECTOR('',#2466,10.);
#670=VECTOR('',#2467,10.);
#671=VECTOR('',#2470,10.);
#672=VECTOR('',#2471,10.);
#673=VECTOR('',#2472,10.);
#674=VECTOR('',#2473,10.);
#675=VECTOR('',#2476,10.);
#676=VECTOR('',#2477,10.);
#677=VECTOR('',#2478,10.);
#678=VECTOR('',#2481,10.);
#679=VECTOR('',#2482,10.);
#680=VECTOR('',#2483,10.);
#681=VECTOR('',#2486,10.);
#682=VECTOR('',#2489,10.);
#683=VECTOR('',#2490,10.);
#684=VECTOR('',#2491,10.);
#685=VECTOR('',#2492,10.);
#686=VECTOR('',#2497,7.5);
#687=VECTOR('',#2508,3.75);
#688=VECTOR('',#2513,10.);
#689=VECTOR('',#2516,10.);
#690=VECTOR('',#2525,5.);
#691=VECTOR('',#2528,10.);
#692=VECTOR('',#2531,10.);
#693=VECTOR('',#2532,10.);
#694=VECTOR('',#2533,10.);
#695=VECTOR('',#2536,10.);
#696=VECTOR('',#2539,10.);
#697=VECTOR('',#2542,10.);
#698=VECTOR('',#2545,10.);
#699=VECTOR('',#2548,10.);
#700=VECTOR('',#2551,10.);
#701=VECTOR('',#2554,10.);
#702=VECTOR('',#2557,10.);
#703=VECTOR('',#2560,10.);
#704=VECTOR('',#2563,10.);
#705=VECTOR('',#2566,10.);
#706=VECTOR('',#2569,10.);
#707=VECTOR('',#2572,10.);
#708=VECTOR('',#2575,10.);
#709=VECTOR('',#2578,10.);
#710=VECTOR('',#2581,10.);
#711=VECTOR('',#2584,10.);
#712=VECTOR('',#2587,10.);
#713=VECTOR('',#2590,10.);
#714=VECTOR('',#2593,10.);
#715=VECTOR('',#2596,10.);
#716=VECTOR('',#2599,10.);
#717=VECTOR('',#2602,10.);
#718=VECTOR('',#2607,10.);
#719=VECTOR('',#2608,10.);
#720=VECTOR('',#2609,10.);
#721=VECTOR('',#2612,10.);
#722=VECTOR('',#2613,10.);
#723=VECTOR('',#2614,10.);
#724=VECTOR('',#2615,10.);
#725=VECTOR('',#2616,10.);
#726=VECTOR('',#2617,10.);
#727=VECTOR('',#2618,10.);
#728=VECTOR('',#2621,10.);
#729=VECTOR('',#2630,10.);
#730=VECTOR('',#2631,5.);
#731=VECTOR('',#2634,10.);
#732=VECTOR('',#2635,10.);
#733=VECTOR('',#2636,10.);
#734=VECTOR('',#2641,10.);
#735=VECTOR('',#2644,10.);
#736=VECTOR('',#2645,10.);
#737=VECTOR('',#2650,10.);
#738=VECTOR('',#2653,10.);
#739=VECTOR('',#2654,10.);
#740=VECTOR('',#2659,10.);
#741=VECTOR('',#2662,10.);
#742=VECTOR('',#2663,10.);
#743=VECTOR('',#2670,10.);
#744=VECTOR('',#2671,10.);
#745=VECTOR('',#2672,10.);
#746=VECTOR('',#2677,10.);
#747=VECTOR('',#2680,10.);
#748=VECTOR('',#2681,10.);
#749=VECTOR('',#2686,10.);
#750=VECTOR('',#2689,10.);
#751=VECTOR('',#2690,10.);
#752=VECTOR('',#2695,10.);
#753=VECTOR('',#2698,10.);
#754=VECTOR('',#2699,10.);
#755=VECTOR('',#2706,10.);
#756=VECTOR('',#2707,10.);
#757=VECTOR('',#2708,10.);
#758=VECTOR('',#2713,10.);
#759=VECTOR('',#2716,10.);
#760=VECTOR('',#2717,10.);
#761=VECTOR('',#2722,10.);
#762=VECTOR('',#2725,10.);
#763=VECTOR('',#2726,10.);
#764=VECTOR('',#2731,10.);
#765=VECTOR('',#2734,10.);
#766=VECTOR('',#2735,10.);
#767=VECTOR('',#2742,10.);
#768=VECTOR('',#2743,10.);
#769=VECTOR('',#2744,10.);
#770=VECTOR('',#2749,10.);
#771=VECTOR('',#2752,10.);
#772=VECTOR('',#2753,10.);
#773=VECTOR('',#2758,10.);
#774=VECTOR('',#2761,10.);
#775=VECTOR('',#2762,10.);
#776=VECTOR('',#2767,10.);
#777=VECTOR('',#2770,10.);
#778=VECTOR('',#2771,10.);
#779=VECTOR('',#2778,10.);
#780=VECTOR('',#2779,10.);
#781=VECTOR('',#2780,10.);
#782=VECTOR('',#2785,10.);
#783=VECTOR('',#2788,10.);
#784=VECTOR('',#2789,10.);
#785=VECTOR('',#2794,10.);
#786=VECTOR('',#2797,10.);
#787=VECTOR('',#2798,10.);
#788=VECTOR('',#2803,10.);
#789=VECTOR('',#2806,10.);
#790=VECTOR('',#2807,10.);
#791=VECTOR('',#2814,10.);
#792=VECTOR('',#2815,10.);
#793=VECTOR('',#2816,10.);
#794=VECTOR('',#2821,10.);
#795=VECTOR('',#2824,10.);
#796=VECTOR('',#2825,10.);
#797=VECTOR('',#2830,10.);
#798=VECTOR('',#2833,10.);
#799=VECTOR('',#2834,10.);
#800=VECTOR('',#2839,10.);
#801=VECTOR('',#2842,10.);
#802=VECTOR('',#2843,10.);
#803=VECTOR('',#2852,10.);
#804=VECTOR('',#2855,10.);
#805=VECTOR('',#2856,10.);
#806=VECTOR('',#2857,10.);
#807=VECTOR('',#2860,10.);
#808=VECTOR('',#2861,10.);
#809=VECTOR('',#2862,10.);
#810=VECTOR('',#2865,10.);
#811=VECTOR('',#2868,10.);
#812=VECTOR('',#2871,10.);
#813=VECTOR('',#2876,10.);
#814=VECTOR('',#2879,10.);
#815=VECTOR('',#2882,10.);
#816=VECTOR('',#2883,10.);
#817=VECTOR('',#2884,10.);
#818=VECTOR('',#2885,10.);
#819=VECTOR('',#2886,10.);
#820=VECTOR('',#2889,10.);
#821=VECTOR('',#2892,10.);
#822=VECTOR('',#2893,10.);
#823=VECTOR('',#2894,10.);
#824=VECTOR('',#2897,10.);
#825=VECTOR('',#2898,10.);
#826=VECTOR('',#2901,10.);
#827=VECTOR('',#2902,10.);
#828=VECTOR('',#2905,10.);
#829=VECTOR('',#2908,10.);
#830=VECTOR('',#2911,10.);
#831=VECTOR('',#2920,10.);
#832=VECTOR('',#2923,10.);
#833=VECTOR('',#2926,10.);
#834=VECTOR('',#2927,10.);
#835=VECTOR('',#2928,10.);
#836=VECTOR('',#2933,10.);
#837=VECTOR('',#2938,10.);
#838=VECTOR('',#2939,10.);
#839=VECTOR('',#2940,10.);
#840=VECTOR('',#2943,10.);
#841=VECTOR('',#2944,10.);
#842=VECTOR('',#2945,10.);
#843=VECTOR('',#2950,10.);
#844=VECTOR('',#2955,10.);
#845=VECTOR('',#2956,10.);
#846=VECTOR('',#2957,10.);
#847=VECTOR('',#2968,5.);
#848=VECTOR('',#2971,10.);
#849=VECTOR('',#2982,10.);
#850=VECTOR('',#2983,5.);
#851=VECTOR('',#2994,10.);
#852=VECTOR('',#2995,5.);
#853=VECTOR('',#2998,10.);
#854=VECTOR('',#2999,10.);
#855=VECTOR('',#3000,10.);
#856=VECTOR('',#3001,10.);
#857=VECTOR('',#3002,10.);
#858=VECTOR('',#3003,10.);
#859=VECTOR('',#3004,10.);
#860=VECTOR('',#3005,10.);
#861=VECTOR('',#3006,10.);
#862=VECTOR('',#3009,10.);
#863=VECTOR('',#3014,10.);
#864=VECTOR('',#3015,10.);
#865=VECTOR('',#3016,10.);
#866=VECTOR('',#3019,10.);
#867=VECTOR('',#3020,10.);
#868=VECTOR('',#3021,10.);
#869=VECTOR('',#3024,10.);
#870=VECTOR('',#3027,10.);
#871=VECTOR('',#3028,10.);
#872=VECTOR('',#3029,10.);
#873=VECTOR('',#3032,10.);
#874=VECTOR('',#3033,10.);
#875=VECTOR('',#3034,10.);
#876=VECTOR('',#3035,10.);
#877=VECTOR('',#3040,10.);
#878=VECTOR('',#3041,10.);
#879=VERTEX_POINT('',#3048);
#880=VERTEX_POINT('',#3049);
#881=VERTEX_POINT('',#3051);
#882=VERTEX_POINT('',#3053);
#883=VERTEX_POINT('',#3057);
#884=VERTEX_POINT('',#3059);
#885=VERTEX_POINT('',#3063);
#886=VERTEX_POINT('',#3067);
#887=VERTEX_POINT('',#3071);
#888=VERTEX_POINT('',#3073);
#889=VERTEX_POINT('',#3075);
#890=VERTEX_POINT('',#3077);
#891=VERTEX_POINT('',#3081);
#892=VERTEX_POINT('',#3082);
#893=VERTEX_POINT('',#3084);
#894=VERTEX_POINT('',#3086);
#895=VERTEX_POINT('',#3088);
#896=VERTEX_POINT('',#3090);
#897=VERTEX_POINT('',#3092);
#898=VERTEX_POINT('',#3094);
#899=VERTEX_POINT('',#3098);
#900=VERTEX_POINT('',#3100);
#901=VERTEX_POINT('',#3104);
#902=VERTEX_POINT('',#3105);
#903=VERTEX_POINT('',#3107);
#904=VERTEX_POINT('',#3109);
#905=VERTEX_POINT('',#3113);
#906=VERTEX_POINT('',#3115);
#907=VERTEX_POINT('',#3119);
#908=VERTEX_POINT('',#3121);
#909=VERTEX_POINT('',#3127);
#910=VERTEX_POINT('',#3130);
#911=VERTEX_POINT('',#3134);
#912=VERTEX_POINT('',#3136);
#913=VERTEX_POINT('',#3140);
#914=VERTEX_POINT('',#3143);
#915=VERTEX_POINT('',#3147);
#916=VERTEX_POINT('',#3148);
#917=VERTEX_POINT('',#3150);
#918=VERTEX_POINT('',#3152);
#919=VERTEX_POINT('',#3156);
#920=VERTEX_POINT('',#3160);
#921=VERTEX_POINT('',#3162);
#922=VERTEX_POINT('',#3166);
#923=VERTEX_POINT('',#3169);
#924=VERTEX_POINT('',#3170);
#925=VERTEX_POINT('',#3172);
#926=VERTEX_POINT('',#3174);
#927=VERTEX_POINT('',#3176);
#928=VERTEX_POINT('',#3178);
#929=VERTEX_POINT('',#3180);
#930=VERTEX_POINT('',#3182);
#931=VERTEX_POINT('',#3185);
#932=VERTEX_POINT('',#3186);
#933=VERTEX_POINT('',#3188);
#934=VERTEX_POINT('',#3190);
#935=VERTEX_POINT('',#3192);
#936=VERTEX_POINT('',#3194);
#937=VERTEX_POINT('',#3196);
#938=VERTEX_POINT('',#3198);
#939=VERTEX_POINT('',#3201);
#940=VERTEX_POINT('',#3202);
#941=VERTEX_POINT('',#3204);
#942=VERTEX_POINT('',#3206);
#943=VERTEX_POINT('',#3208);
#944=VERTEX_POINT('',#3210);
#945=VERTEX_POINT('',#3212);
#946=VERTEX_POINT('',#3214);
#947=VERTEX_POINT('',#3217);
#948=VERTEX_POINT('',#3218);
#949=VERTEX_POINT('',#3220);
#950=VERTEX_POINT('',#3222);
#951=VERTEX_POINT('',#3224);
#952=VERTEX_POINT('',#3226);
#953=VERTEX_POINT('',#3228);
#954=VERTEX_POINT('',#3230);
#955=VERTEX_POINT('',#3233);
#956=VERTEX_POINT('',#3234);
#957=VERTEX_POINT('',#3236);
#958=VERTEX_POINT('',#3238);
#959=VERTEX_POINT('',#3240);
#960=VERTEX_POINT('',#3242);
#961=VERTEX_POINT('',#3244);
#962=VERTEX_POINT('',#3246);
#963=VERTEX_POINT('',#3249);
#964=VERTEX_POINT('',#3250);
#965=VERTEX_POINT('',#3252);
#966=VERTEX_POINT('',#3254);
#967=VERTEX_POINT('',#3256);
#968=VERTEX_POINT('',#3258);
#969=VERTEX_POINT('',#3260);
#970=VERTEX_POINT('',#3262);
#971=VERTEX_POINT('',#3266);
#972=VERTEX_POINT('',#3268);
#973=VERTEX_POINT('',#3270);
#974=VERTEX_POINT('',#3273);
#975=VERTEX_POINT('',#3275);
#976=VERTEX_POINT('',#3278);
#977=VERTEX_POINT('',#3281);
#978=VERTEX_POINT('',#3285);
#979=VERTEX_POINT('',#3291);
#980=VERTEX_POINT('',#3295);
#981=VERTEX_POINT('',#3296);
#982=VERTEX_POINT('',#3301);
#983=VERTEX_POINT('',#3305);
#984=VERTEX_POINT('',#3309);
#985=VERTEX_POINT('',#3313);
#986=VERTEX_POINT('',#3317);
#987=VERTEX_POINT('',#3321);
#988=VERTEX_POINT('',#3327);
#989=VERTEX_POINT('',#3328);
#990=VERTEX_POINT('',#3333);
#991=VERTEX_POINT('',#3337);
#992=VERTEX_POINT('',#3341);
#993=VERTEX_POINT('',#3345);
#994=VERTEX_POINT('',#3349);
#995=VERTEX_POINT('',#3353);
#996=VERTEX_POINT('',#3359);
#997=VERTEX_POINT('',#3360);
#998=VERTEX_POINT('',#3365);
#999=VERTEX_POINT('',#3369);
#1000=VERTEX_POINT('',#3373);
#1001=VERTEX_POINT('',#3377);
#1002=VERTEX_POINT('',#3381);
#1003=VERTEX_POINT('',#3385);
#1004=VERTEX_POINT('',#3391);
#1005=VERTEX_POINT('',#3392);
#1006=VERTEX_POINT('',#3397);
#1007=VERTEX_POINT('',#3401);
#1008=VERTEX_POINT('',#3405);
#1009=VERTEX_POINT('',#3409);
#1010=VERTEX_POINT('',#3413);
#1011=VERTEX_POINT('',#3417);
#1012=VERTEX_POINT('',#3423);
#1013=VERTEX_POINT('',#3424);
#1014=VERTEX_POINT('',#3429);
#1015=VERTEX_POINT('',#3433);
#1016=VERTEX_POINT('',#3437);
#1017=VERTEX_POINT('',#3441);
#1018=VERTEX_POINT('',#3445);
#1019=VERTEX_POINT('',#3449);
#1020=VERTEX_POINT('',#3455);
#1021=VERTEX_POINT('',#3456);
#1022=VERTEX_POINT('',#3461);
#1023=VERTEX_POINT('',#3465);
#1024=VERTEX_POINT('',#3469);
#1025=VERTEX_POINT('',#3473);
#1026=VERTEX_POINT('',#3477);
#1027=VERTEX_POINT('',#3481);
#1028=VERTEX_POINT('',#3487);
#1029=VERTEX_POINT('',#3491);
#1030=VERTEX_POINT('',#3493);
#1031=VERTEX_POINT('',#3497);
#1032=VERTEX_POINT('',#3499);
#1033=VERTEX_POINT('',#3510);
#1034=VERTEX_POINT('',#3512);
#1035=VERTEX_POINT('',#3517);
#1036=VERTEX_POINT('',#3518);
#1037=VERTEX_POINT('',#3520);
#1038=VERTEX_POINT('',#3522);
#1039=VERTEX_POINT('',#3528);
#1040=VERTEX_POINT('',#3529);
#1041=VERTEX_POINT('',#3534);
#1042=VERTEX_POINT('',#3538);
#1043=VERTEX_POINT('',#3550);
#1044=VERTEX_POINT('',#3551);
#1045=VERTEX_POINT('',#3553);
#1046=VERTEX_POINT('',#3555);
#1047=VERTEX_POINT('',#3559);
#1048=VERTEX_POINT('',#3561);
#1049=VERTEX_POINT('',#3565);
#1050=VERTEX_POINT('',#3567);
#1051=VERTEX_POINT('',#3571);
#1052=VERTEX_POINT('',#3573);
#1053=VERTEX_POINT('',#3577);
#1054=VERTEX_POINT('',#3579);
#1055=VERTEX_POINT('',#3583);
#1056=VERTEX_POINT('',#3585);
#1057=VERTEX_POINT('',#3589);
#1058=VERTEX_POINT('',#3591);
#1059=VERTEX_POINT('',#3598);
#1060=VERTEX_POINT('',#3599);
#1061=VERTEX_POINT('',#3601);
#1062=VERTEX_POINT('',#3603);
#1063=VERTEX_POINT('',#3615);
#1064=VERTEX_POINT('',#3616);
#1065=VERTEX_POINT('',#3621);
#1066=VERTEX_POINT('',#3622);
#1067=VERTEX_POINT('',#3635);
#1068=VERTEX_POINT('',#3636);
#1069=VERTEX_POINT('',#3641);
#1070=VERTEX_POINT('',#3642);
#1071=VERTEX_POINT('',#3648);
#1072=VERTEX_POINT('',#3649);
#1073=VERTEX_POINT('',#3651);
#1074=VERTEX_POINT('',#3653);
#1075=VERTEX_POINT('',#3655);
#1076=VERTEX_POINT('',#3657);
#1077=VERTEX_POINT('',#3659);
#1078=VERTEX_POINT('',#3661);
#1079=VERTEX_POINT('',#3668);
#1080=VERTEX_POINT('',#3670);
#1081=VERTEX_POINT('',#3674);
#1082=VERTEX_POINT('',#3676);
#1083=VERTEX_POINT('',#3682);
#1084=VERTEX_POINT('',#3684);
#1085=VERTEX_POINT('',#3689);
#1086=VERTEX_POINT('',#3691);
#1087=EDGE_CURVE('',#879,#880,#409,.T.);
#1088=EDGE_CURVE('',#881,#879,#410,.T.);
#1089=EDGE_CURVE('',#882,#881,#411,.T.);
#1090=EDGE_CURVE('',#880,#882,#412,.T.);
#1091=EDGE_CURVE('',#883,#881,#413,.T.);
#1092=EDGE_CURVE('',#884,#883,#414,.T.);
#1093=EDGE_CURVE('',#882,#884,#415,.T.);
#1094=EDGE_CURVE('',#879,#885,#416,.T.);
#1095=EDGE_CURVE('',#885,#883,#417,.T.);
#1096=EDGE_CURVE('',#886,#880,#418,.T.);
#1097=EDGE_CURVE('',#886,#885,#419,.T.);
#1098=EDGE_CURVE('',#887,#884,#420,.T.);
#1099=EDGE_CURVE('',#888,#887,#421,.T.);
#1100=EDGE_CURVE('',#889,#888,#422,.T.);
#1101=EDGE_CURVE('',#889,#890,#423,.T.);
#1102=EDGE_CURVE('',#886,#890,#424,.T.);
#1103=EDGE_CURVE('',#891,#892,#425,.T.);
#1104=EDGE_CURVE('',#893,#892,#426,.T.);
#1105=EDGE_CURVE('',#893,#894,#427,.T.);
#1106=EDGE_CURVE('',#894,#895,#428,.T.);
#1107=EDGE_CURVE('',#896,#895,#429,.T.);
#1108=EDGE_CURVE('',#897,#896,#430,.T.);
#1109=EDGE_CURVE('',#897,#898,#431,.T.);
#1110=EDGE_CURVE('',#898,#891,#432,.T.);
#1111=EDGE_CURVE('',#888,#899,#433,.T.);
#1112=EDGE_CURVE('',#899,#900,#434,.T.);
#1113=EDGE_CURVE('',#889,#900,#435,.T.);
#1114=EDGE_CURVE('',#901,#902,#436,.T.);
#1115=EDGE_CURVE('',#903,#901,#437,.T.);
#1116=EDGE_CURVE('',#904,#903,#438,.T.);
#1117=EDGE_CURVE('',#902,#904,#439,.T.);
#1118=EDGE_CURVE('',#905,#902,#440,.T.);
#1119=EDGE_CURVE('',#905,#906,#441,.T.);
#1120=EDGE_CURVE('',#901,#906,#442,.T.);
#1121=EDGE_CURVE('',#907,#903,#443,.T.);
#1122=EDGE_CURVE('',#908,#907,#444,.T.);
#1123=EDGE_CURVE('',#904,#908,#445,.T.);
#1124=EDGE_CURVE('',#906,#907,#446,.T.);
#1125=EDGE_CURVE('',#909,#908,#447,.T.);
#1126=EDGE_CURVE('',#900,#909,#448,.T.);
#1127=EDGE_CURVE('',#910,#899,#449,.T.);
#1128=EDGE_CURVE('',#905,#910,#450,.T.);
#1129=EDGE_CURVE('',#911,#911,#42,.T.);
#1130=EDGE_CURVE('',#911,#912,#451,.T.);
#1131=EDGE_CURVE('',#912,#912,#43,.T.);
#1132=EDGE_CURVE('',#913,#913,#44,.T.);
#1133=EDGE_CURVE('',#914,#914,#45,.T.);
#1134=EDGE_CURVE('',#914,#913,#452,.T.);
#1135=EDGE_CURVE('',#915,#916,#46,.T.);
#1136=EDGE_CURVE('',#916,#917,#453,.T.);
#1137=EDGE_CURVE('',#917,#918,#47,.T.);
#1138=EDGE_CURVE('',#918,#915,#454,.T.);
#1139=EDGE_CURVE('',#917,#919,#48,.T.);
#1140=EDGE_CURVE('',#919,#918,#49,.T.);
#1141=EDGE_CURVE('',#917,#920,#455,.T.);
#1142=EDGE_CURVE('',#921,#920,#50,.T.);
#1143=EDGE_CURVE('',#921,#919,#456,.T.);
#1144=EDGE_CURVE('',#916,#922,#457,.T.);
#1145=EDGE_CURVE('',#920,#922,#458,.T.);
#1146=EDGE_CURVE('',#923,#924,#459,.T.);
#1147=EDGE_CURVE('',#924,#925,#51,.T.);
#1148=EDGE_CURVE('',#925,#926,#460,.T.);
#1149=EDGE_CURVE('',#926,#927,#52,.T.);
#1150=EDGE_CURVE('',#927,#928,#461,.T.);
#1151=EDGE_CURVE('',#928,#929,#53,.T.);
#1152=EDGE_CURVE('',#929,#930,#462,.T.);
#1153=EDGE_CURVE('',#930,#923,#54,.T.);
#1154=EDGE_CURVE('',#931,#932,#463,.T.);
#1155=EDGE_CURVE('',#932,#933,#55,.T.);
#1156=EDGE_CURVE('',#933,#934,#464,.T.);
#1157=EDGE_CURVE('',#934,#935,#56,.T.);
#1158=EDGE_CURVE('',#935,#936,#465,.T.);
#1159=EDGE_CURVE('',#936,#937,#57,.T.);
#1160=EDGE_CURVE('',#937,#938,#466,.T.);
#1161=EDGE_CURVE('',#938,#931,#58,.T.);
#1162=EDGE_CURVE('',#939,#940,#467,.T.);
#1163=EDGE_CURVE('',#940,#941,#59,.T.);
#1164=EDGE_CURVE('',#941,#942,#468,.T.);
#1165=EDGE_CURVE('',#942,#943,#60,.T.);
#1166=EDGE_CURVE('',#943,#944,#469,.T.);
#1167=EDGE_CURVE('',#944,#945,#61,.T.);
#1168=EDGE_CURVE('',#945,#946,#470,.T.);
#1169=EDGE_CURVE('',#946,#939,#62,.T.);
#1170=EDGE_CURVE('',#947,#948,#471,.T.);
#1171=EDGE_CURVE('',#948,#949,#63,.T.);
#1172=EDGE_CURVE('',#949,#950,#472,.T.);
#1173=EDGE_CURVE('',#950,#951,#64,.T.);
#1174=EDGE_CURVE('',#951,#952,#473,.T.);
#1175=EDGE_CURVE('',#952,#953,#65,.T.);
#1176=EDGE_CURVE('',#953,#954,#474,.T.);
#1177=EDGE_CURVE('',#954,#947,#66,.T.);
#1178=EDGE_CURVE('',#955,#956,#475,.T.);
#1179=EDGE_CURVE('',#956,#957,#67,.T.);
#1180=EDGE_CURVE('',#957,#958,#476,.T.);
#1181=EDGE_CURVE('',#958,#959,#68,.T.);
#1182=EDGE_CURVE('',#959,#960,#477,.T.);
#1183=EDGE_CURVE('',#960,#961,#69,.T.);
#1184=EDGE_CURVE('',#961,#962,#478,.T.);
#1185=EDGE_CURVE('',#962,#955,#70,.T.);
#1186=EDGE_CURVE('',#963,#964,#479,.T.);
#1187=EDGE_CURVE('',#964,#965,#71,.T.);
#1188=EDGE_CURVE('',#965,#966,#480,.T.);
#1189=EDGE_CURVE('',#966,#967,#72,.T.);
#1190=EDGE_CURVE('',#967,#968,#481,.T.);
#1191=EDGE_CURVE('',#968,#969,#73,.T.);
#1192=EDGE_CURVE('',#969,#970,#482,.T.);
#1193=EDGE_CURVE('',#970,#963,#74,.T.);
#1194=EDGE_CURVE('',#971,#915,#483,.T.);
#1195=EDGE_CURVE('',#972,#971,#484,.T.);
#1196=EDGE_CURVE('',#972,#973,#485,.T.);
#1197=EDGE_CURVE('',#922,#973,#75,.T.);
#1198=EDGE_CURVE('',#896,#974,#486,.T.);
#1199=EDGE_CURVE('',#975,#974,#487,.T.);
#1200=EDGE_CURVE('',#893,#975,#488,.T.);
#1201=EDGE_CURVE('',#892,#976,#489,.T.);
#1202=EDGE_CURVE('',#890,#976,#490,.T.);
#1203=EDGE_CURVE('',#977,#909,#491,.T.);
#1204=EDGE_CURVE('',#897,#977,#492,.T.);
#1205=EDGE_CURVE('',#973,#978,#493,.T.);
#1206=EDGE_CURVE('',#978,#920,#76,.T.);
#1207=EDGE_CURVE('',#978,#921,#77,.T.);
#1208=EDGE_CURVE('',#972,#979,#494,.T.);
#1209=EDGE_CURVE('',#978,#979,#495,.T.);
#1210=EDGE_CURVE('',#980,#981,#496,.T.);
#1211=EDGE_CURVE('',#968,#980,#497,.T.);
#1212=EDGE_CURVE('',#967,#981,#498,.T.);
#1213=EDGE_CURVE('',#981,#982,#78,.T.);
#1214=EDGE_CURVE('',#966,#982,#499,.T.);
#1215=EDGE_CURVE('',#982,#983,#500,.T.);
#1216=EDGE_CURVE('',#965,#983,#501,.T.);
#1217=EDGE_CURVE('',#983,#984,#79,.T.);
#1218=EDGE_CURVE('',#964,#984,#502,.T.);
#1219=EDGE_CURVE('',#984,#985,#503,.T.);
#1220=EDGE_CURVE('',#963,#985,#504,.T.);
#1221=EDGE_CURVE('',#985,#986,#80,.T.);
#1222=EDGE_CURVE('',#970,#986,#505,.T.);
#1223=EDGE_CURVE('',#986,#987,#506,.T.);
#1224=EDGE_CURVE('',#969,#987,#507,.T.);
#1225=EDGE_CURVE('',#987,#980,#81,.T.);
#1226=EDGE_CURVE('',#988,#989,#508,.T.);
#1227=EDGE_CURVE('',#960,#988,#509,.T.);
#1228=EDGE_CURVE('',#959,#989,#510,.T.);
#1229=EDGE_CURVE('',#989,#990,#82,.T.);
#1230=EDGE_CURVE('',#958,#990,#511,.T.);
#1231=EDGE_CURVE('',#990,#991,#512,.T.);
#1232=EDGE_CURVE('',#957,#991,#513,.T.);
#1233=EDGE_CURVE('',#991,#992,#83,.T.);
#1234=EDGE_CURVE('',#956,#992,#514,.T.);
#1235=EDGE_CURVE('',#992,#993,#515,.T.);
#1236=EDGE_CURVE('',#955,#993,#516,.T.);
#1237=EDGE_CURVE('',#993,#994,#84,.T.);
#1238=EDGE_CURVE('',#962,#994,#517,.T.);
#1239=EDGE_CURVE('',#994,#995,#518,.T.);
#1240=EDGE_CURVE('',#961,#995,#519,.T.);
#1241=EDGE_CURVE('',#995,#988,#85,.T.);
#1242=EDGE_CURVE('',#996,#997,#520,.T.);
#1243=EDGE_CURVE('',#952,#996,#521,.T.);
#1244=EDGE_CURVE('',#951,#997,#522,.T.);
#1245=EDGE_CURVE('',#997,#998,#86,.T.);
#1246=EDGE_CURVE('',#950,#998,#523,.T.);
#1247=EDGE_CURVE('',#998,#999,#524,.T.);
#1248=EDGE_CURVE('',#949,#999,#525,.T.);
#1249=EDGE_CURVE('',#999,#1000,#87,.T.);
#1250=EDGE_CURVE('',#948,#1000,#526,.T.);
#1251=EDGE_CURVE('',#1000,#1001,#527,.T.);
#1252=EDGE_CURVE('',#947,#1001,#528,.T.);
#1253=EDGE_CURVE('',#1001,#1002,#88,.T.);
#1254=EDGE_CURVE('',#954,#1002,#529,.T.);
#1255=EDGE_CURVE('',#1002,#1003,#530,.T.);
#1256=EDGE_CURVE('',#953,#1003,#531,.T.);
#1257=EDGE_CURVE('',#1003,#996,#89,.T.);
#1258=EDGE_CURVE('',#1004,#1005,#532,.T.);
#1259=EDGE_CURVE('',#944,#1004,#533,.T.);
#1260=EDGE_CURVE('',#943,#1005,#534,.T.);
#1261=EDGE_CURVE('',#1005,#1006,#90,.T.);
#1262=EDGE_CURVE('',#942,#1006,#535,.T.);
#1263=EDGE_CURVE('',#1006,#1007,#536,.T.);
#1264=EDGE_CURVE('',#941,#1007,#537,.T.);
#1265=EDGE_CURVE('',#1007,#1008,#91,.T.);
#1266=EDGE_CURVE('',#940,#1008,#538,.T.);
#1267=EDGE_CURVE('',#1008,#1009,#539,.T.);
#1268=EDGE_CURVE('',#939,#1009,#540,.T.);
#1269=EDGE_CURVE('',#1009,#1010,#92,.T.);
#1270=EDGE_CURVE('',#946,#1010,#541,.T.);
#1271=EDGE_CURVE('',#1010,#1011,#542,.T.);
#1272=EDGE_CURVE('',#945,#1011,#543,.T.);
#1273=EDGE_CURVE('',#1011,#1004,#93,.T.);
#1274=EDGE_CURVE('',#1012,#1013,#544,.T.);
#1275=EDGE_CURVE('',#936,#1012,#545,.T.);
#1276=EDGE_CURVE('',#935,#1013,#546,.T.);
#1277=EDGE_CURVE('',#1013,#1014,#94,.T.);
#1278=EDGE_CURVE('',#934,#1014,#547,.T.);
#1279=EDGE_CURVE('',#1014,#1015,#548,.T.);
#1280=EDGE_CURVE('',#933,#1015,#549,.T.);
#1281=EDGE_CURVE('',#1015,#1016,#95,.T.);
#1282=EDGE_CURVE('',#932,#1016,#550,.T.);
#1283=EDGE_CURVE('',#1016,#1017,#551,.T.);
#1284=EDGE_CURVE('',#931,#1017,#552,.T.);
#1285=EDGE_CURVE('',#1017,#1018,#96,.T.);
#1286=EDGE_CURVE('',#938,#1018,#553,.T.);
#1287=EDGE_CURVE('',#1018,#1019,#554,.T.);
#1288=EDGE_CURVE('',#937,#1019,#555,.T.);
#1289=EDGE_CURVE('',#1019,#1012,#97,.T.);
#1290=EDGE_CURVE('',#1020,#1021,#556,.T.);
#1291=EDGE_CURVE('',#928,#1020,#557,.T.);
#1292=EDGE_CURVE('',#927,#1021,#558,.T.);
#1293=EDGE_CURVE('',#1021,#1022,#98,.T.);
#1294=EDGE_CURVE('',#926,#1022,#559,.T.);
#1295=EDGE_CURVE('',#1022,#1023,#560,.T.);
#1296=EDGE_CURVE('',#925,#1023,#561,.T.);
#1297=EDGE_CURVE('',#1023,#1024,#99,.T.);
#1298=EDGE_CURVE('',#924,#1024,#562,.T.);
#1299=EDGE_CURVE('',#1024,#1025,#563,.T.);
#1300=EDGE_CURVE('',#923,#1025,#564,.T.);
#1301=EDGE_CURVE('',#1025,#1026,#100,.T.);
#1302=EDGE_CURVE('',#930,#1026,#565,.T.);
#1303=EDGE_CURVE('',#1026,#1027,#566,.T.);
#1304=EDGE_CURVE('',#929,#1027,#567,.T.);
#1305=EDGE_CURVE('',#1027,#1020,#101,.T.);
#1306=EDGE_CURVE('',#979,#1028,#102,.T.);
#1307=EDGE_CURVE('',#1028,#921,#568,.T.);
#1308=EDGE_CURVE('',#974,#1029,#569,.T.);
#1309=EDGE_CURVE('',#1029,#1030,#570,.T.);
#1310=EDGE_CURVE('',#975,#1030,#571,.T.);
#1311=EDGE_CURVE('',#898,#1031,#572,.T.);
#1312=EDGE_CURVE('',#1032,#1031,#573,.T.);
#1313=EDGE_CURVE('',#891,#1032,#574,.T.);
#1314=EDGE_CURVE('',#976,#1032,#575,.T.);
#1315=EDGE_CURVE('',#910,#887,#576,.T.);
#1316=EDGE_CURVE('',#1031,#977,#577,.T.);
#1317=EDGE_CURVE('',#919,#1033,#578,.T.);
#1318=EDGE_CURVE('',#1033,#1034,#103,.T.);
#1319=EDGE_CURVE('',#1034,#918,#579,.T.);
#1320=EDGE_CURVE('',#1028,#1033,#580,.T.);
#1321=EDGE_CURVE('',#1035,#1036,#581,.T.);
#1322=EDGE_CURVE('',#1036,#1037,#582,.T.);
#1323=EDGE_CURVE('',#1037,#1038,#583,.T.);
#1324=EDGE_CURVE('',#1038,#1035,#584,.T.);
#1325=EDGE_CURVE('',#971,#1034,#585,.T.);
#1326=EDGE_CURVE('',#1039,#1040,#586,.T.);
#1327=EDGE_CURVE('',#1039,#1038,#587,.T.);
#1328=EDGE_CURVE('',#1040,#1037,#588,.T.);
#1329=EDGE_CURVE('',#1040,#1041,#589,.T.);
#1330=EDGE_CURVE('',#1041,#1036,#590,.T.);
#1331=EDGE_CURVE('',#1041,#1042,#591,.T.);
#1332=EDGE_CURVE('',#1042,#1035,#592,.T.);
#1333=EDGE_CURVE('',#1042,#1039,#593,.T.);
#1334=EDGE_CURVE('',#895,#1029,#594,.T.);
#1335=EDGE_CURVE('',#1030,#894,#595,.T.);
#1336=EDGE_CURVE('',#1043,#1044,#104,.T.);
#1337=EDGE_CURVE('',#1044,#1045,#596,.T.);
#1338=EDGE_CURVE('',#1045,#1046,#105,.T.);
#1339=EDGE_CURVE('',#1046,#1043,#597,.T.);
#1340=EDGE_CURVE('',#1044,#1047,#598,.T.);
#1341=EDGE_CURVE('',#1048,#1047,#599,.T.);
#1342=EDGE_CURVE('',#1045,#1048,#600,.T.);
#1343=EDGE_CURVE('',#1047,#1049,#106,.T.);
#1344=EDGE_CURVE('',#1049,#1050,#601,.T.);
#1345=EDGE_CURVE('',#1050,#1048,#107,.T.);
#1346=EDGE_CURVE('',#1049,#1051,#602,.T.);
#1347=EDGE_CURVE('',#1052,#1051,#603,.T.);
#1348=EDGE_CURVE('',#1050,#1052,#604,.T.);
#1349=EDGE_CURVE('',#1053,#1046,#605,.T.);
#1350=EDGE_CURVE('',#1054,#1053,#606,.T.);
#1351=EDGE_CURVE('',#1054,#1043,#607,.T.);
#1352=EDGE_CURVE('',#1053,#1055,#108,.T.);
#1353=EDGE_CURVE('',#1055,#1056,#608,.T.);
#1354=EDGE_CURVE('',#1056,#1054,#109,.T.);
#1355=EDGE_CURVE('',#1057,#1055,#609,.T.);
#1356=EDGE_CURVE('',#1058,#1057,#610,.T.);
#1357=EDGE_CURVE('',#1058,#1056,#611,.T.);
#1358=EDGE_CURVE('',#1051,#1058,#110,.T.);
#1359=EDGE_CURVE('',#1057,#1052,#111,.T.);
#1360=EDGE_CURVE('',#1059,#1060,#112,.T.);
#1361=EDGE_CURVE('',#1060,#1061,#612,.T.);
#1362=EDGE_CURVE('',#1061,#1062,#113,.T.);
#1363=EDGE_CURVE('',#1059,#1062,#613,.T.);
#1364=EDGE_CURVE('',#1063,#1064,#114,.T.);
#1365=EDGE_CURVE('',#1064,#1062,#115,.T.);
#1366=EDGE_CURVE('',#1061,#1063,#116,.T.);
#1367=EDGE_CURVE('',#1065,#1066,#117,.T.);
#1368=EDGE_CURVE('',#1064,#1066,#614,.T.);
#1369=EDGE_CURVE('',#1063,#1065,#615,.T.);
#1370=EDGE_CURVE('',#1067,#1068,#118,.T.);
#1371=EDGE_CURVE('',#1068,#1066,#119,.T.);
#1372=EDGE_CURVE('',#1065,#1067,#120,.T.);
#1373=EDGE_CURVE('',#1069,#1070,#121,.T.);
#1374=EDGE_CURVE('',#1068,#1070,#616,.T.);
#1375=EDGE_CURVE('',#1067,#1069,#617,.T.);
#1376=EDGE_CURVE('',#1060,#1069,#618,.T.);
#1377=EDGE_CURVE('',#1071,#1072,#619,.T.);
#1378=EDGE_CURVE('',#1071,#1073,#620,.T.);
#1379=EDGE_CURVE('',#1074,#1073,#621,.T.);
#1380=EDGE_CURVE('',#1075,#1074,#622,.T.);
#1381=EDGE_CURVE('',#1076,#1075,#623,.T.);
#1382=EDGE_CURVE('',#1076,#1077,#624,.T.);
#1383=EDGE_CURVE('',#1077,#1078,#625,.T.);
#1384=EDGE_CURVE('',#1078,#1072,#626,.T.);
#1385=EDGE_CURVE('',#1070,#1059,#627,.T.);
#1386=EDGE_CURVE('',#1071,#1079,#628,.T.);
#1387=EDGE_CURVE('',#1080,#1079,#629,.T.);
#1388=EDGE_CURVE('',#1073,#1080,#630,.T.);
#1389=EDGE_CURVE('',#1081,#1078,#631,.T.);
#1390=EDGE_CURVE('',#1082,#1081,#632,.T.);
#1391=EDGE_CURVE('',#1072,#1082,#633,.T.);
#1392=EDGE_CURVE('',#1079,#1082,#634,.T.);
#1393=EDGE_CURVE('',#1077,#1083,#635,.T.);
#1394=EDGE_CURVE('',#1084,#1076,#636,.T.);
#1395=EDGE_CURVE('',#1083,#1084,#637,.T.);
#1396=EDGE_CURVE('',#1081,#1083,#638,.T.);
#1397=EDGE_CURVE('',#1084,#1085,#639,.T.);
#1398=EDGE_CURVE('',#1085,#1086,#640,.T.);
#1399=EDGE_CURVE('',#1086,#1080,#641,.T.);
#1400=EDGE_CURVE('',#1074,#1086,#642,.T.);
#1401=EDGE_CURVE('',#1075,#1085,#643,.T.);
#1402=ORIENTED_EDGE('',*,*,#1087,.F.);
#1403=ORIENTED_EDGE('',*,*,#1088,.F.);
#1404=ORIENTED_EDGE('',*,*,#1089,.F.);
#1405=ORIENTED_EDGE('',*,*,#1090,.F.);
#1406=ORIENTED_EDGE('',*,*,#1089,.T.);
#1407=ORIENTED_EDGE('',*,*,#1091,.F.);
#1408=ORIENTED_EDGE('',*,*,#1092,.F.);
#1409=ORIENTED_EDGE('',*,*,#1093,.F.);
#1410=ORIENTED_EDGE('',*,*,#1088,.T.);
#1411=ORIENTED_EDGE('',*,*,#1094,.T.);
#1412=ORIENTED_EDGE('',*,*,#1095,.T.);
#1413=ORIENTED_EDGE('',*,*,#1091,.T.);
#1414=ORIENTED_EDGE('',*,*,#1087,.T.);
#1415=ORIENTED_EDGE('',*,*,#1096,.F.);
#1416=ORIENTED_EDGE('',*,*,#1097,.T.);
#1417=ORIENTED_EDGE('',*,*,#1094,.F.);
#1418=ORIENTED_EDGE('',*,*,#1096,.T.);
#1419=ORIENTED_EDGE('',*,*,#1090,.T.);
#1420=ORIENTED_EDGE('',*,*,#1093,.T.);
#1421=ORIENTED_EDGE('',*,*,#1098,.F.);
#1422=ORIENTED_EDGE('',*,*,#1099,.F.);
#1423=ORIENTED_EDGE('',*,*,#1100,.F.);
#1424=ORIENTED_EDGE('',*,*,#1101,.T.);
#1425=ORIENTED_EDGE('',*,*,#1102,.F.);
#1426=ORIENTED_EDGE('',*,*,#1103,.T.);
#1427=ORIENTED_EDGE('',*,*,#1104,.F.);
#1428=ORIENTED_EDGE('',*,*,#1105,.T.);
#1429=ORIENTED_EDGE('',*,*,#1106,.T.);
#1430=ORIENTED_EDGE('',*,*,#1107,.F.);
#1431=ORIENTED_EDGE('',*,*,#1108,.F.);
#1432=ORIENTED_EDGE('',*,*,#1109,.T.);
#1433=ORIENTED_EDGE('',*,*,#1110,.T.);
#1434=ORIENTED_EDGE('',*,*,#1100,.T.);
#1435=ORIENTED_EDGE('',*,*,#1111,.T.);
#1436=ORIENTED_EDGE('',*,*,#1112,.T.);
#1437=ORIENTED_EDGE('',*,*,#1113,.F.);
#1438=ORIENTED_EDGE('',*,*,#1114,.F.);
#1439=ORIENTED_EDGE('',*,*,#1115,.F.);
#1440=ORIENTED_EDGE('',*,*,#1116,.F.);
#1441=ORIENTED_EDGE('',*,*,#1117,.F.);
#1442=ORIENTED_EDGE('',*,*,#1114,.T.);
#1443=ORIENTED_EDGE('',*,*,#1118,.F.);
#1444=ORIENTED_EDGE('',*,*,#1119,.T.);
#1445=ORIENTED_EDGE('',*,*,#1120,.F.);
#1446=ORIENTED_EDGE('',*,*,#1116,.T.);
#1447=ORIENTED_EDGE('',*,*,#1121,.F.);
#1448=ORIENTED_EDGE('',*,*,#1122,.F.);
#1449=ORIENTED_EDGE('',*,*,#1123,.F.);
#1450=ORIENTED_EDGE('',*,*,#1115,.T.);
#1451=ORIENTED_EDGE('',*,*,#1120,.T.);
#1452=ORIENTED_EDGE('',*,*,#1124,.T.);
#1453=ORIENTED_EDGE('',*,*,#1121,.T.);
#1454=ORIENTED_EDGE('',*,*,#1123,.T.);
#1455=ORIENTED_EDGE('',*,*,#1125,.F.);
#1456=ORIENTED_EDGE('',*,*,#1126,.F.);
#1457=ORIENTED_EDGE('',*,*,#1112,.F.);
#1458=ORIENTED_EDGE('',*,*,#1127,.F.);
#1459=ORIENTED_EDGE('',*,*,#1128,.F.);
#1460=ORIENTED_EDGE('',*,*,#1118,.T.);
#1461=ORIENTED_EDGE('',*,*,#1117,.T.);
#1462=ORIENTED_EDGE('',*,*,#1129,.F.);
#1463=ORIENTED_EDGE('',*,*,#1130,.T.);
#1464=ORIENTED_EDGE('',*,*,#1131,.T.);
#1465=ORIENTED_EDGE('',*,*,#1130,.F.);
#1466=ORIENTED_EDGE('',*,*,#1131,.F.);
#1467=ORIENTED_EDGE('',*,*,#1132,.F.);
#1468=ORIENTED_EDGE('',*,*,#1133,.F.);
#1469=ORIENTED_EDGE('',*,*,#1134,.T.);
#1470=ORIENTED_EDGE('',*,*,#1132,.T.);
#1471=ORIENTED_EDGE('',*,*,#1134,.F.);
#1472=ORIENTED_EDGE('',*,*,#1135,.T.);
#1473=ORIENTED_EDGE('',*,*,#1136,.T.);
#1474=ORIENTED_EDGE('',*,*,#1137,.T.);
#1475=ORIENTED_EDGE('',*,*,#1138,.T.);
#1476=ORIENTED_EDGE('',*,*,#1137,.F.);
#1477=ORIENTED_EDGE('',*,*,#1139,.T.);
#1478=ORIENTED_EDGE('',*,*,#1140,.T.);
#1479=ORIENTED_EDGE('',*,*,#1139,.F.);
#1480=ORIENTED_EDGE('',*,*,#1141,.T.);
#1481=ORIENTED_EDGE('',*,*,#1142,.F.);
#1482=ORIENTED_EDGE('',*,*,#1143,.T.);
#1483=ORIENTED_EDGE('',*,*,#1136,.F.);
#1484=ORIENTED_EDGE('',*,*,#1144,.T.);
#1485=ORIENTED_EDGE('',*,*,#1145,.F.);
#1486=ORIENTED_EDGE('',*,*,#1141,.F.);
#1487=ORIENTED_EDGE('',*,*,#1146,.T.);
#1488=ORIENTED_EDGE('',*,*,#1147,.T.);
#1489=ORIENTED_EDGE('',*,*,#1148,.T.);
#1490=ORIENTED_EDGE('',*,*,#1149,.T.);
#1491=ORIENTED_EDGE('',*,*,#1150,.T.);
#1492=ORIENTED_EDGE('',*,*,#1151,.T.);
#1493=ORIENTED_EDGE('',*,*,#1152,.T.);
#1494=ORIENTED_EDGE('',*,*,#1153,.T.);
#1495=ORIENTED_EDGE('',*,*,#1154,.T.);
#1496=ORIENTED_EDGE('',*,*,#1155,.T.);
#1497=ORIENTED_EDGE('',*,*,#1156,.T.);
#1498=ORIENTED_EDGE('',*,*,#1157,.T.);
#1499=ORIENTED_EDGE('',*,*,#1158,.T.);
#1500=ORIENTED_EDGE('',*,*,#1159,.T.);
#1501=ORIENTED_EDGE('',*,*,#1160,.T.);
#1502=ORIENTED_EDGE('',*,*,#1161,.T.);
#1503=ORIENTED_EDGE('',*,*,#1162,.T.);
#1504=ORIENTED_EDGE('',*,*,#1163,.T.);
#1505=ORIENTED_EDGE('',*,*,#1164,.T.);
#1506=ORIENTED_EDGE('',*,*,#1165,.T.);
#1507=ORIENTED_EDGE('',*,*,#1166,.T.);
#1508=ORIENTED_EDGE('',*,*,#1167,.T.);
#1509=ORIENTED_EDGE('',*,*,#1168,.T.);
#1510=ORIENTED_EDGE('',*,*,#1169,.T.);
#1511=ORIENTED_EDGE('',*,*,#1170,.T.);
#1512=ORIENTED_EDGE('',*,*,#1171,.T.);
#1513=ORIENTED_EDGE('',*,*,#1172,.T.);
#1514=ORIENTED_EDGE('',*,*,#1173,.T.);
#1515=ORIENTED_EDGE('',*,*,#1174,.T.);
#1516=ORIENTED_EDGE('',*,*,#1175,.T.);
#1517=ORIENTED_EDGE('',*,*,#1176,.T.);
#1518=ORIENTED_EDGE('',*,*,#1177,.T.);
#1519=ORIENTED_EDGE('',*,*,#1178,.T.);
#1520=ORIENTED_EDGE('',*,*,#1179,.T.);
#1521=ORIENTED_EDGE('',*,*,#1180,.T.);
#1522=ORIENTED_EDGE('',*,*,#1181,.T.);
#1523=ORIENTED_EDGE('',*,*,#1182,.T.);
#1524=ORIENTED_EDGE('',*,*,#1183,.T.);
#1525=ORIENTED_EDGE('',*,*,#1184,.T.);
#1526=ORIENTED_EDGE('',*,*,#1185,.T.);
#1527=ORIENTED_EDGE('',*,*,#1186,.T.);
#1528=ORIENTED_EDGE('',*,*,#1187,.T.);
#1529=ORIENTED_EDGE('',*,*,#1188,.T.);
#1530=ORIENTED_EDGE('',*,*,#1189,.T.);
#1531=ORIENTED_EDGE('',*,*,#1190,.T.);
#1532=ORIENTED_EDGE('',*,*,#1191,.T.);
#1533=ORIENTED_EDGE('',*,*,#1192,.T.);
#1534=ORIENTED_EDGE('',*,*,#1193,.T.);
#1535=ORIENTED_EDGE('',*,*,#1135,.F.);
#1536=ORIENTED_EDGE('',*,*,#1194,.F.);
#1537=ORIENTED_EDGE('',*,*,#1195,.F.);
#1538=ORIENTED_EDGE('',*,*,#1196,.T.);
#1539=ORIENTED_EDGE('',*,*,#1197,.F.);
#1540=ORIENTED_EDGE('',*,*,#1144,.F.);
#1541=ORIENTED_EDGE('',*,*,#1198,.T.);
#1542=ORIENTED_EDGE('',*,*,#1199,.F.);
#1543=ORIENTED_EDGE('',*,*,#1200,.F.);
#1544=ORIENTED_EDGE('',*,*,#1104,.T.);
#1545=ORIENTED_EDGE('',*,*,#1201,.T.);
#1546=ORIENTED_EDGE('',*,*,#1202,.F.);
#1547=ORIENTED_EDGE('',*,*,#1101,.F.);
#1548=ORIENTED_EDGE('',*,*,#1113,.T.);
#1549=ORIENTED_EDGE('',*,*,#1126,.T.);
#1550=ORIENTED_EDGE('',*,*,#1203,.F.);
#1551=ORIENTED_EDGE('',*,*,#1204,.F.);
#1552=ORIENTED_EDGE('',*,*,#1108,.T.);
#1553=ORIENTED_EDGE('',*,*,#1197,.T.);
#1554=ORIENTED_EDGE('',*,*,#1205,.T.);
#1555=ORIENTED_EDGE('',*,*,#1206,.T.);
#1556=ORIENTED_EDGE('',*,*,#1145,.T.);
#1557=ORIENTED_EDGE('',*,*,#1206,.F.);
#1558=ORIENTED_EDGE('',*,*,#1207,.T.);
#1559=ORIENTED_EDGE('',*,*,#1142,.T.);
#1560=ORIENTED_EDGE('',*,*,#1205,.F.);
#1561=ORIENTED_EDGE('',*,*,#1196,.F.);
#1562=ORIENTED_EDGE('',*,*,#1208,.T.);
#1563=ORIENTED_EDGE('',*,*,#1209,.F.);
#1564=ORIENTED_EDGE('',*,*,#1210,.F.);
#1565=ORIENTED_EDGE('',*,*,#1211,.F.);
#1566=ORIENTED_EDGE('',*,*,#1190,.F.);
#1567=ORIENTED_EDGE('',*,*,#1212,.T.);
#1568=ORIENTED_EDGE('',*,*,#1213,.F.);
#1569=ORIENTED_EDGE('',*,*,#1212,.F.);
#1570=ORIENTED_EDGE('',*,*,#1189,.F.);
#1571=ORIENTED_EDGE('',*,*,#1214,.T.);
#1572=ORIENTED_EDGE('',*,*,#1215,.F.);
#1573=ORIENTED_EDGE('',*,*,#1214,.F.);
#1574=ORIENTED_EDGE('',*,*,#1188,.F.);
#1575=ORIENTED_EDGE('',*,*,#1216,.T.);
#1576=ORIENTED_EDGE('',*,*,#1217,.F.);
#1577=ORIENTED_EDGE('',*,*,#1216,.F.);
#1578=ORIENTED_EDGE('',*,*,#1187,.F.);
#1579=ORIENTED_EDGE('',*,*,#1218,.T.);
#1580=ORIENTED_EDGE('',*,*,#1219,.F.);
#1581=ORIENTED_EDGE('',*,*,#1218,.F.);
#1582=ORIENTED_EDGE('',*,*,#1186,.F.);
#1583=ORIENTED_EDGE('',*,*,#1220,.T.);
#1584=ORIENTED_EDGE('',*,*,#1221,.F.);
#1585=ORIENTED_EDGE('',*,*,#1220,.F.);
#1586=ORIENTED_EDGE('',*,*,#1193,.F.);
#1587=ORIENTED_EDGE('',*,*,#1222,.T.);
#1588=ORIENTED_EDGE('',*,*,#1223,.F.);
#1589=ORIENTED_EDGE('',*,*,#1222,.F.);
#1590=ORIENTED_EDGE('',*,*,#1192,.F.);
#1591=ORIENTED_EDGE('',*,*,#1224,.T.);
#1592=ORIENTED_EDGE('',*,*,#1225,.F.);
#1593=ORIENTED_EDGE('',*,*,#1224,.F.);
#1594=ORIENTED_EDGE('',*,*,#1191,.F.);
#1595=ORIENTED_EDGE('',*,*,#1211,.T.);
#1596=ORIENTED_EDGE('',*,*,#1226,.F.);
#1597=ORIENTED_EDGE('',*,*,#1227,.F.);
#1598=ORIENTED_EDGE('',*,*,#1182,.F.);
#1599=ORIENTED_EDGE('',*,*,#1228,.T.);
#1600=ORIENTED_EDGE('',*,*,#1229,.F.);
#1601=ORIENTED_EDGE('',*,*,#1228,.F.);
#1602=ORIENTED_EDGE('',*,*,#1181,.F.);
#1603=ORIENTED_EDGE('',*,*,#1230,.T.);
#1604=ORIENTED_EDGE('',*,*,#1231,.F.);
#1605=ORIENTED_EDGE('',*,*,#1230,.F.);
#1606=ORIENTED_EDGE('',*,*,#1180,.F.);
#1607=ORIENTED_EDGE('',*,*,#1232,.T.);
#1608=ORIENTED_EDGE('',*,*,#1233,.F.);
#1609=ORIENTED_EDGE('',*,*,#1232,.F.);
#1610=ORIENTED_EDGE('',*,*,#1179,.F.);
#1611=ORIENTED_EDGE('',*,*,#1234,.T.);
#1612=ORIENTED_EDGE('',*,*,#1235,.F.);
#1613=ORIENTED_EDGE('',*,*,#1234,.F.);
#1614=ORIENTED_EDGE('',*,*,#1178,.F.);
#1615=ORIENTED_EDGE('',*,*,#1236,.T.);
#1616=ORIENTED_EDGE('',*,*,#1237,.F.);
#1617=ORIENTED_EDGE('',*,*,#1236,.F.);
#1618=ORIENTED_EDGE('',*,*,#1185,.F.);
#1619=ORIENTED_EDGE('',*,*,#1238,.T.);
#1620=ORIENTED_EDGE('',*,*,#1239,.F.);
#1621=ORIENTED_EDGE('',*,*,#1238,.F.);
#1622=ORIENTED_EDGE('',*,*,#1184,.F.);
#1623=ORIENTED_EDGE('',*,*,#1240,.T.);
#1624=ORIENTED_EDGE('',*,*,#1241,.F.);
#1625=ORIENTED_EDGE('',*,*,#1240,.F.);
#1626=ORIENTED_EDGE('',*,*,#1183,.F.);
#1627=ORIENTED_EDGE('',*,*,#1227,.T.);
#1628=ORIENTED_EDGE('',*,*,#1242,.F.);
#1629=ORIENTED_EDGE('',*,*,#1243,.F.);
#1630=ORIENTED_EDGE('',*,*,#1174,.F.);
#1631=ORIENTED_EDGE('',*,*,#1244,.T.);
#1632=ORIENTED_EDGE('',*,*,#1245,.F.);
#1633=ORIENTED_EDGE('',*,*,#1244,.F.);
#1634=ORIENTED_EDGE('',*,*,#1173,.F.);
#1635=ORIENTED_EDGE('',*,*,#1246,.T.);
#1636=ORIENTED_EDGE('',*,*,#1247,.F.);
#1637=ORIENTED_EDGE('',*,*,#1246,.F.);
#1638=ORIENTED_EDGE('',*,*,#1172,.F.);
#1639=ORIENTED_EDGE('',*,*,#1248,.T.);
#1640=ORIENTED_EDGE('',*,*,#1249,.F.);
#1641=ORIENTED_EDGE('',*,*,#1248,.F.);
#1642=ORIENTED_EDGE('',*,*,#1171,.F.);
#1643=ORIENTED_EDGE('',*,*,#1250,.T.);
#1644=ORIENTED_EDGE('',*,*,#1251,.F.);
#1645=ORIENTED_EDGE('',*,*,#1250,.F.);
#1646=ORIENTED_EDGE('',*,*,#1170,.F.);
#1647=ORIENTED_EDGE('',*,*,#1252,.T.);
#1648=ORIENTED_EDGE('',*,*,#1253,.F.);
#1649=ORIENTED_EDGE('',*,*,#1252,.F.);
#1650=ORIENTED_EDGE('',*,*,#1177,.F.);
#1651=ORIENTED_EDGE('',*,*,#1254,.T.);
#1652=ORIENTED_EDGE('',*,*,#1255,.F.);
#1653=ORIENTED_EDGE('',*,*,#1254,.F.);
#1654=ORIENTED_EDGE('',*,*,#1176,.F.);
#1655=ORIENTED_EDGE('',*,*,#1256,.T.);
#1656=ORIENTED_EDGE('',*,*,#1257,.F.);
#1657=ORIENTED_EDGE('',*,*,#1256,.F.);
#1658=ORIENTED_EDGE('',*,*,#1175,.F.);
#1659=ORIENTED_EDGE('',*,*,#1243,.T.);
#1660=ORIENTED_EDGE('',*,*,#1258,.F.);
#1661=ORIENTED_EDGE('',*,*,#1259,.F.);
#1662=ORIENTED_EDGE('',*,*,#1166,.F.);
#1663=ORIENTED_EDGE('',*,*,#1260,.T.);
#1664=ORIENTED_EDGE('',*,*,#1261,.F.);
#1665=ORIENTED_EDGE('',*,*,#1260,.F.);
#1666=ORIENTED_EDGE('',*,*,#1165,.F.);
#1667=ORIENTED_EDGE('',*,*,#1262,.T.);
#1668=ORIENTED_EDGE('',*,*,#1263,.F.);
#1669=ORIENTED_EDGE('',*,*,#1262,.F.);
#1670=ORIENTED_EDGE('',*,*,#1164,.F.);
#1671=ORIENTED_EDGE('',*,*,#1264,.T.);
#1672=ORIENTED_EDGE('',*,*,#1265,.F.);
#1673=ORIENTED_EDGE('',*,*,#1264,.F.);
#1674=ORIENTED_EDGE('',*,*,#1163,.F.);
#1675=ORIENTED_EDGE('',*,*,#1266,.T.);
#1676=ORIENTED_EDGE('',*,*,#1267,.F.);
#1677=ORIENTED_EDGE('',*,*,#1266,.F.);
#1678=ORIENTED_EDGE('',*,*,#1162,.F.);
#1679=ORIENTED_EDGE('',*,*,#1268,.T.);
#1680=ORIENTED_EDGE('',*,*,#1269,.F.);
#1681=ORIENTED_EDGE('',*,*,#1268,.F.);
#1682=ORIENTED_EDGE('',*,*,#1169,.F.);
#1683=ORIENTED_EDGE('',*,*,#1270,.T.);
#1684=ORIENTED_EDGE('',*,*,#1271,.F.);
#1685=ORIENTED_EDGE('',*,*,#1270,.F.);
#1686=ORIENTED_EDGE('',*,*,#1168,.F.);
#1687=ORIENTED_EDGE('',*,*,#1272,.T.);
#1688=ORIENTED_EDGE('',*,*,#1273,.F.);
#1689=ORIENTED_EDGE('',*,*,#1272,.F.);
#1690=ORIENTED_EDGE('',*,*,#1167,.F.);
#1691=ORIENTED_EDGE('',*,*,#1259,.T.);
#1692=ORIENTED_EDGE('',*,*,#1274,.F.);
#1693=ORIENTED_EDGE('',*,*,#1275,.F.);
#1694=ORIENTED_EDGE('',*,*,#1158,.F.);
#1695=ORIENTED_EDGE('',*,*,#1276,.T.);
#1696=ORIENTED_EDGE('',*,*,#1277,.F.);
#1697=ORIENTED_EDGE('',*,*,#1276,.F.);
#1698=ORIENTED_EDGE('',*,*,#1157,.F.);
#1699=ORIENTED_EDGE('',*,*,#1278,.T.);
#1700=ORIENTED_EDGE('',*,*,#1279,.F.);
#1701=ORIENTED_EDGE('',*,*,#1278,.F.);
#1702=ORIENTED_EDGE('',*,*,#1156,.F.);
#1703=ORIENTED_EDGE('',*,*,#1280,.T.);
#1704=ORIENTED_EDGE('',*,*,#1281,.F.);
#1705=ORIENTED_EDGE('',*,*,#1280,.F.);
#1706=ORIENTED_EDGE('',*,*,#1155,.F.);
#1707=ORIENTED_EDGE('',*,*,#1282,.T.);
#1708=ORIENTED_EDGE('',*,*,#1283,.F.);
#1709=ORIENTED_EDGE('',*,*,#1282,.F.);
#1710=ORIENTED_EDGE('',*,*,#1154,.F.);
#1711=ORIENTED_EDGE('',*,*,#1284,.T.);
#1712=ORIENTED_EDGE('',*,*,#1285,.F.);
#1713=ORIENTED_EDGE('',*,*,#1284,.F.);
#1714=ORIENTED_EDGE('',*,*,#1161,.F.);
#1715=ORIENTED_EDGE('',*,*,#1286,.T.);
#1716=ORIENTED_EDGE('',*,*,#1287,.F.);
#1717=ORIENTED_EDGE('',*,*,#1286,.F.);
#1718=ORIENTED_EDGE('',*,*,#1160,.F.);
#1719=ORIENTED_EDGE('',*,*,#1288,.T.);
#1720=ORIENTED_EDGE('',*,*,#1289,.F.);
#1721=ORIENTED_EDGE('',*,*,#1288,.F.);
#1722=ORIENTED_EDGE('',*,*,#1159,.F.);
#1723=ORIENTED_EDGE('',*,*,#1275,.T.);
#1724=ORIENTED_EDGE('',*,*,#1290,.F.);
#1725=ORIENTED_EDGE('',*,*,#1291,.F.);
#1726=ORIENTED_EDGE('',*,*,#1150,.F.);
#1727=ORIENTED_EDGE('',*,*,#1292,.T.);
#1728=ORIENTED_EDGE('',*,*,#1293,.F.);
#1729=ORIENTED_EDGE('',*,*,#1292,.F.);
#1730=ORIENTED_EDGE('',*,*,#1149,.F.);
#1731=ORIENTED_EDGE('',*,*,#1294,.T.);
#1732=ORIENTED_EDGE('',*,*,#1295,.F.);
#1733=ORIENTED_EDGE('',*,*,#1294,.F.);
#1734=ORIENTED_EDGE('',*,*,#1148,.F.);
#1735=ORIENTED_EDGE('',*,*,#1296,.T.);
#1736=ORIENTED_EDGE('',*,*,#1297,.F.);
#1737=ORIENTED_EDGE('',*,*,#1296,.F.);
#1738=ORIENTED_EDGE('',*,*,#1147,.F.);
#1739=ORIENTED_EDGE('',*,*,#1298,.T.);
#1740=ORIENTED_EDGE('',*,*,#1299,.F.);
#1741=ORIENTED_EDGE('',*,*,#1298,.F.);
#1742=ORIENTED_EDGE('',*,*,#1146,.F.);
#1743=ORIENTED_EDGE('',*,*,#1300,.T.);
#1744=ORIENTED_EDGE('',*,*,#1301,.F.);
#1745=ORIENTED_EDGE('',*,*,#1300,.F.);
#1746=ORIENTED_EDGE('',*,*,#1153,.F.);
#1747=ORIENTED_EDGE('',*,*,#1302,.T.);
#1748=ORIENTED_EDGE('',*,*,#1303,.F.);
#1749=ORIENTED_EDGE('',*,*,#1302,.F.);
#1750=ORIENTED_EDGE('',*,*,#1152,.F.);
#1751=ORIENTED_EDGE('',*,*,#1304,.T.);
#1752=ORIENTED_EDGE('',*,*,#1305,.F.);
#1753=ORIENTED_EDGE('',*,*,#1304,.F.);
#1754=ORIENTED_EDGE('',*,*,#1151,.F.);
#1755=ORIENTED_EDGE('',*,*,#1291,.T.);
#1756=ORIENTED_EDGE('',*,*,#1207,.F.);
#1757=ORIENTED_EDGE('',*,*,#1209,.T.);
#1758=ORIENTED_EDGE('',*,*,#1306,.T.);
#1759=ORIENTED_EDGE('',*,*,#1307,.T.);
#1760=ORIENTED_EDGE('',*,*,#1199,.T.);
#1761=ORIENTED_EDGE('',*,*,#1308,.T.);
#1762=ORIENTED_EDGE('',*,*,#1309,.T.);
#1763=ORIENTED_EDGE('',*,*,#1310,.F.);
#1764=ORIENTED_EDGE('',*,*,#1299,.T.);
#1765=ORIENTED_EDGE('',*,*,#1301,.T.);
#1766=ORIENTED_EDGE('',*,*,#1303,.T.);
#1767=ORIENTED_EDGE('',*,*,#1305,.T.);
#1768=ORIENTED_EDGE('',*,*,#1290,.T.);
#1769=ORIENTED_EDGE('',*,*,#1293,.T.);
#1770=ORIENTED_EDGE('',*,*,#1295,.T.);
#1771=ORIENTED_EDGE('',*,*,#1297,.T.);
#1772=ORIENTED_EDGE('',*,*,#1283,.T.);
#1773=ORIENTED_EDGE('',*,*,#1285,.T.);
#1774=ORIENTED_EDGE('',*,*,#1287,.T.);
#1775=ORIENTED_EDGE('',*,*,#1289,.T.);
#1776=ORIENTED_EDGE('',*,*,#1274,.T.);
#1777=ORIENTED_EDGE('',*,*,#1277,.T.);
#1778=ORIENTED_EDGE('',*,*,#1279,.T.);
#1779=ORIENTED_EDGE('',*,*,#1281,.T.);
#1780=ORIENTED_EDGE('',*,*,#1267,.T.);
#1781=ORIENTED_EDGE('',*,*,#1269,.T.);
#1782=ORIENTED_EDGE('',*,*,#1271,.T.);
#1783=ORIENTED_EDGE('',*,*,#1273,.T.);
#1784=ORIENTED_EDGE('',*,*,#1258,.T.);
#1785=ORIENTED_EDGE('',*,*,#1261,.T.);
#1786=ORIENTED_EDGE('',*,*,#1263,.T.);
#1787=ORIENTED_EDGE('',*,*,#1265,.T.);
#1788=ORIENTED_EDGE('',*,*,#1251,.T.);
#1789=ORIENTED_EDGE('',*,*,#1253,.T.);
#1790=ORIENTED_EDGE('',*,*,#1255,.T.);
#1791=ORIENTED_EDGE('',*,*,#1257,.T.);
#1792=ORIENTED_EDGE('',*,*,#1242,.T.);
#1793=ORIENTED_EDGE('',*,*,#1245,.T.);
#1794=ORIENTED_EDGE('',*,*,#1247,.T.);
#1795=ORIENTED_EDGE('',*,*,#1249,.T.);
#1796=ORIENTED_EDGE('',*,*,#1235,.T.);
#1797=ORIENTED_EDGE('',*,*,#1237,.T.);
#1798=ORIENTED_EDGE('',*,*,#1239,.T.);
#1799=ORIENTED_EDGE('',*,*,#1241,.T.);
#1800=ORIENTED_EDGE('',*,*,#1226,.T.);
#1801=ORIENTED_EDGE('',*,*,#1229,.T.);
#1802=ORIENTED_EDGE('',*,*,#1231,.T.);
#1803=ORIENTED_EDGE('',*,*,#1233,.T.);
#1804=ORIENTED_EDGE('',*,*,#1219,.T.);
#1805=ORIENTED_EDGE('',*,*,#1221,.T.);
#1806=ORIENTED_EDGE('',*,*,#1223,.T.);
#1807=ORIENTED_EDGE('',*,*,#1225,.T.);
#1808=ORIENTED_EDGE('',*,*,#1210,.T.);
#1809=ORIENTED_EDGE('',*,*,#1213,.T.);
#1810=ORIENTED_EDGE('',*,*,#1215,.T.);
#1811=ORIENTED_EDGE('',*,*,#1217,.T.);
#1812=ORIENTED_EDGE('',*,*,#1110,.F.);
#1813=ORIENTED_EDGE('',*,*,#1311,.T.);
#1814=ORIENTED_EDGE('',*,*,#1312,.F.);
#1815=ORIENTED_EDGE('',*,*,#1313,.F.);
#1816=ORIENTED_EDGE('',*,*,#1103,.F.);
#1817=ORIENTED_EDGE('',*,*,#1313,.T.);
#1818=ORIENTED_EDGE('',*,*,#1314,.F.);
#1819=ORIENTED_EDGE('',*,*,#1201,.F.);
#1820=ORIENTED_EDGE('',*,*,#1099,.T.);
#1821=ORIENTED_EDGE('',*,*,#1315,.F.);
#1822=ORIENTED_EDGE('',*,*,#1127,.T.);
#1823=ORIENTED_EDGE('',*,*,#1111,.F.);
#1824=ORIENTED_EDGE('',*,*,#1109,.F.);
#1825=ORIENTED_EDGE('',*,*,#1204,.T.);
#1826=ORIENTED_EDGE('',*,*,#1316,.F.);
#1827=ORIENTED_EDGE('',*,*,#1311,.F.);
#1828=ORIENTED_EDGE('',*,*,#1316,.T.);
#1829=ORIENTED_EDGE('',*,*,#1203,.T.);
#1830=ORIENTED_EDGE('',*,*,#1125,.T.);
#1831=ORIENTED_EDGE('',*,*,#1122,.T.);
#1832=ORIENTED_EDGE('',*,*,#1124,.F.);
#1833=ORIENTED_EDGE('',*,*,#1119,.F.);
#1834=ORIENTED_EDGE('',*,*,#1128,.T.);
#1835=ORIENTED_EDGE('',*,*,#1315,.T.);
#1836=ORIENTED_EDGE('',*,*,#1098,.T.);
#1837=ORIENTED_EDGE('',*,*,#1092,.T.);
#1838=ORIENTED_EDGE('',*,*,#1095,.F.);
#1839=ORIENTED_EDGE('',*,*,#1097,.F.);
#1840=ORIENTED_EDGE('',*,*,#1102,.T.);
#1841=ORIENTED_EDGE('',*,*,#1202,.T.);
#1842=ORIENTED_EDGE('',*,*,#1314,.T.);
#1843=ORIENTED_EDGE('',*,*,#1312,.T.);
#1844=ORIENTED_EDGE('',*,*,#1140,.F.);
#1845=ORIENTED_EDGE('',*,*,#1317,.T.);
#1846=ORIENTED_EDGE('',*,*,#1318,.T.);
#1847=ORIENTED_EDGE('',*,*,#1319,.T.);
#1848=ORIENTED_EDGE('',*,*,#1317,.F.);
#1849=ORIENTED_EDGE('',*,*,#1143,.F.);
#1850=ORIENTED_EDGE('',*,*,#1307,.F.);
#1851=ORIENTED_EDGE('',*,*,#1320,.T.);
#1852=ORIENTED_EDGE('',*,*,#1321,.T.);
#1853=ORIENTED_EDGE('',*,*,#1322,.T.);
#1854=ORIENTED_EDGE('',*,*,#1323,.T.);
#1855=ORIENTED_EDGE('',*,*,#1324,.T.);
#1856=ORIENTED_EDGE('',*,*,#1195,.T.);
#1857=ORIENTED_EDGE('',*,*,#1325,.T.);
#1858=ORIENTED_EDGE('',*,*,#1318,.F.);
#1859=ORIENTED_EDGE('',*,*,#1320,.F.);
#1860=ORIENTED_EDGE('',*,*,#1306,.F.);
#1861=ORIENTED_EDGE('',*,*,#1208,.F.);
#1862=ORIENTED_EDGE('',*,*,#1326,.F.);
#1863=ORIENTED_EDGE('',*,*,#1327,.T.);
#1864=ORIENTED_EDGE('',*,*,#1323,.F.);
#1865=ORIENTED_EDGE('',*,*,#1328,.F.);
#1866=ORIENTED_EDGE('',*,*,#1329,.F.);
#1867=ORIENTED_EDGE('',*,*,#1328,.T.);
#1868=ORIENTED_EDGE('',*,*,#1322,.F.);
#1869=ORIENTED_EDGE('',*,*,#1330,.F.);
#1870=ORIENTED_EDGE('',*,*,#1331,.F.);
#1871=ORIENTED_EDGE('',*,*,#1330,.T.);
#1872=ORIENTED_EDGE('',*,*,#1321,.F.);
#1873=ORIENTED_EDGE('',*,*,#1332,.F.);
#1874=ORIENTED_EDGE('',*,*,#1333,.F.);
#1875=ORIENTED_EDGE('',*,*,#1332,.T.);
#1876=ORIENTED_EDGE('',*,*,#1324,.F.);
#1877=ORIENTED_EDGE('',*,*,#1327,.F.);
#1878=ORIENTED_EDGE('',*,*,#1198,.F.);
#1879=ORIENTED_EDGE('',*,*,#1107,.T.);
#1880=ORIENTED_EDGE('',*,*,#1334,.T.);
#1881=ORIENTED_EDGE('',*,*,#1308,.F.);
#1882=ORIENTED_EDGE('',*,*,#1129,.T.);
#1883=ORIENTED_EDGE('',*,*,#1310,.T.);
#1884=ORIENTED_EDGE('',*,*,#1335,.T.);
#1885=ORIENTED_EDGE('',*,*,#1105,.F.);
#1886=ORIENTED_EDGE('',*,*,#1200,.T.);
#1887=ORIENTED_EDGE('',*,*,#1335,.F.);
#1888=ORIENTED_EDGE('',*,*,#1309,.F.);
#1889=ORIENTED_EDGE('',*,*,#1334,.F.);
#1890=ORIENTED_EDGE('',*,*,#1106,.F.);
#1891=ORIENTED_EDGE('',*,*,#1331,.T.);
#1892=ORIENTED_EDGE('',*,*,#1333,.T.);
#1893=ORIENTED_EDGE('',*,*,#1326,.T.);
#1894=ORIENTED_EDGE('',*,*,#1329,.T.);
#1895=ORIENTED_EDGE('',*,*,#1138,.F.);
#1896=ORIENTED_EDGE('',*,*,#1319,.F.);
#1897=ORIENTED_EDGE('',*,*,#1325,.F.);
#1898=ORIENTED_EDGE('',*,*,#1194,.T.);
#1899=ORIENTED_EDGE('',*,*,#1133,.T.);
#1900=ORIENTED_EDGE('',*,*,#1336,.T.);
#1901=ORIENTED_EDGE('',*,*,#1337,.T.);
#1902=ORIENTED_EDGE('',*,*,#1338,.T.);
#1903=ORIENTED_EDGE('',*,*,#1339,.T.);
#1904=ORIENTED_EDGE('',*,*,#1337,.F.);
#1905=ORIENTED_EDGE('',*,*,#1340,.T.);
#1906=ORIENTED_EDGE('',*,*,#1341,.F.);
#1907=ORIENTED_EDGE('',*,*,#1342,.F.);
#1908=ORIENTED_EDGE('',*,*,#1343,.T.);
#1909=ORIENTED_EDGE('',*,*,#1344,.T.);
#1910=ORIENTED_EDGE('',*,*,#1345,.T.);
#1911=ORIENTED_EDGE('',*,*,#1341,.T.);
#1912=ORIENTED_EDGE('',*,*,#1344,.F.);
#1913=ORIENTED_EDGE('',*,*,#1346,.T.);
#1914=ORIENTED_EDGE('',*,*,#1347,.F.);
#1915=ORIENTED_EDGE('',*,*,#1348,.F.);
#1916=ORIENTED_EDGE('',*,*,#1339,.F.);
#1917=ORIENTED_EDGE('',*,*,#1349,.F.);
#1918=ORIENTED_EDGE('',*,*,#1350,.F.);
#1919=ORIENTED_EDGE('',*,*,#1351,.T.);
#1920=ORIENTED_EDGE('',*,*,#1352,.T.);
#1921=ORIENTED_EDGE('',*,*,#1353,.T.);
#1922=ORIENTED_EDGE('',*,*,#1354,.T.);
#1923=ORIENTED_EDGE('',*,*,#1350,.T.);
#1924=ORIENTED_EDGE('',*,*,#1353,.F.);
#1925=ORIENTED_EDGE('',*,*,#1355,.F.);
#1926=ORIENTED_EDGE('',*,*,#1356,.F.);
#1927=ORIENTED_EDGE('',*,*,#1357,.T.);
#1928=ORIENTED_EDGE('',*,*,#1358,.T.);
#1929=ORIENTED_EDGE('',*,*,#1356,.T.);
#1930=ORIENTED_EDGE('',*,*,#1359,.T.);
#1931=ORIENTED_EDGE('',*,*,#1347,.T.);
#1932=ORIENTED_EDGE('',*,*,#1360,.T.);
#1933=ORIENTED_EDGE('',*,*,#1361,.T.);
#1934=ORIENTED_EDGE('',*,*,#1362,.T.);
#1935=ORIENTED_EDGE('',*,*,#1363,.F.);
#1936=ORIENTED_EDGE('',*,*,#1364,.T.);
#1937=ORIENTED_EDGE('',*,*,#1365,.T.);
#1938=ORIENTED_EDGE('',*,*,#1362,.F.);
#1939=ORIENTED_EDGE('',*,*,#1366,.T.);
#1940=ORIENTED_EDGE('',*,*,#1367,.T.);
#1941=ORIENTED_EDGE('',*,*,#1368,.F.);
#1942=ORIENTED_EDGE('',*,*,#1364,.F.);
#1943=ORIENTED_EDGE('',*,*,#1369,.T.);
#1944=ORIENTED_EDGE('',*,*,#1370,.T.);
#1945=ORIENTED_EDGE('',*,*,#1371,.T.);
#1946=ORIENTED_EDGE('',*,*,#1367,.F.);
#1947=ORIENTED_EDGE('',*,*,#1372,.T.);
#1948=ORIENTED_EDGE('',*,*,#1373,.T.);
#1949=ORIENTED_EDGE('',*,*,#1374,.F.);
#1950=ORIENTED_EDGE('',*,*,#1370,.F.);
#1951=ORIENTED_EDGE('',*,*,#1375,.T.);
#1952=ORIENTED_EDGE('',*,*,#1375,.F.);
#1953=ORIENTED_EDGE('',*,*,#1372,.F.);
#1954=ORIENTED_EDGE('',*,*,#1369,.F.);
#1955=ORIENTED_EDGE('',*,*,#1366,.F.);
#1956=ORIENTED_EDGE('',*,*,#1361,.F.);
#1957=ORIENTED_EDGE('',*,*,#1376,.T.);
#1958=ORIENTED_EDGE('',*,*,#1351,.F.);
#1959=ORIENTED_EDGE('',*,*,#1354,.F.);
#1960=ORIENTED_EDGE('',*,*,#1357,.F.);
#1961=ORIENTED_EDGE('',*,*,#1358,.F.);
#1962=ORIENTED_EDGE('',*,*,#1346,.F.);
#1963=ORIENTED_EDGE('',*,*,#1343,.F.);
#1964=ORIENTED_EDGE('',*,*,#1340,.F.);
#1965=ORIENTED_EDGE('',*,*,#1336,.F.);
#1966=ORIENTED_EDGE('',*,*,#1377,.F.);
#1967=ORIENTED_EDGE('',*,*,#1378,.T.);
#1968=ORIENTED_EDGE('',*,*,#1379,.F.);
#1969=ORIENTED_EDGE('',*,*,#1380,.F.);
#1970=ORIENTED_EDGE('',*,*,#1381,.F.);
#1971=ORIENTED_EDGE('',*,*,#1382,.T.);
#1972=ORIENTED_EDGE('',*,*,#1383,.T.);
#1973=ORIENTED_EDGE('',*,*,#1384,.T.);
#1974=ORIENTED_EDGE('',*,*,#1373,.F.);
#1975=ORIENTED_EDGE('',*,*,#1376,.F.);
#1976=ORIENTED_EDGE('',*,*,#1360,.F.);
#1977=ORIENTED_EDGE('',*,*,#1385,.F.);
#1978=ORIENTED_EDGE('',*,*,#1365,.F.);
#1979=ORIENTED_EDGE('',*,*,#1368,.T.);
#1980=ORIENTED_EDGE('',*,*,#1371,.F.);
#1981=ORIENTED_EDGE('',*,*,#1374,.T.);
#1982=ORIENTED_EDGE('',*,*,#1385,.T.);
#1983=ORIENTED_EDGE('',*,*,#1363,.T.);
#1984=ORIENTED_EDGE('',*,*,#1349,.T.);
#1985=ORIENTED_EDGE('',*,*,#1338,.F.);
#1986=ORIENTED_EDGE('',*,*,#1342,.T.);
#1987=ORIENTED_EDGE('',*,*,#1345,.F.);
#1988=ORIENTED_EDGE('',*,*,#1348,.T.);
#1989=ORIENTED_EDGE('',*,*,#1359,.F.);
#1990=ORIENTED_EDGE('',*,*,#1355,.T.);
#1991=ORIENTED_EDGE('',*,*,#1352,.F.);
#1992=ORIENTED_EDGE('',*,*,#1378,.F.);
#1993=ORIENTED_EDGE('',*,*,#1386,.T.);
#1994=ORIENTED_EDGE('',*,*,#1387,.F.);
#1995=ORIENTED_EDGE('',*,*,#1388,.F.);
#1996=ORIENTED_EDGE('',*,*,#1389,.F.);
#1997=ORIENTED_EDGE('',*,*,#1390,.F.);
#1998=ORIENTED_EDGE('',*,*,#1391,.F.);
#1999=ORIENTED_EDGE('',*,*,#1384,.F.);
#2000=ORIENTED_EDGE('',*,*,#1377,.T.);
#2001=ORIENTED_EDGE('',*,*,#1391,.T.);
#2002=ORIENTED_EDGE('',*,*,#1392,.F.);
#2003=ORIENTED_EDGE('',*,*,#1386,.F.);
#2004=ORIENTED_EDGE('',*,*,#1393,.F.);
#2005=ORIENTED_EDGE('',*,*,#1382,.F.);
#2006=ORIENTED_EDGE('',*,*,#1394,.F.);
#2007=ORIENTED_EDGE('',*,*,#1395,.F.);
#2008=ORIENTED_EDGE('',*,*,#1396,.T.);
#2009=ORIENTED_EDGE('',*,*,#1395,.T.);
#2010=ORIENTED_EDGE('',*,*,#1397,.T.);
#2011=ORIENTED_EDGE('',*,*,#1398,.T.);
#2012=ORIENTED_EDGE('',*,*,#1399,.T.);
#2013=ORIENTED_EDGE('',*,*,#1387,.T.);
#2014=ORIENTED_EDGE('',*,*,#1392,.T.);
#2015=ORIENTED_EDGE('',*,*,#1390,.T.);
#2016=ORIENTED_EDGE('',*,*,#1383,.F.);
#2017=ORIENTED_EDGE('',*,*,#1393,.T.);
#2018=ORIENTED_EDGE('',*,*,#1396,.F.);
#2019=ORIENTED_EDGE('',*,*,#1389,.T.);
#2020=ORIENTED_EDGE('',*,*,#1380,.T.);
#2021=ORIENTED_EDGE('',*,*,#1400,.T.);
#2022=ORIENTED_EDGE('',*,*,#1398,.F.);
#2023=ORIENTED_EDGE('',*,*,#1401,.F.);
#2024=ORIENTED_EDGE('',*,*,#1388,.T.);
#2025=ORIENTED_EDGE('',*,*,#1399,.F.);
#2026=ORIENTED_EDGE('',*,*,#1400,.F.);
#2027=ORIENTED_EDGE('',*,*,#1379,.T.);
#2028=ORIENTED_EDGE('',*,*,#1394,.T.);
#2029=ORIENTED_EDGE('',*,*,#1381,.T.);
#2030=ORIENTED_EDGE('',*,*,#1401,.T.);
#2031=ORIENTED_EDGE('',*,*,#1397,.F.);
#2032=PLANE('',#2233);
#2033=PLANE('',#2234);
#2034=PLANE('',#2235);
#2035=PLANE('',#2236);
#2036=PLANE('',#2237);
#2037=PLANE('',#2238);
#2038=PLANE('',#2239);
#2039=PLANE('',#2240);
#2040=PLANE('',#2241);
#2041=PLANE('',#2242);
#2042=PLANE('',#2243);
#2043=PLANE('',#2244);
#2044=PLANE('',#2248);
#2045=PLANE('',#2260);
#2046=PLANE('',#2285);
#2047=PLANE('',#2291);
#2048=PLANE('',#2292);
#2049=PLANE('',#2295);
#2050=PLANE('',#2298);
#2051=PLANE('',#2301);
#2052=PLANE('',#2304);
#2053=PLANE('',#2307);
#2054=PLANE('',#2310);
#2055=PLANE('',#2313);
#2056=PLANE('',#2316);
#2057=PLANE('',#2319);
#2058=PLANE('',#2322);
#2059=PLANE('',#2325);
#2060=PLANE('',#2328);
#2061=PLANE('',#2331);
#2062=PLANE('',#2334);
#2063=PLANE('',#2337);
#2064=PLANE('',#2340);
#2065=PLANE('',#2343);
#2066=PLANE('',#2346);
#2067=PLANE('',#2349);
#2068=PLANE('',#2352);
#2069=PLANE('',#2355);
#2070=PLANE('',#2358);
#2071=PLANE('',#2361);
#2072=PLANE('',#2366);
#2073=PLANE('',#2367);
#2074=PLANE('',#2368);
#2075=PLANE('',#2369);
#2076=PLANE('',#2370);
#2077=PLANE('',#2371);
#2078=PLANE('',#2374);
#2079=PLANE('',#2375);
#2080=PLANE('',#2376);
#2081=PLANE('',#2377);
#2082=PLANE('',#2378);
#2083=PLANE('',#2379);
#2084=PLANE('',#2380);
#2085=PLANE('',#2381);
#2086=PLANE('',#2382);
#2087=PLANE('',#2383);
#2088=PLANE('',#2387);
#2089=PLANE('',#2391);
#2090=PLANE('',#2392);
#2091=PLANE('',#2396);
#2092=PLANE('',#2413);
#2093=PLANE('',#2414);
#2094=PLANE('',#2415);
#2095=PLANE('',#2416);
#2096=PLANE('',#2417);
#2097=PLANE('',#2418);
#2098=PLANE('',#2419);
#2099=PLANE('',#2420);
#2100=PLANE('',#2421);
#2101=PLANE('',#2422);
#2102=PLANE('',#2423);
#2103=PLANE('',#2424);
#2104=ADVANCED_FACE('',(#160),#2032,.F.);
#2105=ADVANCED_FACE('',(#161),#2033,.T.);
#2106=ADVANCED_FACE('',(#162),#2034,.T.);
#2107=ADVANCED_FACE('',(#163),#2035,.T.);
#2108=ADVANCED_FACE('',(#164),#2036,.T.);
#2109=ADVANCED_FACE('',(#165),#2037,.F.);
#2110=ADVANCED_FACE('',(#166),#2038,.F.);
#2111=ADVANCED_FACE('',(#167),#2039,.F.);
#2112=ADVANCED_FACE('',(#168),#2040,.T.);
#2113=ADVANCED_FACE('',(#169),#2041,.T.);
#2114=ADVANCED_FACE('',(#170),#2042,.T.);
#2115=ADVANCED_FACE('',(#171),#2043,.T.);
#2116=ADVANCED_FACE('',(#172),#122,.F.);
#2117=ADVANCED_FACE('',(#173,#21),#2044,.F.);
#2118=ADVANCED_FACE('',(#174),#123,.F.);
#2119=ADVANCED_FACE('',(#175),#124,.T.);
#2120=ADVANCED_FACE('',(#176),#19,.T.);
#2121=ADVANCED_FACE('',(#177),#125,.T.);
#2122=ADVANCED_FACE('',(#178,#22,#23,#24,#25,#26,#27),#2045,.T.);
#2123=ADVANCED_FACE('',(#179,#28),#2046,.T.);
#2124=ADVANCED_FACE('',(#180),#126,.T.);
#2125=ADVANCED_FACE('',(#181),#20,.T.);
#2126=ADVANCED_FACE('',(#182),#2047,.T.);
#2127=ADVANCED_FACE('',(#183),#2048,.F.);
#2128=ADVANCED_FACE('',(#184),#127,.F.);
#2129=ADVANCED_FACE('',(#185),#2049,.F.);
#2130=ADVANCED_FACE('',(#186),#128,.F.);
#2131=ADVANCED_FACE('',(#187),#2050,.F.);
#2132=ADVANCED_FACE('',(#188),#129,.F.);
#2133=ADVANCED_FACE('',(#189),#2051,.F.);
#2134=ADVANCED_FACE('',(#190),#130,.F.);
#2135=ADVANCED_FACE('',(#191),#2052,.F.);
#2136=ADVANCED_FACE('',(#192),#131,.F.);
#2137=ADVANCED_FACE('',(#193),#2053,.F.);
#2138=ADVANCED_FACE('',(#194),#132,.F.);
#2139=ADVANCED_FACE('',(#195),#2054,.F.);
#2140=ADVANCED_FACE('',(#196),#133,.F.);
#2141=ADVANCED_FACE('',(#197),#2055,.F.);
#2142=ADVANCED_FACE('',(#198),#134,.F.);
#2143=ADVANCED_FACE('',(#199),#2056,.F.);
#2144=ADVANCED_FACE('',(#200),#135,.F.);
#2145=ADVANCED_FACE('',(#201),#2057,.F.);
#2146=ADVANCED_FACE('',(#202),#136,.F.);
#2147=ADVANCED_FACE('',(#203),#2058,.F.);
#2148=ADVANCED_FACE('',(#204),#137,.F.);
#2149=ADVANCED_FACE('',(#205),#2059,.F.);
#2150=ADVANCED_FACE('',(#206),#138,.F.);
#2151=ADVANCED_FACE('',(#207),#2060,.F.);
#2152=ADVANCED_FACE('',(#208),#139,.F.);
#2153=ADVANCED_FACE('',(#209),#2061,.F.);
#2154=ADVANCED_FACE('',(#210),#140,.F.);
#2155=ADVANCED_FACE('',(#211),#2062,.F.);
#2156=ADVANCED_FACE('',(#212),#141,.F.);
#2157=ADVANCED_FACE('',(#213),#2063,.F.);
#2158=ADVANCED_FACE('',(#214),#142,.F.);
#2159=ADVANCED_FACE('',(#215),#2064,.F.);
#2160=ADVANCED_FACE('',(#216),#143,.F.);
#2161=ADVANCED_FACE('',(#217),#2065,.F.);
#2162=ADVANCED_FACE('',(#218),#144,.F.);
#2163=ADVANCED_FACE('',(#219),#2066,.F.);
#2164=ADVANCED_FACE('',(#220),#145,.F.);
#2165=ADVANCED_FACE('',(#221),#2067,.F.);
#2166=ADVANCED_FACE('',(#222),#146,.F.);
#2167=ADVANCED_FACE('',(#223),#2068,.F.);
#2168=ADVANCED_FACE('',(#224),#147,.F.);
#2169=ADVANCED_FACE('',(#225),#2069,.F.);
#2170=ADVANCED_FACE('',(#226),#148,.F.);
#2171=ADVANCED_FACE('',(#227),#2070,.F.);
#2172=ADVANCED_FACE('',(#228),#149,.F.);
#2173=ADVANCED_FACE('',(#229),#2071,.F.);
#2174=ADVANCED_FACE('',(#230),#150,.F.);
#2175=ADVANCED_FACE('',(#231),#151,.T.);
#2176=ADVANCED_FACE('',(#232,#29,#30,#31,#32,#33,#34),#2072,.F.);
#2177=ADVANCED_FACE('',(#233),#2073,.T.);
#2178=ADVANCED_FACE('',(#234),#2074,.T.);
#2179=ADVANCED_FACE('',(#235),#2075,.T.);
#2180=ADVANCED_FACE('',(#236),#2076,.T.);
#2181=ADVANCED_FACE('',(#237),#2077,.T.);
#2182=ADVANCED_FACE('',(#238),#152,.T.);
#2183=ADVANCED_FACE('',(#239,#35),#2078,.T.);
#2184=ADVANCED_FACE('',(#240),#2079,.T.);
#2185=ADVANCED_FACE('',(#241),#2080,.F.);
#2186=ADVANCED_FACE('',(#242),#2081,.F.);
#2187=ADVANCED_FACE('',(#243),#2082,.F.);
#2188=ADVANCED_FACE('',(#244),#2083,.F.);
#2189=ADVANCED_FACE('',(#245,#36),#2084,.F.);
#2190=ADVANCED_FACE('',(#246),#2085,.F.);
#2191=ADVANCED_FACE('',(#247,#37),#2086,.F.);
#2192=ADVANCED_FACE('',(#248,#38),#2087,.T.);
#2193=ADVANCED_FACE('',(#249),#153,.F.);
#2194=ADVANCED_FACE('',(#250),#2088,.T.);
#2195=ADVANCED_FACE('',(#251),#154,.F.);
#2196=ADVANCED_FACE('',(#252),#2089,.T.);
#2197=ADVANCED_FACE('',(#253),#2090,.T.);
#2198=ADVANCED_FACE('',(#254),#155,.F.);
#2199=ADVANCED_FACE('',(#255),#2091,.T.);
#2200=ADVANCED_FACE('',(#256),#156,.F.);
#2201=ADVANCED_FACE('',(#257),#157,.T.);
#2202=ADVANCED_FACE('',(#258),#13,.T.);
#2203=ADVANCED_FACE('',(#259),#158,.T.);
#2204=ADVANCED_FACE('',(#260),#14,.T.);
#2205=ADVANCED_FACE('',(#261),#159,.T.);
#2206=ADVANCED_FACE('',(#262,#39,#40),#2092,.F.);
#2207=ADVANCED_FACE('',(#263),#2093,.T.);
#2208=ADVANCED_FACE('',(#264,#41),#2094,.T.);
#2209=ADVANCED_FACE('',(#265),#2095,.T.);
#2210=ADVANCED_FACE('',(#266),#2096,.F.);
#2211=ADVANCED_FACE('',(#267),#2097,.T.);
#2212=ADVANCED_FACE('',(#268),#2098,.F.);
#2213=ADVANCED_FACE('',(#269),#2099,.T.);
#2214=ADVANCED_FACE('',(#270),#2100,.T.);
#2215=ADVANCED_FACE('',(#271),#2101,.T.);
#2216=ADVANCED_FACE('',(#272),#2102,.T.);
#2217=ADVANCED_FACE('',(#273),#2103,.T.);
#2218=CLOSED_SHELL('',(#2104,#2105,#2106,#2107,#2108,#2109,#2110,#2111,
#2112,#2113,#2114,#2115,#2116,#2117,#2118,#2119,#2120,#2121,#2122,#2123,
#2124,#2125,#2126,#2127,#2128,#2129,#2130,#2131,#2132,#2133,#2134,#2135,
#2136,#2137,#2138,#2139,#2140,#2141,#2142,#2143,#2144,#2145,#2146,#2147,
#2148,#2149,#2150,#2151,#2152,#2153,#2154,#2155,#2156,#2157,#2158,#2159,
#2160,#2161,#2162,#2163,#2164,#2165,#2166,#2167,#2168,#2169,#2170,#2171,
#2172,#2173,#2174,#2175,#2176,#2177,#2178,#2179,#2180,#2181,#2182,#2183,
#2184,#2185,#2186,#2187,#2188,#2189,#2190,#2191,#2192));
#2219=CLOSED_SHELL('',(#2193,#2194,#2195,#2196,#2197,#2198,#2199,#2200,
#2201,#2202,#2203,#2204,#2205,#2206,#2207,#2208,#2209,#2210,#2211,#2212,
#2213,#2214,#2215,#2216,#2217));
#2220=DERIVED_UNIT_ELEMENT(#2222,1.);
#2221=DERIVED_UNIT_ELEMENT(#3705,-3.);
#2222=(
MASS_UNIT()
NAMED_UNIT(*)
SI_UNIT(.KILO.,.GRAM.)
);
#2223=DERIVED_UNIT((#2220,#2221));
#2224=MEASURE_REPRESENTATION_ITEM('density measure',
POSITIVE_RATIO_MEASURE(7850.),#2223);
#2225=PROPERTY_DEFINITION_REPRESENTATION(#2230,#2227);
#2226=PROPERTY_DEFINITION_REPRESENTATION(#2231,#2228);
#2227=REPRESENTATION('material name',(#2229),#3702);
#2228=REPRESENTATION('density',(#2224),#3702);
#2229=DESCRIPTIVE_REPRESENTATION_ITEM('Acero','Acero');
#2230=PROPERTY_DEFINITION('material property','material name',#3712);
#2231=PROPERTY_DEFINITION('material property','density of part',#3712);
#2232=AXIS2_PLACEMENT_3D('',#3046,#2425,#2426);
#2233=AXIS2_PLACEMENT_3D('',#3047,#2427,#2428);
#2234=AXIS2_PLACEMENT_3D('',#3056,#2433,#2434);
#2235=AXIS2_PLACEMENT_3D('',#3062,#2438,#2439);
#2236=AXIS2_PLACEMENT_3D('',#3066,#2442,#2443);
#2237=AXIS2_PLACEMENT_3D('',#3070,#2446,#2447);
#2238=AXIS2_PLACEMENT_3D('',#3080,#2453,#2454);
#2239=AXIS2_PLACEMENT_3D('',#3097,#2463,#2464);
#2240=AXIS2_PLACEMENT_3D('',#3103,#2468,#2469);
#2241=AXIS2_PLACEMENT_3D('',#3112,#2474,#2475);
#2242=AXIS2_PLACEMENT_3D('',#3118,#2479,#2480);
#2243=AXIS2_PLACEMENT_3D('',#3124,#2484,#2485);
#2244=AXIS2_PLACEMENT_3D('',#3126,#2487,#2488);
#2245=AXIS2_PLACEMENT_3D('',#3133,#2493,#2494);
#2246=AXIS2_PLACEMENT_3D('',#3135,#2495,#2496);
#2247=AXIS2_PLACEMENT_3D('',#3138,#2498,#2499);
#2248=AXIS2_PLACEMENT_3D('',#3139,#2500,#2501);
#2249=AXIS2_PLACEMENT_3D('',#3141,#2502,#2503);
#2250=AXIS2_PLACEMENT_3D('',#3142,#2504,#2505);
#2251=AXIS2_PLACEMENT_3D('',#3144,#2506,#2507);
#2252=AXIS2_PLACEMENT_3D('',#3146,#2509,#2510);
#2253=AXIS2_PLACEMENT_3D('',#3149,#2511,#2512);
#2254=AXIS2_PLACEMENT_3D('',#3153,#2514,#2515);
#2255=AXIS2_PLACEMENT_3D('',#3155,#2517,#2518);
#2256=AXIS2_PLACEMENT_3D('',#3157,#2519,#2520);
#2257=AXIS2_PLACEMENT_3D('',#3158,#2521,#2522);
#2258=AXIS2_PLACEMENT_3D('',#3159,#2523,#2524);
#2259=AXIS2_PLACEMENT_3D('',#3163,#2526,#2527);
#2260=AXIS2_PLACEMENT_3D('',#3165,#2529,#2530);
#2261=AXIS2_PLACEMENT_3D('',#3173,#2534,#2535);
#2262=AXIS2_PLACEMENT_3D('',#3177,#2537,#2538);
#2263=AXIS2_PLACEMENT_3D('',#3181,#2540,#2541);
#2264=AXIS2_PLACEMENT_3D('',#3184,#2543,#2544);
#2265=AXIS2_PLACEMENT_3D('',#3189,#2546,#2547);
#2266=AXIS2_PLACEMENT_3D('',#3193,#2549,#2550);
#2267=AXIS2_PLACEMENT_3D('',#3197,#2552,#2553);
#2268=AXIS2_PLACEMENT_3D('',#3200,#2555,#2556);
#2269=AXIS2_PLACEMENT_3D('',#3205,#2558,#2559);
#2270=AXIS2_PLACEMENT_3D('',#3209,#2561,#2562);
#2271=AXIS2_PLACEMENT_3D('',#3213,#2564,#2565);
#2272=AXIS2_PLACEMENT_3D('',#3216,#2567,#2568);
#2273=AXIS2_PLACEMENT_3D('',#3221,#2570,#2571);
#2274=AXIS2_PLACEMENT_3D('',#3225,#2573,#2574);
#2275=AXIS2_PLACEMENT_3D('',#3229,#2576,#2577);
#2276=AXIS2_PLACEMENT_3D('',#3232,#2579,#2580);
#2277=AXIS2_PLACEMENT_3D('',#3237,#2582,#2583);
#2278=AXIS2_PLACEMENT_3D('',#3241,#2585,#2586);
#2279=AXIS2_PLACEMENT_3D('',#3245,#2588,#2589);
#2280=AXIS2_PLACEMENT_3D('',#3248,#2591,#2592);
#2281=AXIS2_PLACEMENT_3D('',#3253,#2594,#2595);
#2282=AXIS2_PLACEMENT_3D('',#3257,#2597,#2598);
#2283=AXIS2_PLACEMENT_3D('',#3261,#2600,#2601);
#2284=AXIS2_PLACEMENT_3D('',#3264,#2603,#2604);
#2285=AXIS2_PLACEMENT_3D('',#3265,#2605,#2606);
#2286=AXIS2_PLACEMENT_3D('',#3272,#2610,#2611);
#2287=AXIS2_PLACEMENT_3D('',#3284,#2619,#2620);
#2288=AXIS2_PLACEMENT_3D('',#3287,#2622,#2623);
#2289=AXIS2_PLACEMENT_3D('',#3288,#2624,#2625);
#2290=AXIS2_PLACEMENT_3D('',#3289,#2626,#2627);
#2291=AXIS2_PLACEMENT_3D('',#3290,#2628,#2629);
#2292=AXIS2_PLACEMENT_3D('',#3294,#2632,#2633);
#2293=AXIS2_PLACEMENT_3D('',#3300,#2637,#2638);
#2294=AXIS2_PLACEMENT_3D('',#3302,#2639,#2640);
#2295=AXIS2_PLACEMENT_3D('',#3304,#2642,#2643);
#2296=AXIS2_PLACEMENT_3D('',#3308,#2646,#2647);
#2297=AXIS2_PLACEMENT_3D('',#3310,#2648,#2649);
#2298=AXIS2_PLACEMENT_3D('',#3312,#2651,#2652);
#2299=AXIS2_PLACEMENT_3D('',#3316,#2655,#2656);
#2300=AXIS2_PLACEMENT_3D('',#3318,#2657,#2658);
#2301=AXIS2_PLACEMENT_3D('',#3320,#2660,#2661);
#2302=AXIS2_PLACEMENT_3D('',#3324,#2664,#2665);
#2303=AXIS2_PLACEMENT_3D('',#3325,#2666,#2667);
#2304=AXIS2_PLACEMENT_3D('',#3326,#2668,#2669);
#2305=AXIS2_PLACEMENT_3D('',#3332,#2673,#2674);
#2306=AXIS2_PLACEMENT_3D('',#3334,#2675,#2676);
#2307=AXIS2_PLACEMENT_3D('',#3336,#2678,#2679);
#2308=AXIS2_PLACEMENT_3D('',#3340,#2682,#2683);
#2309=AXIS2_PLACEMENT_3D('',#3342,#2684,#2685);
#2310=AXIS2_PLACEMENT_3D('',#3344,#2687,#2688);
#2311=AXIS2_PLACEMENT_3D('',#3348,#2691,#2692);
#2312=AXIS2_PLACEMENT_3D('',#3350,#2693,#2694);
#2313=AXIS2_PLACEMENT_3D('',#3352,#2696,#2697);
#2314=AXIS2_PLACEMENT_3D('',#3356,#2700,#2701);
#2315=AXIS2_PLACEMENT_3D('',#3357,#2702,#2703);
#2316=AXIS2_PLACEMENT_3D('',#3358,#2704,#2705);
#2317=AXIS2_PLACEMENT_3D('',#3364,#2709,#2710);
#2318=AXIS2_PLACEMENT_3D('',#3366,#2711,#2712);
#2319=AXIS2_PLACEMENT_3D('',#3368,#2714,#2715);
#2320=AXIS2_PLACEMENT_3D('',#3372,#2718,#2719);
#2321=AXIS2_PLACEMENT_3D('',#3374,#2720,#2721);
#2322=AXIS2_PLACEMENT_3D('',#3376,#2723,#2724);
#2323=AXIS2_PLACEMENT_3D('',#3380,#2727,#2728);
#2324=AXIS2_PLACEMENT_3D('',#3382,#2729,#2730);
#2325=AXIS2_PLACEMENT_3D('',#3384,#2732,#2733);
#2326=AXIS2_PLACEMENT_3D('',#3388,#2736,#2737);
#2327=AXIS2_PLACEMENT_3D('',#3389,#2738,#2739);
#2328=AXIS2_PLACEMENT_3D('',#3390,#2740,#2741);
#2329=AXIS2_PLACEMENT_3D('',#3396,#2745,#2746);
#2330=AXIS2_PLACEMENT_3D('',#3398,#2747,#2748);
#2331=AXIS2_PLACEMENT_3D('',#3400,#2750,#2751);
#2332=AXIS2_PLACEMENT_3D('',#3404,#2754,#2755);
#2333=AXIS2_PLACEMENT_3D('',#3406,#2756,#2757);
#2334=AXIS2_PLACEMENT_3D('',#3408,#2759,#2760);
#2335=AXIS2_PLACEMENT_3D('',#3412,#2763,#2764);
#2336=AXIS2_PLACEMENT_3D('',#3414,#2765,#2766);
#2337=AXIS2_PLACEMENT_3D('',#3416,#2768,#2769);
#2338=AXIS2_PLACEMENT_3D('',#3420,#2772,#2773);
#2339=AXIS2_PLACEMENT_3D('',#3421,#2774,#2775);
#2340=AXIS2_PLACEMENT_3D('',#3422,#2776,#2777);
#2341=AXIS2_PLACEMENT_3D('',#3428,#2781,#2782);
#2342=AXIS2_PLACEMENT_3D('',#3430,#2783,#2784);
#2343=AXIS2_PLACEMENT_3D('',#3432,#2786,#2787);
#2344=AXIS2_PLACEMENT_3D('',#3436,#2790,#2791);
#2345=AXIS2_PLACEMENT_3D('',#3438,#2792,#2793);
#2346=AXIS2_PLACEMENT_3D('',#3440,#2795,#2796);
#2347=AXIS2_PLACEMENT_3D('',#3444,#2799,#2800);
#2348=AXIS2_PLACEMENT_3D('',#3446,#2801,#2802);
#2349=AXIS2_PLACEMENT_3D('',#3448,#2804,#2805);
#2350=AXIS2_PLACEMENT_3D('',#3452,#2808,#2809);
#2351=AXIS2_PLACEMENT_3D('',#3453,#2810,#2811);
#2352=AXIS2_PLACEMENT_3D('',#3454,#2812,#2813);
#2353=AXIS2_PLACEMENT_3D('',#3460,#2817,#2818);
#2354=AXIS2_PLACEMENT_3D('',#3462,#2819,#2820);
#2355=AXIS2_PLACEMENT_3D('',#3464,#2822,#2823);
#2356=AXIS2_PLACEMENT_3D('',#3468,#2826,#2827);
#2357=AXIS2_PLACEMENT_3D('',#3470,#2828,#2829);
#2358=AXIS2_PLACEMENT_3D('',#3472,#2831,#2832);
#2359=AXIS2_PLACEMENT_3D('',#3476,#2835,#2836);
#2360=AXIS2_PLACEMENT_3D('',#3478,#2837,#2838);
#2361=AXIS2_PLACEMENT_3D('',#3480,#2840,#2841);
#2362=AXIS2_PLACEMENT_3D('',#3484,#2844,#2845);
#2363=AXIS2_PLACEMENT_3D('',#3485,#2846,#2847);
#2364=AXIS2_PLACEMENT_3D('',#3486,#2848,#2849);
#2365=AXIS2_PLACEMENT_3D('',#3488,#2850,#2851);
#2366=AXIS2_PLACEMENT_3D('',#3490,#2853,#2854);
#2367=AXIS2_PLACEMENT_3D('',#3496,#2858,#2859);
#2368=AXIS2_PLACEMENT_3D('',#3502,#2863,#2864);
#2369=AXIS2_PLACEMENT_3D('',#3504,#2866,#2867);
#2370=AXIS2_PLACEMENT_3D('',#3506,#2869,#2870);
#2371=AXIS2_PLACEMENT_3D('',#3508,#2872,#2873);
#2372=AXIS2_PLACEMENT_3D('',#3509,#2874,#2875);
#2373=AXIS2_PLACEMENT_3D('',#3513,#2877,#2878);
#2374=AXIS2_PLACEMENT_3D('',#3515,#2880,#2881);
#2375=AXIS2_PLACEMENT_3D('',#3525,#2887,#2888);
#2376=AXIS2_PLACEMENT_3D('',#3527,#2890,#2891);
#2377=AXIS2_PLACEMENT_3D('',#3533,#2895,#2896);
#2378=AXIS2_PLACEMENT_3D('',#3537,#2899,#2900);
#2379=AXIS2_PLACEMENT_3D('',#3541,#2903,#2904);
#2380=AXIS2_PLACEMENT_3D('',#3543,#2906,#2907);
#2381=AXIS2_PLACEMENT_3D('',#3545,#2909,#2910);
#2382=AXIS2_PLACEMENT_3D('',#3547,#2912,#2913);
#2383=AXIS2_PLACEMENT_3D('',#3548,#2914,#2915);
#2384=AXIS2_PLACEMENT_3D('',#3549,#2916,#2917);
#2385=AXIS2_PLACEMENT_3D('',#3552,#2918,#2919);
#2386=AXIS2_PLACEMENT_3D('',#3556,#2921,#2922);
#2387=AXIS2_PLACEMENT_3D('',#3558,#2924,#2925);
#2388=AXIS2_PLACEMENT_3D('',#3564,#2929,#2930);
#2389=AXIS2_PLACEMENT_3D('',#3566,#2931,#2932);
#2390=AXIS2_PLACEMENT_3D('',#3569,#2934,#2935);
#2391=AXIS2_PLACEMENT_3D('',#3570,#2936,#2937);
#2392=AXIS2_PLACEMENT_3D('',#3576,#2941,#2942);
#2393=AXIS2_PLACEMENT_3D('',#3582,#2946,#2947);
#2394=AXIS2_PLACEMENT_3D('',#3584,#2948,#2949);
#2395=AXIS2_PLACEMENT_3D('',#3587,#2951,#2952);
#2396=AXIS2_PLACEMENT_3D('',#3588,#2953,#2954);
#2397=AXIS2_PLACEMENT_3D('',#3594,#2958,#2959);
#2398=AXIS2_PLACEMENT_3D('',#3595,#2960,#2961);
#2399=AXIS2_PLACEMENT_3D('',#3596,#2962,#2963);
#2400=AXIS2_PLACEMENT_3D('',#3597,#2964,#2965);
#2401=AXIS2_PLACEMENT_3D('',#3600,#2966,#2967);
#2402=AXIS2_PLACEMENT_3D('',#3604,#2969,#2970);
#2403=AXIS2_PLACEMENT_3D('',#3617,#2972,#2973);
#2404=AXIS2_PLACEMENT_3D('',#3618,#2974,#2975);
#2405=AXIS2_PLACEMENT_3D('',#3619,#2976,#2977);
#2406=AXIS2_PLACEMENT_3D('',#3620,#2978,#2979);
#2407=AXIS2_PLACEMENT_3D('',#3623,#2980,#2981);
#2408=AXIS2_PLACEMENT_3D('',#3637,#2984,#2985);
#2409=AXIS2_PLACEMENT_3D('',#3638,#2986,#2987);
#2410=AXIS2_PLACEMENT_3D('',#3639,#2988,#2989);
#2411=AXIS2_PLACEMENT_3D('',#3640,#2990,#2991);
#2412=AXIS2_PLACEMENT_3D('',#3643,#2992,#2993);
#2413=AXIS2_PLACEMENT_3D('',#3646,#2996,#2997);
#2414=AXIS2_PLACEMENT_3D('',#3664,#3007,#3008);
#2415=AXIS2_PLACEMENT_3D('',#3666,#3010,#3011);
#2416=AXIS2_PLACEMENT_3D('',#3667,#3012,#3013);
#2417=AXIS2_PLACEMENT_3D('',#3673,#3017,#3018);
#2418=AXIS2_PLACEMENT_3D('',#3679,#3022,#3023);
#2419=AXIS2_PLACEMENT_3D('',#3681,#3025,#3026);
#2420=AXIS2_PLACEMENT_3D('',#3687,#3030,#3031);
#2421=AXIS2_PLACEMENT_3D('',#3694,#3036,#3037);
#2422=AXIS2_PLACEMENT_3D('',#3695,#3038,#3039);
#2423=AXIS2_PLACEMENT_3D('',#3698,#3042,#3043);
#2424=AXIS2_PLACEMENT_3D('',#3699,#3044,#3045);
#2425=DIRECTION('axis',(0.,0.,1.));
#2426=DIRECTION('refdir',(1.,0.,0.));
#2427=DIRECTION('center_axis',(-0.445422897661846,-0.895320301477926,0.));
#2428=DIRECTION('ref_axis',(-0.895320301477926,0.445422897661846,0.));
#2429=DIRECTION('',(-0.895320301477926,0.445422897661846,0.));
#2430=DIRECTION('',(0.,0.,1.));
#2431=DIRECTION('',(0.895320301477926,-0.445422897661846,0.));
#2432=DIRECTION('',(0.,0.,-1.));
#2433=DIRECTION('center_axis',(0.,0.,-1.));
#2434=DIRECTION('ref_axis',(0.,1.,0.));
#2435=DIRECTION('',(0.,1.,0.));
#2436=DIRECTION('',(1.,0.,0.));
#2437=DIRECTION('',(0.,-1.,0.));
#2438=DIRECTION('center_axis',(1.,0.,0.));
#2439=DIRECTION('ref_axis',(0.,0.,-1.));
#2440=DIRECTION('',(0.,-1.,0.));
#2441=DIRECTION('',(0.,0.,-1.));
#2442=DIRECTION('center_axis',(0.,0.,1.));
#2443=DIRECTION('ref_axis',(0.,-1.,0.));
#2444=DIRECTION('',(0.,1.,0.));
#2445=DIRECTION('',(1.,0.,0.));
#2446=DIRECTION('center_axis',(1.,0.,0.));
#2447=DIRECTION('ref_axis',(0.,-2.22044604925031E-16,1.));
#2448=DIRECTION('',(0.,-2.22044604925031E-16,1.));
#2449=DIRECTION('',(0.,-1.,-2.22044604925031E-16));
#2450=DIRECTION('',(0.,0.,-1.));
#2451=DIRECTION('',(0.,-1.,-2.22044604925031E-16));
#2452=DIRECTION('',(0.,-2.22044604925031E-16,1.));
#2453=DIRECTION('center_axis',(0.,1.,0.));
#2454=DIRECTION('ref_axis',(1.,0.,0.));
#2455=DIRECTION('',(0.,0.,1.));
#2456=DIRECTION('',(1.,0.,0.));
#2457=DIRECTION('',(0.,0.,-1.));
#2458=DIRECTION('',(1.,0.,0.));
#2459=DIRECTION('',(0.,0.,-1.));
#2460=DIRECTION('',(1.,0.,0.));
#2461=DIRECTION('',(0.,0.,-1.));
#2462=DIRECTION('',(-1.,0.,0.));
#2463=DIRECTION('center_axis',(0.,1.,0.));
#2464=DIRECTION('ref_axis',(1.,0.,0.));
#2465=DIRECTION('',(1.,0.,0.));
#2466=DIRECTION('',(0.,0.,1.));
#2467=DIRECTION('',(1.,0.,0.));
#2468=DIRECTION('center_axis',(0.447213412906321,-0.894427282296711,-1.98602752531743E-16));
#2469=DIRECTION('ref_axis',(-0.894427282296711,-0.447213412906321,-9.9301325585959E-17));
#2470=DIRECTION('',(0.894427282296711,0.447213412906321,9.9301325585959E-17));
#2471=DIRECTION('',(0.,2.22044604925031E-16,-1.));
#2472=DIRECTION('',(-0.894427282296711,-0.447213412906321,-9.9301325585959E-17));
#2473=DIRECTION('',(0.,-2.22044604925031E-16,1.));
#2474=DIRECTION('center_axis',(0.,2.22044604925031E-16,-1.));
#2475=DIRECTION('ref_axis',(0.,-1.,-2.22044604925031E-16));
#2476=DIRECTION('',(0.,1.,2.22044604925031E-16));
#2477=DIRECTION('',(-1.,0.,0.));
#2478=DIRECTION('',(0.,-1.,-2.22044604925031E-16));
#2479=DIRECTION('center_axis',(0.,-2.22044604925031E-16,1.));
#2480=DIRECTION('ref_axis',(0.,1.,2.22044604925031E-16));
#2481=DIRECTION('',(0.,1.,2.22044604925031E-16));
#2482=DIRECTION('',(-1.,0.,0.));
#2483=DIRECTION('',(0.,-1.,-2.22044604925031E-16));
#2484=DIRECTION('center_axis',(-1.,0.,0.));
#2485=DIRECTION('ref_axis',(0.,-1.,-2.22044604925031E-16));
#2486=DIRECTION('',(0.,-2.22044604925031E-16,1.));
#2487=DIRECTION('center_axis',(-1.,0.,0.));
#2488=DIRECTION('ref_axis',(0.,2.22044604925031E-16,-1.));
#2489=DIRECTION('',(0.,2.22044604925031E-16,-1.));
#2490=DIRECTION('',(0.,-1.,-2.22044604925031E-16));
#2491=DIRECTION('',(0.,1.,2.22044604925031E-16));
#2492=DIRECTION('',(0.,2.22044604925031E-16,-1.));
#2493=DIRECTION('center_axis',(1.,0.,0.));
#2494=DIRECTION('ref_axis',(0.,2.22044604925031E-16,-1.));
#2495=DIRECTION('center_axis',(1.,0.,0.));
#2496=DIRECTION('ref_axis',(0.,2.22044604925031E-16,-1.));
#2497=DIRECTION('',(1.,0.,0.));
#2498=DIRECTION('center_axis',(1.,0.,0.));
#2499=DIRECTION('ref_axis',(0.,2.22044604925031E-16,-1.));
#2500=DIRECTION('center_axis',(1.,0.,0.));
#2501=DIRECTION('ref_axis',(0.,2.22044604925031E-16,-1.));
#2502=DIRECTION('center_axis',(-1.,0.,0.));
#2503=DIRECTION('ref_axis',(0.,-2.22044604925031E-16,1.));
#2504=DIRECTION('center_axis',(-1.,0.,0.));
#2505=DIRECTION('ref_axis',(0.,-2.22044604925031E-16,1.));
#2506=DIRECTION('center_axis',(-1.,0.,0.));
#2507=DIRECTION('ref_axis',(0.,-2.22044604925031E-16,1.));
#2508=DIRECTION('',(-1.,0.,0.));
#2509=DIRECTION('center_axis',(0.,0.,-1.));
#2510=DIRECTION('ref_axis',(0.707106781186547,-0.707106781186547,-1.57009245868377E-16));
#2511=DIRECTION('center_axis',(0.,0.,-1.));
#2512=DIRECTION('ref_axis',(0.707106781186547,-0.707106781186547,-1.57009245868377E-16));
#2513=DIRECTION('',(0.,0.,-1.));
#2514=DIRECTION('center_axis',(1.77635683940025E-15,-2.22044604925031E-16,
1.));
#2515=DIRECTION('ref_axis',(0.,-1.,-2.22044604925031E-16));
#2516=DIRECTION('',(0.,0.,1.));
#2517=DIRECTION('center_axis',(0.408248290463864,0.816496580927727,-0.408248290463861));
#2518=DIRECTION('ref_axis',(0.577350269189628,-0.577350269189626,-0.577350269189624));
#2519=DIRECTION('center_axis',(1.,0.,0.));
#2520=DIRECTION('ref_axis',(0.,-0.707106781186547,-0.707106781186548));
#2521=DIRECTION('center_axis',(0.,-1.,0.));
#2522=DIRECTION('ref_axis',(0.707106781186547,1.57009245868378E-16,-0.707106781186548));
#2523=DIRECTION('center_axis',(-1.,0.,0.));
#2524=DIRECTION('ref_axis',(0.,-0.707106781186547,-0.707106781186547));
#2525=DIRECTION('',(-1.,0.,0.));
#2526=DIRECTION('center_axis',(-1.,0.,0.));
#2527=DIRECTION('ref_axis',(0.,-0.707106781186547,-0.707106781186548));
#2528=DIRECTION('',(1.,0.,0.));
#2529=DIRECTION('center_axis',(0.,-1.,0.));
#2530=DIRECTION('ref_axis',(-1.,0.,0.));
#2531=DIRECTION('',(-1.,0.,0.));
#2532=DIRECTION('',(0.,0.,1.));
#2533=DIRECTION('',(1.70803546361455E-16,0.,-1.));
#2534=DIRECTION('center_axis',(0.,1.,0.));
#2535=DIRECTION('ref_axis',(2.22044604925028E-14,2.22044604925031E-16,-1.));
#2536=DIRECTION('',(-1.,0.,0.));
#2537=DIRECTION('center_axis',(0.,1.,0.));
#2538=DIRECTION('ref_axis',(-1.,0.,0.));
#2539=DIRECTION('',(0.,0.,1.));
#2540=DIRECTION('center_axis',(0.,1.,0.));
#2541=DIRECTION('ref_axis',(0.,-2.22044604925031E-16,1.));
#2542=DIRECTION('',(1.,0.,0.));
#2543=DIRECTION('center_axis',(0.,1.,0.));
#2544=DIRECTION('ref_axis',(1.,0.,0.));
#2545=DIRECTION('',(-1.,0.,0.));
#2546=DIRECTION('center_axis',(0.,1.,0.));
#2547=DIRECTION('ref_axis',(-1.,0.,0.));
#2548=DIRECTION('',(0.,0.,1.));
#2549=DIRECTION('center_axis',(0.,1.,0.));
#2550=DIRECTION('ref_axis',(-2.22044604925028E-14,-2.22044604925031E-16,
1.));
#2551=DIRECTION('',(1.,0.,0.));
#2552=DIRECTION('center_axis',(0.,1.,0.));
#2553=DIRECTION('ref_axis',(1.,0.,0.));
#2554=DIRECTION('',(0.,0.,-1.));
#2555=DIRECTION('center_axis',(0.,1.,0.));
#2556=DIRECTION('ref_axis',(0.,2.22044604925031E-16,-1.));
#2557=DIRECTION('',(0.,0.,1.));
#2558=DIRECTION('center_axis',(0.,1.,0.));
#2559=DIRECTION('ref_axis',(-2.22044604925028E-14,-2.22044604925031E-16,
1.));
#2560=DIRECTION('',(1.,0.,0.));
#2561=DIRECTION('center_axis',(0.,1.,0.));
#2562=DIRECTION('ref_axis',(1.,0.,0.));
#2563=DIRECTION('',(0.,0.,-1.));
#2564=DIRECTION('center_axis',(0.,1.,0.));
#2565=DIRECTION('ref_axis',(0.,2.22044604925031E-16,-1.));
#2566=DIRECTION('',(-1.,0.,0.));
#2567=DIRECTION('center_axis',(0.,1.,0.));
#2568=DIRECTION('ref_axis',(-1.,0.,0.));
#2569=DIRECTION('',(-1.,0.,0.));
#2570=DIRECTION('center_axis',(0.,1.,0.));
#2571=DIRECTION('ref_axis',(-1.,0.,0.));
#2572=DIRECTION('',(-1.70803546361455E-16,0.,1.));
#2573=DIRECTION('center_axis',(0.,1.,0.));
#2574=DIRECTION('ref_axis',(-1.77635683940023E-14,-2.22044604925031E-16,
1.));
#2575=DIRECTION('',(1.,0.,0.));
#2576=DIRECTION('center_axis',(0.,1.,0.));
#2577=DIRECTION('ref_axis',(1.,0.,0.));
#2578=DIRECTION('',(1.70803546361455E-16,0.,-1.));
#2579=DIRECTION('center_axis',(0.,1.,0.));
#2580=DIRECTION('ref_axis',(1.77635683940023E-14,2.22044604925031E-16,-1.));
#2581=DIRECTION('',(0.,0.,1.));
#2582=DIRECTION('center_axis',(0.,1.,0.));
#2583=DIRECTION('ref_axis',(-1.77635683940023E-14,-2.22044604925031E-16,
1.));
#2584=DIRECTION('',(1.,0.,0.));
#2585=DIRECTION('center_axis',(0.,1.,0.));
#2586=DIRECTION('ref_axis',(1.,0.,0.));
#2587=DIRECTION('',(0.,0.,-1.));
#2588=DIRECTION('center_axis',(0.,1.,0.));
#2589=DIRECTION('ref_axis',(0.,2.22044604925031E-16,-1.));
#2590=DIRECTION('',(-1.,0.,0.));
#2591=DIRECTION('center_axis',(0.,1.,0.));
#2592=DIRECTION('ref_axis',(-1.,0.,0.));
#2593=DIRECTION('',(-1.,0.,0.));
#2594=DIRECTION('center_axis',(0.,1.,0.));
#2595=DIRECTION('ref_axis',(-1.,0.,0.));
#2596=DIRECTION('',(0.,0.,1.));
#2597=DIRECTION('center_axis',(0.,1.,0.));
#2598=DIRECTION('ref_axis',(-2.22044604925028E-14,-2.22044604925031E-16,
1.));
#2599=DIRECTION('',(1.,0.,0.));
#2600=DIRECTION('center_axis',(0.,1.,0.));
#2601=DIRECTION('ref_axis',(1.,0.,0.));
#2602=DIRECTION('',(0.,0.,-1.));
#2603=DIRECTION('center_axis',(0.,1.,0.));
#2604=DIRECTION('ref_axis',(0.,2.22044604925031E-16,-1.));
#2605=DIRECTION('center_axis',(0.,0.,1.));
#2606=DIRECTION('ref_axis',(1.,0.,0.));
#2607=DIRECTION('',(0.,-1.,0.));
#2608=DIRECTION('',(1.,0.,0.));
#2609=DIRECTION('',(0.,-1.,0.));
#2610=DIRECTION('center_axis',(0.,0.,-1.));
#2611=DIRECTION('ref_axis',(-0.707106781186547,-0.707106781186547,-1.57009245868377E-16));
#2612=DIRECTION('',(0.,-1.,0.));
#2613=DIRECTION('',(1.,0.,0.));
#2614=DIRECTION('',(0.,-1.,0.));
#2615=DIRECTION('',(0.,-1.,-2.22044604925031E-16));
#2616=DIRECTION('',(-1.,0.,0.));
#2617=DIRECTION('',(-1.,0.,0.));
#2618=DIRECTION('',(0.,-1.,-2.22044604925031E-16));
#2619=DIRECTION('center_axis',(0.,0.,-1.));
#2620=DIRECTION('ref_axis',(-0.707106781186547,-0.707106781186547,-1.57009245868377E-16));
#2621=DIRECTION('',(0.,0.,-1.));
#2622=DIRECTION('center_axis',(0.,3.33066907387546E-15,1.));
#2623=DIRECTION('ref_axis',(-1.,0.,0.));
#2624=DIRECTION('center_axis',(-0.408248290463861,0.816496580927728,-0.408248290463861));
#2625=DIRECTION('ref_axis',(-0.577350269189627,-0.577350269189623,-0.577350269189627));
#2626=DIRECTION('center_axis',(0.,-1.,0.));
#2627=DIRECTION('ref_axis',(-0.707106781186547,1.57009245868378E-16,-0.707106781186548));
#2628=DIRECTION('center_axis',(-1.,0.,0.));
#2629=DIRECTION('ref_axis',(0.,1.,0.));
#2630=DIRECTION('',(0.,0.,-1.));
#2631=DIRECTION('',(0.,1.,0.));
#2632=DIRECTION('center_axis',(0.,-2.22044604925031E-16,1.));
#2633=DIRECTION('ref_axis',(1.,0.,0.));
#2634=DIRECTION('',(-1.,0.,0.));
#2635=DIRECTION('',(0.,1.,2.22044604925031E-16));
#2636=DIRECTION('',(0.,1.,2.22044604925031E-16));
#2637=DIRECTION('center_axis',(0.,1.,2.22044604925031E-16));
#2638=DIRECTION('ref_axis',(-2.22044604925028E-14,-2.22044604925031E-16,
1.));
#2639=DIRECTION('center_axis',(0.,-1.,0.));
#2640=DIRECTION('ref_axis',(-2.22044604925028E-14,-2.22044604925031E-16,
1.));
#2641=DIRECTION('',(0.,1.,2.22044604925031E-16));
#2642=DIRECTION('center_axis',(-1.,0.,0.));
#2643=DIRECTION('ref_axis',(0.,-2.22044604925031E-16,1.));
#2644=DIRECTION('',(0.,0.,-1.));
#2645=DIRECTION('',(0.,1.,2.22044604925031E-16));
#2646=DIRECTION('center_axis',(0.,1.,2.22044604925031E-16));
#2647=DIRECTION('ref_axis',(-1.,0.,0.));
#2648=DIRECTION('center_axis',(0.,-1.,0.));
#2649=DIRECTION('ref_axis',(-1.,0.,0.));
#2650=DIRECTION('',(0.,1.,2.22044604925031E-16));
#2651=DIRECTION('center_axis',(0.,2.22044604925031E-16,-1.));
#2652=DIRECTION('ref_axis',(-1.,0.,0.));
#2653=DIRECTION('',(1.,0.,0.));
#2654=DIRECTION('',(0.,1.,2.22044604925031E-16));
#2655=DIRECTION('center_axis',(0.,1.,2.22044604925031E-16));
#2656=DIRECTION('ref_axis',(0.,2.22044604925031E-16,-1.));
#2657=DIRECTION('center_axis',(0.,-1.,0.));
#2658=DIRECTION('ref_axis',(0.,2.22044604925031E-16,-1.));
#2659=DIRECTION('',(0.,1.,2.22044604925031E-16));
#2660=DIRECTION('center_axis',(1.,0.,0.));
#2661=DIRECTION('ref_axis',(0.,2.22044604925031E-16,-1.));
#2662=DIRECTION('',(0.,0.,1.));
#2663=DIRECTION('',(0.,1.,2.22044604925031E-16));
#2664=DIRECTION('center_axis',(0.,1.,2.22044604925031E-16));
#2665=DIRECTION('ref_axis',(1.,0.,0.));
#2666=DIRECTION('center_axis',(0.,-1.,0.));
#2667=DIRECTION('ref_axis',(1.,0.,0.));
#2668=DIRECTION('center_axis',(1.,0.,0.));
#2669=DIRECTION('ref_axis',(0.,2.22044604925031E-16,-1.));
#2670=DIRECTION('',(0.,0.,1.));
#2671=DIRECTION('',(0.,1.,2.22044604925031E-16));
#2672=DIRECTION('',(0.,1.,2.22044604925031E-16));
#2673=DIRECTION('center_axis',(0.,1.,2.22044604925031E-16));
#2674=DIRECTION('ref_axis',(1.,0.,0.));
#2675=DIRECTION('center_axis',(0.,-1.,0.));
#2676=DIRECTION('ref_axis',(1.,0.,0.));
#2677=DIRECTION('',(0.,1.,2.22044604925031E-16));
#2678=DIRECTION('center_axis',(0.,-2.22044604925031E-16,1.));
#2679=DIRECTION('ref_axis',(1.,0.,0.));
#2680=DIRECTION('',(-1.,0.,0.));
#2681=DIRECTION('',(0.,1.,2.22044604925031E-16));
#2682=DIRECTION('center_axis',(0.,1.,2.22044604925031E-16));
#2683=DIRECTION('ref_axis',(-1.77635683940023E-14,-2.22044604925031E-16,
1.));
#2684=DIRECTION('center_axis',(0.,-1.,0.));
#2685=DIRECTION('ref_axis',(-1.77635683940023E-14,-2.22044604925031E-16,
1.));
#2686=DIRECTION('',(0.,1.,2.22044604925031E-16));
#2687=DIRECTION('center_axis',(-1.,0.,0.));
#2688=DIRECTION('ref_axis',(0.,-2.22044604925031E-16,1.));
#2689=DIRECTION('',(0.,0.,-1.));
#2690=DIRECTION('',(0.,1.,2.22044604925031E-16));
#2691=DIRECTION('center_axis',(0.,1.,2.22044604925031E-16));
#2692=DIRECTION('ref_axis',(-1.,0.,0.));
#2693=DIRECTION('center_axis',(0.,-1.,0.));
#2694=DIRECTION('ref_axis',(-1.,0.,0.));
#2695=DIRECTION('',(0.,1.,2.22044604925031E-16));
#2696=DIRECTION('center_axis',(0.,2.22044604925031E-16,-1.));
#2697=DIRECTION('ref_axis',(-1.,0.,0.));
#2698=DIRECTION('',(1.,0.,0.));
#2699=DIRECTION('',(0.,1.,2.22044604925031E-16));
#2700=DIRECTION('center_axis',(0.,1.,2.22044604925031E-16));
#2701=DIRECTION('ref_axis',(0.,2.22044604925031E-16,-1.));
#2702=DIRECTION('center_axis',(0.,-1.,0.));
#2703=DIRECTION('ref_axis',(0.,2.22044604925031E-16,-1.));
#2704=DIRECTION('center_axis',(0.,-2.22044604925031E-16,1.));
#2705=DIRECTION('ref_axis',(1.,0.,0.));
#2706=DIRECTION('',(-1.,0.,0.));
#2707=DIRECTION('',(0.,1.,2.22044604925031E-16));
#2708=DIRECTION('',(0.,1.,2.22044604925031E-16));
#2709=DIRECTION('center_axis',(0.,1.,2.22044604925031E-16));
#2710=DIRECTION('ref_axis',(-1.77635683940023E-14,-2.22044604925031E-16,
1.));
#2711=DIRECTION('center_axis',(0.,-1.,0.));
#2712=DIRECTION('ref_axis',(-1.77635683940023E-14,-2.22044604925031E-16,
1.));
#2713=DIRECTION('',(0.,1.,2.22044604925031E-16));
#2714=DIRECTION('center_axis',(-1.,3.79260059716235E-32,-1.70803546361455E-16));
#2715=DIRECTION('ref_axis',(-1.70803546361455E-16,-2.22044604925031E-16,
1.));
#2716=DIRECTION('',(1.70803546361455E-16,0.,-1.));
#2717=DIRECTION('',(0.,1.,2.22044604925031E-16));
#2718=DIRECTION('center_axis',(0.,1.,2.22044604925031E-16));
#2719=DIRECTION('ref_axis',(-1.,0.,0.));
#2720=DIRECTION('center_axis',(0.,-1.,0.));
#2721=DIRECTION('ref_axis',(-1.,0.,0.));
#2722=DIRECTION('',(0.,1.,2.22044604925031E-16));
#2723=DIRECTION('center_axis',(0.,2.22044604925031E-16,-1.));
#2724=DIRECTION('ref_axis',(-1.,0.,0.));
#2725=DIRECTION('',(1.,0.,0.));
#2726=DIRECTION('',(0.,1.,2.22044604925031E-16));
#2727=DIRECTION('center_axis',(0.,1.,2.22044604925031E-16));
#2728=DIRECTION('ref_axis',(1.77635683940023E-14,2.22044604925031E-16,-1.));
#2729=DIRECTION('center_axis',(0.,-1.,0.));
#2730=DIRECTION('ref_axis',(1.77635683940023E-14,2.22044604925031E-16,-1.));
#2731=DIRECTION('',(0.,1.,2.22044604925031E-16));
#2732=DIRECTION('center_axis',(1.,-3.79260059716235E-32,1.70803546361455E-16));
#2733=DIRECTION('ref_axis',(1.70803546361455E-16,2.22044604925031E-16,-1.));
#2734=DIRECTION('',(-1.70803546361455E-16,0.,1.));
#2735=DIRECTION('',(0.,1.,2.22044604925031E-16));
#2736=DIRECTION('center_axis',(0.,1.,2.22044604925031E-16));
#2737=DIRECTION('ref_axis',(1.,0.,0.));
#2738=DIRECTION('center_axis',(0.,-1.,0.));
#2739=DIRECTION('ref_axis',(1.,0.,0.));
#2740=DIRECTION('center_axis',(1.,0.,0.));
#2741=DIRECTION('ref_axis',(0.,2.22044604925031E-16,-1.));
#2742=DIRECTION('',(0.,0.,1.));
#2743=DIRECTION('',(0.,1.,2.22044604925031E-16));
#2744=DIRECTION('',(0.,1.,2.22044604925031E-16));
#2745=DIRECTION('center_axis',(0.,1.,2.22044604925031E-16));
#2746=DIRECTION('ref_axis',(1.,0.,0.));
#2747=DIRECTION('center_axis',(0.,-1.,0.));
#2748=DIRECTION('ref_axis',(1.,0.,0.));
#2749=DIRECTION('',(0.,1.,2.22044604925031E-16));
#2750=DIRECTION('center_axis',(0.,-2.22044604925031E-16,1.));
#2751=DIRECTION('ref_axis',(1.,0.,0.));
#2752=DIRECTION('',(-1.,0.,0.));
#2753=DIRECTION('',(0.,1.,2.22044604925031E-16));
#2754=DIRECTION('center_axis',(0.,1.,2.22044604925031E-16));
#2755=DIRECTION('ref_axis',(-2.22044604925028E-14,-2.22044604925031E-16,
1.));
#2756=DIRECTION('center_axis',(0.,-1.,0.));
#2757=DIRECTION('ref_axis',(-2.22044604925028E-14,-2.22044604925031E-16,
1.));
#2758=DIRECTION('',(0.,1.,2.22044604925031E-16));
#2759=DIRECTION('center_axis',(-1.,0.,0.));
#2760=DIRECTION('ref_axis',(0.,-2.22044604925031E-16,1.));
#2761=DIRECTION('',(0.,0.,-1.));
#2762=DIRECTION('',(0.,1.,2.22044604925031E-16));
#2763=DIRECTION('center_axis',(0.,1.,2.22044604925031E-16));
#2764=DIRECTION('ref_axis',(-1.,0.,0.));
#2765=DIRECTION('center_axis',(0.,-1.,0.));
#2766=DIRECTION('ref_axis',(-1.,0.,0.));
#2767=DIRECTION('',(0.,1.,2.22044604925031E-16));
#2768=DIRECTION('center_axis',(0.,2.22044604925031E-16,-1.));
#2769=DIRECTION('ref_axis',(-1.,0.,0.));
#2770=DIRECTION('',(1.,0.,0.));
#2771=DIRECTION('',(0.,1.,2.22044604925031E-16));
#2772=DIRECTION('center_axis',(0.,1.,2.22044604925031E-16));
#2773=DIRECTION('ref_axis',(0.,2.22044604925031E-16,-1.));
#2774=DIRECTION('center_axis',(0.,-1.,0.));
#2775=DIRECTION('ref_axis',(0.,2.22044604925031E-16,-1.));
#2776=DIRECTION('center_axis',(0.,-2.22044604925031E-16,1.));
#2777=DIRECTION('ref_axis',(1.,0.,0.));
#2778=DIRECTION('',(-1.,0.,0.));
#2779=DIRECTION('',(0.,1.,2.22044604925031E-16));
#2780=DIRECTION('',(0.,1.,2.22044604925031E-16));
#2781=DIRECTION('center_axis',(0.,1.,2.22044604925031E-16));
#2782=DIRECTION('ref_axis',(-2.22044604925028E-14,-2.22044604925031E-16,
1.));
#2783=DIRECTION('center_axis',(0.,-1.,0.));
#2784=DIRECTION('ref_axis',(-2.22044604925028E-14,-2.22044604925031E-16,
1.));
#2785=DIRECTION('',(0.,1.,2.22044604925031E-16));
#2786=DIRECTION('center_axis',(-1.,0.,0.));
#2787=DIRECTION('ref_axis',(0.,-2.22044604925031E-16,1.));
#2788=DIRECTION('',(0.,0.,-1.));
#2789=DIRECTION('',(0.,1.,2.22044604925031E-16));
#2790=DIRECTION('center_axis',(0.,1.,2.22044604925031E-16));
#2791=DIRECTION('ref_axis',(-1.,0.,0.));
#2792=DIRECTION('center_axis',(0.,-1.,0.));
#2793=DIRECTION('ref_axis',(-1.,0.,0.));
#2794=DIRECTION('',(0.,1.,2.22044604925031E-16));
#2795=DIRECTION('center_axis',(0.,2.22044604925031E-16,-1.));
#2796=DIRECTION('ref_axis',(-1.,0.,0.));
#2797=DIRECTION('',(1.,0.,0.));
#2798=DIRECTION('',(0.,1.,2.22044604925031E-16));
#2799=DIRECTION('center_axis',(0.,1.,2.22044604925031E-16));
#2800=DIRECTION('ref_axis',(0.,2.22044604925031E-16,-1.));
#2801=DIRECTION('center_axis',(0.,-1.,0.));
#2802=DIRECTION('ref_axis',(0.,2.22044604925031E-16,-1.));
#2803=DIRECTION('',(0.,1.,2.22044604925031E-16));
#2804=DIRECTION('center_axis',(1.,0.,0.));
#2805=DIRECTION('ref_axis',(0.,2.22044604925031E-16,-1.));
#2806=DIRECTION('',(0.,0.,1.));
#2807=DIRECTION('',(0.,1.,2.22044604925031E-16));
#2808=DIRECTION('center_axis',(0.,1.,2.22044604925031E-16));
#2809=DIRECTION('ref_axis',(1.,0.,0.));
#2810=DIRECTION('center_axis',(0.,-1.,0.));
#2811=DIRECTION('ref_axis',(1.,0.,0.));
#2812=DIRECTION('center_axis',(-1.,0.,0.));
#2813=DIRECTION('ref_axis',(0.,-2.22044604925031E-16,1.));
#2814=DIRECTION('',(0.,0.,-1.));
#2815=DIRECTION('',(0.,1.,2.22044604925031E-16));
#2816=DIRECTION('',(0.,1.,2.22044604925031E-16));
#2817=DIRECTION('center_axis',(0.,1.,2.22044604925031E-16));
#2818=DIRECTION('ref_axis',(-1.,0.,0.));
#2819=DIRECTION('center_axis',(0.,-1.,0.));
#2820=DIRECTION('ref_axis',(-1.,0.,0.));
#2821=DIRECTION('',(0.,1.,2.22044604925031E-16));
#2822=DIRECTION('center_axis',(0.,2.22044604925031E-16,-1.));
#2823=DIRECTION('ref_axis',(-1.,0.,0.));
#2824=DIRECTION('',(1.,0.,0.));
#2825=DIRECTION('',(0.,1.,2.22044604925031E-16));
#2826=DIRECTION('center_axis',(0.,1.,2.22044604925031E-16));
#2827=DIRECTION('ref_axis',(2.22044604925028E-14,2.22044604925031E-16,-1.));
#2828=DIRECTION('center_axis',(0.,-1.,0.));
#2829=DIRECTION('ref_axis',(2.22044604925028E-14,2.22044604925031E-16,-1.));
#2830=DIRECTION('',(0.,1.,2.22044604925031E-16));
#2831=DIRECTION('center_axis',(1.,-3.79260059716235E-32,1.70803546361455E-16));
#2832=DIRECTION('ref_axis',(1.70803546361455E-16,2.22044604925031E-16,-1.));
#2833=DIRECTION('',(-1.70803546361455E-16,0.,1.));
#2834=DIRECTION('',(0.,1.,2.22044604925031E-16));
#2835=DIRECTION('center_axis',(0.,1.,2.22044604925031E-16));
#2836=DIRECTION('ref_axis',(1.,0.,0.));
#2837=DIRECTION('center_axis',(0.,-1.,0.));
#2838=DIRECTION('ref_axis',(1.,0.,0.));
#2839=DIRECTION('',(0.,1.,2.22044604925031E-16));
#2840=DIRECTION('center_axis',(0.,-2.22044604925031E-16,1.));
#2841=DIRECTION('ref_axis',(1.,0.,0.));
#2842=DIRECTION('',(-1.,0.,0.));
#2843=DIRECTION('',(0.,1.,2.22044604925031E-16));
#2844=DIRECTION('center_axis',(0.,1.,2.22044604925031E-16));
#2845=DIRECTION('ref_axis',(0.,-2.22044604925031E-16,1.));
#2846=DIRECTION('center_axis',(0.,-1.,0.));
#2847=DIRECTION('ref_axis',(0.,-2.22044604925031E-16,1.));
#2848=DIRECTION('center_axis',(0.,1.,0.));
#2849=DIRECTION('ref_axis',(-0.707106781186547,0.,-0.707106781186547));
#2850=DIRECTION('center_axis',(0.,-1.,0.));
#2851=DIRECTION('ref_axis',(-0.707106781186547,0.,-0.707106781186547));
#2852=DIRECTION('',(0.,-1.,0.));
#2853=DIRECTION('center_axis',(0.,-1.,0.));
#2854=DIRECTION('ref_axis',(-1.,0.,0.));
#2855=DIRECTION('',(0.,0.,-1.));
#2856=DIRECTION('',(-1.,0.,0.));
#2857=DIRECTION('',(0.,0.,-1.));
#2858=DIRECTION('center_axis',(0.,2.22044604925031E-16,-1.));
#2859=DIRECTION('ref_axis',(1.,0.,0.));
#2860=DIRECTION('',(0.,-1.,-2.22044604925031E-16));
#2861=DIRECTION('',(1.,0.,0.));
#2862=DIRECTION('',(0.,-1.,-2.22044604925031E-16));
#2863=DIRECTION('center_axis',(-1.,0.,0.));
#2864=DIRECTION('ref_axis',(0.,2.22044604925031E-16,-1.));
#2865=DIRECTION('',(0.,2.22044604925031E-16,-1.));
#2866=DIRECTION('center_axis',(0.,-2.22044604925031E-16,1.));
#2867=DIRECTION('ref_axis',(-1.,0.,0.));
#2868=DIRECTION('',(-1.,0.,0.));
#2869=DIRECTION('center_axis',(1.,0.,0.));
#2870=DIRECTION('ref_axis',(0.,-2.22044604925031E-16,1.));
#2871=DIRECTION('',(0.,-2.22044604925031E-16,1.));
#2872=DIRECTION('center_axis',(0.,-1.,-2.22044604925031E-16));
#2873=DIRECTION('ref_axis',(1.,0.,0.));
#2874=DIRECTION('center_axis',(0.,-1.,0.));
#2875=DIRECTION('ref_axis',(0.707106781186547,0.,-0.707106781186547));
#2876=DIRECTION('',(0.,1.,0.));
#2877=DIRECTION('center_axis',(0.,-1.,0.));
#2878=DIRECTION('ref_axis',(0.707106781186547,0.,-0.707106781186547));
#2879=DIRECTION('',(0.,-1.,0.));
#2880=DIRECTION('center_axis',(0.,0.,-1.));
#2881=DIRECTION('ref_axis',(-1.,0.,0.));
#2882=DIRECTION('',(1.,0.,0.));
#2883=DIRECTION('',(1.,0.,0.));
#2884=DIRECTION('',(0.,1.,0.));
#2885=DIRECTION('',(-1.,0.,0.));
#2886=DIRECTION('',(0.,-1.,0.));
#2887=DIRECTION('center_axis',(0.,1.,0.));
#2888=DIRECTION('ref_axis',(1.,0.,0.));
#2889=DIRECTION('',(0.,0.,-1.));
#2890=DIRECTION('center_axis',(0.,1.,0.));
#2891=DIRECTION('ref_axis',(1.,0.,0.));
#2892=DIRECTION('',(1.,0.,0.));
#2893=DIRECTION('',(0.,0.,-1.));
#2894=DIRECTION('',(0.,0.,-1.));
#2895=DIRECTION('center_axis',(1.,0.,0.));
#2896=DIRECTION('ref_axis',(0.,-1.,0.));
#2897=DIRECTION('',(0.,-1.,0.));
#2898=DIRECTION('',(0.,0.,-1.));
#2899=DIRECTION('center_axis',(0.,-1.,0.));
#2900=DIRECTION('ref_axis',(-1.,0.,0.));
#2901=DIRECTION('',(-1.,0.,0.));
#2902=DIRECTION('',(0.,0.,-1.));
#2903=DIRECTION('center_axis',(-1.,0.,0.));
#2904=DIRECTION('ref_axis',(0.,1.,0.));
#2905=DIRECTION('',(0.,1.,0.));
#2906=DIRECTION('center_axis',(1.,0.,0.));
#2907=DIRECTION('ref_axis',(0.,-1.,0.));
#2908=DIRECTION('',(0.,-1.,0.));
#2909=DIRECTION('center_axis',(-1.,0.,0.));
#2910=DIRECTION('ref_axis',(0.,1.,0.));
#2911=DIRECTION('',(0.,1.,0.));
#2912=DIRECTION('center_axis',(0.,0.,-1.));
#2913=DIRECTION('ref_axis',(-1.,0.,0.));
#2914=DIRECTION('center_axis',(1.,0.,0.));
#2915=DIRECTION('ref_axis',(0.,-1.,0.));
#2916=DIRECTION('center_axis',(1.22464679914735E-16,2.22044604925031E-16,
-1.));
#2917=DIRECTION('ref_axis',(0.707106781186548,0.707106781186548,1.57009245868377E-16));
#2918=DIRECTION('center_axis',(-1.22464679914735E-16,-2.22044604925031E-16,
1.));
#2919=DIRECTION('ref_axis',(0.707106781186548,0.707106781186548,1.57009245868377E-16));
#2920=DIRECTION('',(1.22464679914735E-16,2.22044604925031E-16,-1.));
#2921=DIRECTION('center_axis',(1.22464679914735E-16,2.22044604925031E-16,
-1.));
#2922=DIRECTION('ref_axis',(0.707106781186548,0.707106781186548,1.57009245868377E-16));
#2923=DIRECTION('',(-1.22464679914735E-16,-2.22044604925031E-16,1.));
#2924=DIRECTION('center_axis',(0.,-1.,-2.22044604925031E-16));
#2925=DIRECTION('ref_axis',(-1.,2.71926214689378E-32,-1.22464679914735E-16));
#2926=DIRECTION('',(-1.,2.71926214689378E-32,-1.22464679914735E-16));
#2927=DIRECTION('',(-1.22464679914735E-16,-2.22044604925031E-16,1.));
#2928=DIRECTION('',(-1.,2.71926214689378E-32,-1.22464679914735E-16));
#2929=DIRECTION('center_axis',(1.22464679914735E-16,2.22044604925031E-16,
-1.));
#2930=DIRECTION('ref_axis',(-0.707106781186548,0.707106781186548,1.57009245868377E-16));
#2931=DIRECTION('center_axis',(-1.22464679914735E-16,-2.22044604925031E-16,
1.));
#2932=DIRECTION('ref_axis',(-0.707106781186548,0.707106781186548,1.57009245868377E-16));
#2933=DIRECTION('',(1.22464679914735E-16,2.22044604925031E-16,-1.));
#2934=DIRECTION('center_axis',(1.22464679914735E-16,2.22044604925031E-16,
-1.));
#2935=DIRECTION('ref_axis',(-0.707106781186548,0.707106781186548,1.57009245868377E-16));
#2936=DIRECTION('center_axis',(1.,-2.71926214689378E-32,1.22464679914735E-16));
#2937=DIRECTION('ref_axis',(0.,-1.,-2.22044604925031E-16));
#2938=DIRECTION('',(0.,-1.,-2.22044604925031E-16));
#2939=DIRECTION('',(-1.22464679914735E-16,-2.22044604925031E-16,1.));
#2940=DIRECTION('',(0.,-1.,-2.22044604925031E-16));
#2941=DIRECTION('center_axis',(-1.,4.71432363550305E-16,-1.22464679914735E-16));
#2942=DIRECTION('ref_axis',(4.71432363550305E-16,1.,2.22044604925031E-16));
#2943=DIRECTION('',(4.71432363550305E-16,1.,2.22044604925031E-16));
#2944=DIRECTION('',(1.22464679914735E-16,2.22044604925031E-16,-1.));
#2945=DIRECTION('',(4.71432363550305E-16,1.,2.22044604925031E-16));
#2946=DIRECTION('center_axis',(-1.22464679914735E-16,-2.22044604925031E-16,
1.));
#2947=DIRECTION('ref_axis',(0.707106781186547,-0.707106781186548,-1.57009245868378E-16));
#2948=DIRECTION('center_axis',(1.22464679914735E-16,2.22044604925031E-16,
-1.));
#2949=DIRECTION('ref_axis',(0.707106781186547,-0.707106781186548,-1.57009245868378E-16));
#2950=DIRECTION('',(-1.22464679914735E-16,-2.22044604925031E-16,1.));
#2951=DIRECTION('center_axis',(-1.22464679914735E-16,-2.22044604925031E-16,
1.));
#2952=DIRECTION('ref_axis',(0.707106781186547,-0.707106781186548,-1.57009245868378E-16));
#2953=DIRECTION('center_axis',(0.,1.,2.22044604925031E-16));
#2954=DIRECTION('ref_axis',(1.,-2.71926214689378E-32,1.22464679914735E-16));
#2955=DIRECTION('',(1.,-2.71926214689378E-32,1.22464679914735E-16));
#2956=DIRECTION('',(1.22464679914735E-16,2.22044604925031E-16,-1.));
#2957=DIRECTION('',(1.,-2.71926214689378E-32,1.22464679914735E-16));
#2958=DIRECTION('center_axis',(1.22464679914735E-16,2.22044604925031E-16,
-1.));
#2959=DIRECTION('ref_axis',(-0.707106781186547,-0.707106781186547,-1.57009245868377E-16));
#2960=DIRECTION('center_axis',(-1.22464679914735E-16,-2.22044604925031E-16,
1.));
#2961=DIRECTION('ref_axis',(-0.707106781186547,-0.707106781186547,-1.57009245868377E-16));
#2962=DIRECTION('center_axis',(1.22464679914735E-16,2.22044604925031E-16,
-1.));
#2963=DIRECTION('ref_axis',(-0.707106781186547,-0.707106781186547,-1.57009245868377E-16));
#2964=DIRECTION('center_axis',(0.,-1.,-2.22044604925031E-16));
#2965=DIRECTION('ref_axis',(0.799999999999999,-1.33226762955019E-16,0.600000000000001));
#2966=DIRECTION('center_axis',(0.,-1.,-2.22044604925031E-16));
#2967=DIRECTION('ref_axis',(0.799999999999999,-1.33226762955019E-16,0.600000000000001));
#2968=DIRECTION('',(0.,-1.,-2.22044604925031E-16));
#2969=DIRECTION('center_axis',(0.,1.,2.22044604925031E-16));
#2970=DIRECTION('ref_axis',(0.,-2.22044604925031E-16,1.));
#2971=DIRECTION('',(0.,-1.,-2.22044604925031E-16));
#2972=DIRECTION('center_axis',(1.,0.,0.));
#2973=DIRECTION('ref_axis',(0.,-2.22044604925031E-16,1.));
#2974=DIRECTION('center_axis',(-1.22464679914735E-16,-2.22044604925031E-16,
1.));
#2975=DIRECTION('ref_axis',(0.707106781186547,-0.707106781186547,-1.57009245868377E-16));
#2976=DIRECTION('center_axis',(1.22464679914735E-16,2.22044604925031E-16,
-1.));
#2977=DIRECTION('ref_axis',(-1.,0.,0.));
#2978=DIRECTION('center_axis',(-1.,2.71926214689378E-32,-1.22464679914735E-16));
#2979=DIRECTION('ref_axis',(0.,-0.799999999999999,0.600000000000001));
#2980=DIRECTION('center_axis',(1.,0.,0.));
#2981=DIRECTION('ref_axis',(0.,-2.22044604925031E-16,1.));
#2982=DIRECTION('',(-1.,2.71926214689378E-32,-1.22464679914735E-16));
#2983=DIRECTION('',(-1.,2.71926214689378E-32,-1.22464679914735E-16));
#2984=DIRECTION('center_axis',(0.,-1.,-2.22044604925031E-16));
#2985=DIRECTION('ref_axis',(0.,-2.22044604925031E-16,1.));
#2986=DIRECTION('center_axis',(-1.22464679914735E-16,-2.22044604925031E-16,
1.));
#2987=DIRECTION('ref_axis',(-0.707106781186547,-0.707106781186547,-1.57009245868377E-16));
#2988=DIRECTION('center_axis',(1.22464679914735E-16,2.22044604925031E-16,
-1.));
#2989=DIRECTION('ref_axis',(6.12323399573673E-16,1.,2.22044604925031E-16));
#2990=DIRECTION('center_axis',(0.,1.,2.22044604925031E-16));
#2991=DIRECTION('ref_axis',(-0.800000000000002,-1.33226762955018E-16,0.599999999999998));
#2992=DIRECTION('center_axis',(0.,-1.,-2.22044604925031E-16));
#2993=DIRECTION('ref_axis',(-0.800000000000002,-1.33226762955018E-16,0.599999999999998));
#2994=DIRECTION('',(0.,1.,2.22044604925031E-16));
#2995=DIRECTION('',(0.,1.,2.22044604925031E-16));
#2996=DIRECTION('center_axis',(1.22464679914735E-16,2.22044604925031E-16,
-1.));
#2997=DIRECTION('ref_axis',(-1.,2.71926214689378E-32,-1.22464679914735E-16));
#2998=DIRECTION('',(-1.,0.,0.));
#2999=DIRECTION('',(-1.,2.71926214689378E-32,-1.22464679914735E-16));
#3000=DIRECTION('',(0.,-1.,-2.22044604925031E-16));
#3001=DIRECTION('',(1.,-2.71926214689378E-32,1.22464679914735E-16));
#3002=DIRECTION('',(0.,-1.,-2.22044604925031E-16));
#3003=DIRECTION('',(-1.,2.71926214689378E-32,-1.22464679914735E-16));
#3004=DIRECTION('',(0.,-1.,-2.22044604925031E-16));
#3005=DIRECTION('',(1.,-2.71926214689378E-32,1.22464679914735E-16));
#3006=DIRECTION('',(0.,1.,2.22044604925031E-16));
#3007=DIRECTION('center_axis',(0.,1.,2.22044604925031E-16));
#3008=DIRECTION('ref_axis',(1.,-2.71926214689378E-32,1.22464679914735E-16));
#3009=DIRECTION('',(1.,-2.71926214689378E-32,1.22464679914735E-16));
#3010=DIRECTION('center_axis',(1.22464679914735E-16,2.22044604925031E-16,
-1.));
#3011=DIRECTION('ref_axis',(-1.,2.71926214689378E-32,-1.22464679914735E-16));
#3012=DIRECTION('center_axis',(1.,-2.71926214689378E-32,1.22464679914735E-16));
#3013=DIRECTION('ref_axis',(0.,1.,2.22044604925031E-16));
#3014=DIRECTION('',(-1.22464679914735E-16,-2.22044604925031E-16,1.));
#3015=DIRECTION('',(0.,1.,2.22044604925031E-16));
#3016=DIRECTION('',(-1.22464679914735E-16,-2.22044604925031E-16,1.));
#3017=DIRECTION('center_axis',(1.,-2.71926214689378E-32,1.22464679914735E-16));
#3018=DIRECTION('ref_axis',(0.,-1.,-2.22044604925031E-16));
#3019=DIRECTION('',(1.22464679914735E-16,2.22044604925031E-16,-1.));
#3020=DIRECTION('',(0.,-1.,-2.22044604925031E-16));
#3021=DIRECTION('',(-1.22464679914735E-16,-2.22044604925031E-16,1.));
#3022=DIRECTION('center_axis',(0.,1.,2.22044604925031E-16));
#3023=DIRECTION('ref_axis',(-1.,2.71926214689378E-32,-1.22464679914735E-16));
#3024=DIRECTION('',(-1.,2.71926214689378E-32,-1.22464679914735E-16));
#3025=DIRECTION('center_axis',(-1.,2.71926214689378E-32,-1.22464679914735E-16));
#3026=DIRECTION('ref_axis',(0.,1.,2.22044604925031E-16));
#3027=DIRECTION('',(-1.22464679914735E-16,-2.22044604925031E-16,1.));
#3028=DIRECTION('',(1.22464679914735E-16,2.22044604925031E-16,-1.));
#3029=DIRECTION('',(0.,1.,2.22044604925031E-16));
#3030=DIRECTION('center_axis',(-1.22464679914735E-16,-2.22044604925031E-16,
1.));
#3031=DIRECTION('ref_axis',(0.,1.,2.22044604925031E-16));
#3032=DIRECTION('',(-1.,2.71926214689378E-32,-1.22464679914735E-16));
#3033=DIRECTION('',(-1.,2.71926214689378E-32,-1.22464679914735E-16));
#3034=DIRECTION('',(0.,-1.,-2.22044604925031E-16));
#3035=DIRECTION('',(1.,-2.71926214689378E-32,1.22464679914735E-16));
#3036=DIRECTION('center_axis',(0.,1.,2.22044604925031E-16));
#3037=DIRECTION('ref_axis',(1.,-2.71926214689378E-32,1.22464679914735E-16));
#3038=DIRECTION('center_axis',(-1.,2.71926214689378E-32,-1.22464679914735E-16));
#3039=DIRECTION('ref_axis',(0.,-1.,-2.22044604925031E-16));
#3040=DIRECTION('',(-1.22464679914735E-16,-2.22044604925031E-16,1.));
#3041=DIRECTION('',(-1.22464679914735E-16,-2.22044604925031E-16,1.));
#3042=DIRECTION('center_axis',(0.,-1.,-2.22044604925031E-16));
#3043=DIRECTION('ref_axis',(1.,-2.71926214689378E-32,1.22464679914735E-16));
#3044=DIRECTION('center_axis',(0.,1.,2.22044604925031E-16));
#3045=DIRECTION('ref_axis',(-1.,2.71926214689378E-32,-1.22464679914735E-16));
#3046=CARTESIAN_POINT('',(0.,0.,0.));
#3047=CARTESIAN_POINT('Origin',(-11.9999997317791,105.699997637421,32.2000004023314));
#3048=CARTESIAN_POINT('',(-11.9999997317791,105.699997637421,32.2000004023314));
#3049=CARTESIAN_POINT('',(-13.9999997764826,106.695,32.2000004023314));
#3050=CARTESIAN_POINT('',(-12.9999997541308,106.19749881871,32.2000004023314));
#3051=CARTESIAN_POINT('',(-11.9999997317791,105.699997637421,27.2000004023314));
#3052=CARTESIAN_POINT('',(-11.9999997764826,105.699997659661,30.9500004023314));
#3053=CARTESIAN_POINT('',(-13.9999997764826,106.695,27.2000004023314));
#3054=CARTESIAN_POINT('',(-12.6620200059716,106.029353498508,27.2000004023314));
#3055=CARTESIAN_POINT('',(-13.9999997764826,106.695,25.9475853127766));
#3056=CARTESIAN_POINT('Origin',(-13.9999997764826,105.,27.2000004023314));
#3057=CARTESIAN_POINT('',(-11.9999997764826,105.,27.2000004023314));
#3058=CARTESIAN_POINT('',(-11.9999997764826,106.695,27.2000004023314));
#3059=CARTESIAN_POINT('',(-13.9999997764826,105.,27.2000004023314));
#3060=CARTESIAN_POINT('',(-13.9999997764826,105.,27.2000004023314));
#3061=CARTESIAN_POINT('',(-13.9999997764826,107.,27.2000004023314));
#3062=CARTESIAN_POINT('Origin',(-11.9999997764826,105.8475,29.7000004023314));
#3063=CARTESIAN_POINT('',(-11.9999997764826,105.,32.2000004023314));
#3064=CARTESIAN_POINT('',(-11.9999997764826,105.,32.2000004023314));
#3065=CARTESIAN_POINT('',(-11.9999997764826,105.,27.2000004023314));
#3066=CARTESIAN_POINT('Origin',(-13.9999997764826,106.695,32.2000004023314));
#3067=CARTESIAN_POINT('',(-13.9999997764826,105.,32.2000004023314));
#3068=CARTESIAN_POINT('',(-13.9999997764826,107.8475,32.2000004023314));
#3069=CARTESIAN_POINT('',(-13.9999997764826,105.,32.2000004023314));
#3070=CARTESIAN_POINT('Origin',(-13.9999997764826,109.,24.6951702232218));
#3071=CARTESIAN_POINT('',(-13.9999997764826,105.,24.6951702232218));
#3072=CARTESIAN_POINT('',(-13.9999997764826,105.,59.6951707447624));
#3073=CARTESIAN_POINT('',(-13.9999997764826,109.,24.6951702232218));
#3074=CARTESIAN_POINT('',(-13.9999997764826,109.,24.6951702232218));
#3075=CARTESIAN_POINT('',(-13.9999997764826,109.,59.6951707447624));
#3076=CARTESIAN_POINT('',(-13.9999997764826,109.,42.1951702232218));
#3077=CARTESIAN_POINT('',(-13.9999997764826,105.,59.6951707447624));
#3078=CARTESIAN_POINT('',(-13.9999997764826,109.,59.6951707447624));
#3079=CARTESIAN_POINT('',(-13.9999997764826,105.,59.6951707447624));
#3080=CARTESIAN_POINT('Origin',(-30.,109.,59.6951702232218));
#3081=CARTESIAN_POINT('',(-18.9999997764826,109.,17.1251702232218));
#3082=CARTESIAN_POINT('',(-18.9999997764826,109.,59.6951707447624));
#3083=CARTESIAN_POINT('',(-18.9999997764826,109.,42.1951702232218));
#3084=CARTESIAN_POINT('',(-30.,109.,59.6951702232218));
#3085=CARTESIAN_POINT('',(-15.,109.,59.6951702232218));
#3086=CARTESIAN_POINT('',(-30.,109.,1.69517022322179));
#3087=CARTESIAN_POINT('',(-30.,109.,59.6951702232218));
#3088=CARTESIAN_POINT('',(30.,109.,1.69517022322179));
#3089=CARTESIAN_POINT('',(30.,109.,1.69517022322179));
#3090=CARTESIAN_POINT('',(30.,109.,59.6951702232218));
#3091=CARTESIAN_POINT('',(30.,109.,59.6951702232218));
#3092=CARTESIAN_POINT('',(18.0000002235174,109.,59.6951707447624));
#3093=CARTESIAN_POINT('',(-15.,109.,59.6951702232218));
#3094=CARTESIAN_POINT('',(18.0000002235174,109.,17.1251702232218));
#3095=CARTESIAN_POINT('',(18.0000002235174,109.,42.1951702232218));
#3096=CARTESIAN_POINT('',(-23.9999998882413,109.,17.1251702232218));
#3097=CARTESIAN_POINT('Origin',(-30.,109.,59.6951702232218));
#3098=CARTESIAN_POINT('',(13.0000002235174,109.,24.6951702232218));
#3099=CARTESIAN_POINT('',(-6.49999988824129,109.,24.6951702232218));
#3100=CARTESIAN_POINT('',(13.0000002235174,109.,59.6951707447624));
#3101=CARTESIAN_POINT('',(13.0000002235174,109.,59.6951704839921));
#3102=CARTESIAN_POINT('',(-15.,109.,59.6951702232218));
#3103=CARTESIAN_POINT('Origin',(13.0000002235174,106.695170126364,32.1951717356896));
#3104=CARTESIAN_POINT('',(10.9999997541308,105.695170402036,27.1951717356896));
#3105=CARTESIAN_POINT('',(13.0000002235174,106.695170126364,27.1951717356896));
#3106=CARTESIAN_POINT('',(13.0000002235174,106.695170126364,27.1951717356896));
#3107=CARTESIAN_POINT('',(10.9999997541308,105.695170402036,32.1951717356896));
#3108=CARTESIAN_POINT('',(11.0000002235174,105.695170636729,30.9451717356896));
#3109=CARTESIAN_POINT('',(13.0000002235174,106.695170126364,32.1951717356896));
#3110=CARTESIAN_POINT('',(12.6609663020632,106.525653252153,32.1951717356896));
#3111=CARTESIAN_POINT('',(13.0000002235174,106.695170126364,45.945171240226));
#3112=CARTESIAN_POINT('Origin',(13.0000002235174,106.695170126364,27.1951717356896));
#3113=CARTESIAN_POINT('',(13.0000002235174,105.,27.1951717356896));
#3114=CARTESIAN_POINT('',(13.0000002235174,107.847585063182,27.1951717356896));
#3115=CARTESIAN_POINT('',(11.0000002235174,105.,27.1951717356896));
#3116=CARTESIAN_POINT('',(13.0000002235174,105.,27.1951717356896));
#3117=CARTESIAN_POINT('',(11.0000002235174,106.695170126364,27.1951717356896));
#3118=CARTESIAN_POINT('Origin',(13.0000002235174,105.,32.1951717356896));
#3119=CARTESIAN_POINT('',(11.0000002235174,105.,32.1951717356896));
#3120=CARTESIAN_POINT('',(11.0000002235174,104.995170126364,32.1951717356896));
#3121=CARTESIAN_POINT('',(13.0000002235174,105.,32.1951717356896));
#3122=CARTESIAN_POINT('',(13.0000002235174,105.,32.1951717356896));
#3123=CARTESIAN_POINT('',(13.0000002235174,107.,32.1951717356896));
#3124=CARTESIAN_POINT('Origin',(11.0000002235174,105.847585063182,29.6951717356896));
#3125=CARTESIAN_POINT('',(11.0000002235174,105.,24.6951702232218));
#3126=CARTESIAN_POINT('Origin',(13.0000002235174,109.,59.6951707447624));
#3127=CARTESIAN_POINT('',(13.0000002235174,105.,59.6951707447624));
#3128=CARTESIAN_POINT('',(13.0000002235174,105.,24.6951702232218));
#3129=CARTESIAN_POINT('',(13.0000002235174,109.,59.6951707447624));
#3130=CARTESIAN_POINT('',(13.0000002235174,105.,24.6951702232218));
#3131=CARTESIAN_POINT('',(13.0000002235174,109.,24.6951702232218));
#3132=CARTESIAN_POINT('',(13.0000002235174,105.,24.6951702232218));
#3133=CARTESIAN_POINT('Origin',(31.5,89.3960843881021,31.9582784635428));
#3134=CARTESIAN_POINT('',(30.,89.3960843881021,39.4582784635428));
#3135=CARTESIAN_POINT('Origin',(30.,89.3960843881021,31.9582784635428));
#3136=CARTESIAN_POINT('',(33.,89.3960843881021,39.4582784635428));
#3137=CARTESIAN_POINT('',(31.5,89.3960843881021,39.4582784635428));
#3138=CARTESIAN_POINT('Origin',(33.,89.3960843881021,31.9582784635428));
#3139=CARTESIAN_POINT('Origin',(33.,89.3960843881021,31.9582784635428));
#3140=CARTESIAN_POINT('',(33.,89.3960843881021,28.2082784635428));
#3141=CARTESIAN_POINT('Origin',(33.,89.3960843881021,31.9582784635428));
#3142=CARTESIAN_POINT('Origin',(31.25,89.3960843881021,31.9582784635428));
#3143=CARTESIAN_POINT('',(35.,89.3960843881021,28.2082784635428));
#3144=CARTESIAN_POINT('Origin',(35.,89.3960843881021,31.9582784635428));
#3145=CARTESIAN_POINT('',(31.25,89.3960843881021,28.2082784635428));
#3146=CARTESIAN_POINT('Origin',(30.,68.9999997019768,59.6951702232218));
#3147=CARTESIAN_POINT('',(35.,68.9999997019768,59.6951702232218));
#3148=CARTESIAN_POINT('',(30.,63.9999997019768,59.6951702232218));
#3149=CARTESIAN_POINT('Origin',(30.,68.9999997019768,59.6951702232218));
#3150=CARTESIAN_POINT('',(30.,63.9999997019768,4.69517022322182));
#3151=CARTESIAN_POINT('',(30.,63.9999997019768,59.6951702232218));
#3152=CARTESIAN_POINT('',(35.,68.9999997019768,4.69517022322181));
#3153=CARTESIAN_POINT('Origin',(30.,68.9999997019768,4.69517022322182));
#3154=CARTESIAN_POINT('',(35.,68.9999997019768,59.6951702232218));
#3155=CARTESIAN_POINT('Origin',(30.,68.9999997019768,4.6951702232218));
#3156=CARTESIAN_POINT('',(30.,68.9999997019768,-0.304829776778188));
#3157=CARTESIAN_POINT('Origin',(30.,68.9999997019768,4.6951702232218));
#3158=CARTESIAN_POINT('Origin',(30.,68.9999997019768,4.69517022322181));
#3159=CARTESIAN_POINT('Origin',(17.5,68.9999997019768,4.6951702232218));
#3160=CARTESIAN_POINT('',(-30.,63.9999997019768,4.69517022322182));
#3161=CARTESIAN_POINT('',(17.5,63.9999997019768,4.69517022322182));
#3162=CARTESIAN_POINT('',(-30.,68.9999997019768,-0.304829776778215));
#3163=CARTESIAN_POINT('Origin',(-30.,68.9999997019768,4.6951702232218));
#3164=CARTESIAN_POINT('',(17.5,68.9999997019768,-0.304829776778215));
#3165=CARTESIAN_POINT('Origin',(35.,63.9999997019768,59.6951702232218));
#3166=CARTESIAN_POINT('',(-30.,63.9999997019768,59.6951702232218));
#3167=CARTESIAN_POINT('',(17.5,63.9999997019768,59.6951702232218));
#3168=CARTESIAN_POINT('',(-30.,63.9999997019768,59.6951702232218));
#3169=CARTESIAN_POINT('',(-11.692802018424,63.9999997019769,28.3151680483972));
#3170=CARTESIAN_POINT('',(-11.692802018424,63.9999997019768,15.3151683613216));
#3171=CARTESIAN_POINT('',(-11.692802018424,63.9999997019768,44.0051691358095));
#3172=CARTESIAN_POINT('',(-12.192802018424,63.9999997019768,14.8151683613216));
#3173=CARTESIAN_POINT('Origin',(-12.192802018424,63.9999997019769,15.3151683613216));
#3174=CARTESIAN_POINT('',(-25.2000002771616,63.9999997019768,14.8151683613216));
#3175=CARTESIAN_POINT('',(11.403598990788,63.9999997019768,14.8151683613216));
#3176=CARTESIAN_POINT('',(-25.7000002771616,63.9999997019768,15.3151683613217));
#3177=CARTESIAN_POINT('Origin',(-25.2000002771616,63.9999997019769,15.3151683613217));
#3178=CARTESIAN_POINT('',(-25.7000002771616,63.9999997019769,28.3151680483972));
#3179=CARTESIAN_POINT('',(-25.7000002771616,63.9999997019768,37.5051692922717));
#3180=CARTESIAN_POINT('',(-25.2000002771616,63.9999997019769,28.8151680483973));
#3181=CARTESIAN_POINT('Origin',(-25.2000002771616,63.9999997019769,28.3151680483972));
#3182=CARTESIAN_POINT('',(-12.192802018424,63.9999997019769,28.8151680483973));
#3183=CARTESIAN_POINT('',(4.8999998614192,63.9999997019769,28.8151680483973));
#3184=CARTESIAN_POINT('Origin',(-12.192802018424,63.9999997019769,28.3151680483972));
#3185=CARTESIAN_POINT('',(6.89999940991401,63.9999997019768,39.8151683613216));
#3186=CARTESIAN_POINT('',(-6.09280201842401,63.9999997019768,39.8151683613216));
#3187=CARTESIAN_POINT('',(20.949999704957,63.9999997019768,39.8151683613216));
#3188=CARTESIAN_POINT('',(-6.59280201842401,63.9999997019768,40.3151683613216));
#3189=CARTESIAN_POINT('Origin',(-6.09280201842399,63.9999997019768,40.3151683613216));
#3190=CARTESIAN_POINT('',(-6.59280201842401,63.9999997019768,53.3151680483972));
#3191=CARTESIAN_POINT('',(-6.59280201842401,63.9999997019768,50.0051692922717));
#3192=CARTESIAN_POINT('',(-6.09280201842401,63.9999997019768,53.8151680483972));
#3193=CARTESIAN_POINT('Origin',(-6.09280201842399,63.9999997019768,53.3151680483972));
#3194=CARTESIAN_POINT('',(6.89999940991401,63.9999997019768,53.8151680483972));
#3195=CARTESIAN_POINT('',(14.453598990788,63.9999997019768,53.8151680483972));
#3196=CARTESIAN_POINT('',(7.39999940991402,63.9999997019768,53.3151680483972));
#3197=CARTESIAN_POINT('Origin',(6.89999940991401,63.9999997019768,53.3151680483972));
#3198=CARTESIAN_POINT('',(7.39999940991402,63.9999997019768,40.3151683613216));
#3199=CARTESIAN_POINT('',(7.39999940991402,63.9999997019768,56.5051691358095));
#3200=CARTESIAN_POINT('Origin',(6.89999940991401,63.9999997019768,40.3151683613216));
#3201=CARTESIAN_POINT('',(12.407197981576,63.9999997019768,40.3151683613216));
#3202=CARTESIAN_POINT('',(12.407197981576,63.9999997019768,53.3151680483972));
#3203=CARTESIAN_POINT('',(12.407197981576,63.9999997019768,50.0051692922717));
#3204=CARTESIAN_POINT('',(12.907197981576,63.9999997019768,53.8151680483972));
#3205=CARTESIAN_POINT('Origin',(12.907197981576,63.9999997019768,53.3151680483972));
#3206=CARTESIAN_POINT('',(25.899999409914,63.9999997019768,53.8151680483972));
#3207=CARTESIAN_POINT('',(23.953598990788,63.9999997019768,53.8151680483972));
#3208=CARTESIAN_POINT('',(26.399999409914,63.9999997019768,53.3151680483972));
#3209=CARTESIAN_POINT('Origin',(25.899999409914,63.9999997019768,53.3151680483972));
#3210=CARTESIAN_POINT('',(26.399999409914,63.9999997019768,40.3151683613216));
#3211=CARTESIAN_POINT('',(26.399999409914,63.9999997019768,56.5051691358095));
#3212=CARTESIAN_POINT('',(25.899999409914,63.9999997019768,39.8151683613216));
#3213=CARTESIAN_POINT('Origin',(25.899999409914,63.9999997019768,40.3151683613216));
#3214=CARTESIAN_POINT('',(12.907197981576,63.9999997019768,39.8151683613216));
#3215=CARTESIAN_POINT('',(30.449999704957,63.9999997019768,39.8151683613216));
#3216=CARTESIAN_POINT('Origin',(12.907197981576,63.9999997019768,40.3151683613216));
#3217=CARTESIAN_POINT('',(6.85719798157599,63.9999997019768,14.8151683613216));
#3218=CARTESIAN_POINT('',(-6.14280201842401,63.9999997019768,14.8151683613216));
#3219=CARTESIAN_POINT('',(20.928598990788,63.9999997019768,14.8151683613216));
#3220=CARTESIAN_POINT('',(-6.64280201842401,63.9999997019768,15.3151683613216));
#3221=CARTESIAN_POINT('Origin',(-6.142802018424,63.9999997019769,15.3151683613216));
#3222=CARTESIAN_POINT('',(-6.64280201842401,63.9999997019769,28.3151680483972));
#3223=CARTESIAN_POINT('',(-6.64280201842401,63.9999997019768,37.5051692922717));
#3224=CARTESIAN_POINT('',(-6.14280201842401,63.9999997019769,28.8151680483973));
#3225=CARTESIAN_POINT('Origin',(-6.142802018424,63.9999997019769,28.3151680483972));
#3226=CARTESIAN_POINT('',(6.85719798157599,63.9999997019769,28.8151680483973));
#3227=CARTESIAN_POINT('',(14.428598990788,63.9999997019769,28.8151680483973));
#3228=CARTESIAN_POINT('',(7.35719798157599,63.9999997019769,28.3151680483972));
#3229=CARTESIAN_POINT('Origin',(6.85719798157598,63.9999997019769,28.3151680483972));
#3230=CARTESIAN_POINT('',(7.35719798157599,63.9999997019768,15.3151683613216));
#3231=CARTESIAN_POINT('',(7.35719798157599,63.9999997019768,44.0051691358095));
#3232=CARTESIAN_POINT('Origin',(6.85719798157598,63.9999997019769,15.3151683613216));
#3233=CARTESIAN_POINT('',(-25.692802018424,63.9999997019768,40.3151683613216));
#3234=CARTESIAN_POINT('',(-25.692802018424,63.9999997019768,53.3151680483972));
#3235=CARTESIAN_POINT('',(-25.692802018424,63.9999997019768,50.0051692922717));
#3236=CARTESIAN_POINT('',(-25.192802018424,63.9999997019768,53.8151680483972));
#3237=CARTESIAN_POINT('Origin',(-25.192802018424,63.9999997019768,53.3151680483972));
#3238=CARTESIAN_POINT('',(-12.200000590086,63.9999997019768,53.8151680483972));
#3239=CARTESIAN_POINT('',(4.90359899078799,63.9999997019768,53.8151680483972));
#3240=CARTESIAN_POINT('',(-11.700000590086,63.9999997019768,53.3151680483972));
#3241=CARTESIAN_POINT('Origin',(-12.200000590086,63.9999997019768,53.3151680483972));
#3242=CARTESIAN_POINT('',(-11.700000590086,63.9999997019768,40.3151683613216));
#3243=CARTESIAN_POINT('',(-11.700000590086,63.9999997019768,56.5051691358095));
#3244=CARTESIAN_POINT('',(-12.200000590086,63.9999997019768,39.8151683613216));
#3245=CARTESIAN_POINT('Origin',(-12.200000590086,63.9999997019768,40.3151683613216));
#3246=CARTESIAN_POINT('',(-25.192802018424,63.9999997019768,39.8151683613216));
#3247=CARTESIAN_POINT('',(11.399999704957,63.9999997019768,39.8151683613216));
#3248=CARTESIAN_POINT('Origin',(-25.192802018424,63.9999997019768,40.3151683613216));
#3249=CARTESIAN_POINT('',(25.899999409914,63.9999997019768,14.8151683613216));
#3250=CARTESIAN_POINT('',(12.907197981576,63.9999997019768,14.8151683613216));
#3251=CARTESIAN_POINT('',(30.449999704957,63.9999997019768,14.8151683613216));
#3252=CARTESIAN_POINT('',(12.407197981576,63.9999997019768,15.3151683613216));
#3253=CARTESIAN_POINT('Origin',(12.907197981576,63.9999997019769,15.3151683613216));
#3254=CARTESIAN_POINT('',(12.407197981576,63.9999997019769,28.3151680483972));
#3255=CARTESIAN_POINT('',(12.407197981576,63.9999997019768,37.5051692922717));
#3256=CARTESIAN_POINT('',(12.907197981576,63.9999997019769,28.8151680483973));
#3257=CARTESIAN_POINT('Origin',(12.907197981576,63.9999997019769,28.3151680483972));
#3258=CARTESIAN_POINT('',(25.899999409914,63.9999997019769,28.8151680483973));
#3259=CARTESIAN_POINT('',(23.953598990788,63.9999997019769,28.8151680483973));
#3260=CARTESIAN_POINT('',(26.399999409914,63.9999997019769,28.3151680483972));
#3261=CARTESIAN_POINT('Origin',(25.899999409914,63.9999997019769,28.3151680483972));
#3262=CARTESIAN_POINT('',(26.399999409914,63.9999997019768,15.3151683613216));
#3263=CARTESIAN_POINT('',(26.399999409914,63.9999997019768,44.0051691358095));
#3264=CARTESIAN_POINT('Origin',(25.899999409914,63.9999997019769,15.3151683613216));
#3265=CARTESIAN_POINT('Origin',(0.,88.9999997019769,59.6951702232218));
#3266=CARTESIAN_POINT('',(35.,113.999999701977,59.6951702232218));
#3267=CARTESIAN_POINT('',(35.,101.499999701977,59.6951702232218));
#3268=CARTESIAN_POINT('',(-35.,113.999999701977,59.6951702232218));
#3269=CARTESIAN_POINT('',(-35.,113.999999701977,59.6951702232218));
#3270=CARTESIAN_POINT('',(-35.,68.9999997019768,59.6951702232218));
#3271=CARTESIAN_POINT('',(-35.,76.4999997019768,59.6951702232218));
#3272=CARTESIAN_POINT('Origin',(-30.,68.9999997019768,59.6951702232218));
#3273=CARTESIAN_POINT('',(30.,68.9999994039536,59.6951702232218));
#3274=CARTESIAN_POINT('',(30.,98.9999998509885,59.6951702232218));
#3275=CARTESIAN_POINT('',(-30.,68.9999994039536,59.6951702232218));
#3276=CARTESIAN_POINT('',(15.,68.9999994039536,59.6951702232218));
#3277=CARTESIAN_POINT('',(-30.,78.9999995529652,59.6951702232218));
#3278=CARTESIAN_POINT('',(-18.9999997764826,105.,59.6951707447624));
#3279=CARTESIAN_POINT('',(-18.9999997764826,109.,59.6951707447624));
#3280=CARTESIAN_POINT('',(-17.9999997764826,105.,59.6951707447624));
#3281=CARTESIAN_POINT('',(18.0000002235174,105.,59.6951707447624));
#3282=CARTESIAN_POINT('',(12.0000002235174,105.,59.6951707447624));
#3283=CARTESIAN_POINT('',(18.0000002235174,109.,59.6951707447624));
#3284=CARTESIAN_POINT('Origin',(-30.,68.9999997019768,59.6951702232218));
#3285=CARTESIAN_POINT('',(-35.,68.9999997019768,4.6951702232218));
#3286=CARTESIAN_POINT('',(-35.,68.9999997019768,59.6951702232218));
#3287=CARTESIAN_POINT('Origin',(-30.,68.9999997019768,4.6951702232218));
#3288=CARTESIAN_POINT('Origin',(-30.,68.9999997019768,4.6951702232218));
#3289=CARTESIAN_POINT('Origin',(-30.,68.9999997019768,4.6951702232218));
#3290=CARTESIAN_POINT('Origin',(-35.,63.9999997019768,59.6951702232218));
#3291=CARTESIAN_POINT('',(-35.,113.999999701977,4.69517022322179));
#3292=CARTESIAN_POINT('',(-35.,113.999999701977,59.6951702232218));
#3293=CARTESIAN_POINT('',(-35.,76.4999997019768,4.6951702232218));
#3294=CARTESIAN_POINT('Origin',(12.907197981576,63.9999997019769,28.8151680483973));
#3295=CARTESIAN_POINT('',(25.899999409914,68.9999994039536,28.8151680483973));
#3296=CARTESIAN_POINT('',(12.907197981576,68.9999994039536,28.8151680483973));
#3297=CARTESIAN_POINT('',(21.453598990788,68.9999994039536,28.8151680483973));
#3298=CARTESIAN_POINT('',(25.899999409914,63.9999997019769,28.8151680483973));
#3299=CARTESIAN_POINT('',(12.907197981576,63.9999997019769,28.8151680483973));
#3300=CARTESIAN_POINT('Origin',(12.907197981576,63.9999997019769,28.3151680483972));
#3301=CARTESIAN_POINT('',(12.407197981576,68.9999994039536,28.3151680483972));
#3302=CARTESIAN_POINT('Origin',(12.907197981576,68.9999994039536,28.3151680483972));
#3303=CARTESIAN_POINT('',(12.407197981576,63.9999997019769,28.3151680483972));
#3304=CARTESIAN_POINT('Origin',(12.407197981576,63.9999997019768,15.3151683613216));
#3305=CARTESIAN_POINT('',(12.407197981576,68.9999994039536,15.3151683613216));
#3306=CARTESIAN_POINT('',(12.407197981576,68.9999994039536,37.5051692922717));
#3307=CARTESIAN_POINT('',(12.407197981576,63.9999997019768,15.3151683613216));
#3308=CARTESIAN_POINT('Origin',(12.907197981576,63.9999997019768,15.3151683613216));
#3309=CARTESIAN_POINT('',(12.907197981576,68.9999994039536,14.8151683613216));
#3310=CARTESIAN_POINT('Origin',(12.907197981576,68.9999994039536,15.3151683613216));
#3311=CARTESIAN_POINT('',(12.907197981576,63.9999997019768,14.8151683613216));
#3312=CARTESIAN_POINT('Origin',(25.899999409914,63.9999997019768,14.8151683613216));
#3313=CARTESIAN_POINT('',(25.899999409914,68.9999994039536,14.8151683613216));
#3314=CARTESIAN_POINT('',(27.949999704957,68.9999994039536,14.8151683613216));
#3315=CARTESIAN_POINT('',(25.899999409914,63.9999997019768,14.8151683613216));
#3316=CARTESIAN_POINT('Origin',(25.899999409914,63.9999997019768,15.3151683613216));
#3317=CARTESIAN_POINT('',(26.399999409914,68.9999994039536,15.3151683613216));
#3318=CARTESIAN_POINT('Origin',(25.899999409914,68.9999994039536,15.3151683613216));
#3319=CARTESIAN_POINT('',(26.399999409914,63.9999997019768,15.3151683613216));
#3320=CARTESIAN_POINT('Origin',(26.399999409914,63.9999997019769,28.3151680483972));
#3321=CARTESIAN_POINT('',(26.399999409914,68.9999994039536,28.3151680483972));
#3322=CARTESIAN_POINT('',(26.399999409914,68.9999994039536,44.0051691358095));
#3323=CARTESIAN_POINT('',(26.399999409914,63.9999997019769,28.3151680483972));
#3324=CARTESIAN_POINT('Origin',(25.899999409914,63.9999997019769,28.3151680483972));
#3325=CARTESIAN_POINT('Origin',(25.899999409914,68.9999994039536,28.3151680483972));
#3326=CARTESIAN_POINT('Origin',(-11.700000590086,63.9999997019768,53.3151680483972));
#3327=CARTESIAN_POINT('',(-11.700000590086,68.9999994039536,40.3151683613216));
#3328=CARTESIAN_POINT('',(-11.700000590086,68.9999994039536,53.3151680483972));
#3329=CARTESIAN_POINT('',(-11.700000590086,68.9999994039536,56.5051691358095));
#3330=CARTESIAN_POINT('',(-11.700000590086,63.9999997019768,40.3151683613216));
#3331=CARTESIAN_POINT('',(-11.700000590086,63.9999997019768,53.3151680483972));
#3332=CARTESIAN_POINT('Origin',(-12.200000590086,63.9999997019768,53.3151680483972));
#3333=CARTESIAN_POINT('',(-12.200000590086,68.9999994039536,53.8151680483972));
#3334=CARTESIAN_POINT('Origin',(-12.200000590086,68.9999994039536,53.3151680483972));
#3335=CARTESIAN_POINT('',(-12.200000590086,63.9999997019768,53.8151680483972));
#3336=CARTESIAN_POINT('Origin',(-25.192802018424,63.9999997019768,53.8151680483972));
#3337=CARTESIAN_POINT('',(-25.192802018424,68.9999994039536,53.8151680483972));
#3338=CARTESIAN_POINT('',(2.403598990788,68.9999994039536,53.8151680483972));
#3339=CARTESIAN_POINT('',(-25.192802018424,63.9999997019768,53.8151680483972));
#3340=CARTESIAN_POINT('Origin',(-25.192802018424,63.9999997019768,53.3151680483972));
#3341=CARTESIAN_POINT('',(-25.692802018424,68.9999994039536,53.3151680483972));
#3342=CARTESIAN_POINT('Origin',(-25.192802018424,68.9999994039536,53.3151680483972));
#3343=CARTESIAN_POINT('',(-25.692802018424,63.9999997019768,53.3151680483972));
#3344=CARTESIAN_POINT('Origin',(-25.692802018424,63.9999997019768,40.3151683613216));
#3345=CARTESIAN_POINT('',(-25.692802018424,68.9999994039536,40.3151683613216));
#3346=CARTESIAN_POINT('',(-25.692802018424,68.9999994039536,50.0051692922717));
#3347=CARTESIAN_POINT('',(-25.692802018424,63.9999997019768,40.3151683613216));
#3348=CARTESIAN_POINT('Origin',(-25.192802018424,63.9999997019768,40.3151683613216));
#3349=CARTESIAN_POINT('',(-25.192802018424,68.9999994039536,39.8151683613216));
#3350=CARTESIAN_POINT('Origin',(-25.192802018424,68.9999994039536,40.3151683613216));
#3351=CARTESIAN_POINT('',(-25.192802018424,63.9999997019768,39.8151683613216));
#3352=CARTESIAN_POINT('Origin',(-12.200000590086,63.9999997019768,39.8151683613216));
#3353=CARTESIAN_POINT('',(-12.200000590086,68.9999994039536,39.8151683613216));
#3354=CARTESIAN_POINT('',(8.899999704957,68.9999994039536,39.8151683613216));
#3355=CARTESIAN_POINT('',(-12.200000590086,63.9999997019768,39.8151683613216));
#3356=CARTESIAN_POINT('Origin',(-12.200000590086,63.9999997019768,40.3151683613216));
#3357=CARTESIAN_POINT('Origin',(-12.200000590086,68.9999994039536,40.3151683613216));
#3358=CARTESIAN_POINT('Origin',(-6.14280201842401,63.9999997019769,28.8151680483973));
#3359=CARTESIAN_POINT('',(6.85719798157599,68.9999994039536,28.8151680483973));
#3360=CARTESIAN_POINT('',(-6.14280201842401,68.9999994039536,28.8151680483973));
#3361=CARTESIAN_POINT('',(11.928598990788,68.9999994039536,28.8151680483973));
#3362=CARTESIAN_POINT('',(6.85719798157599,63.9999997019769,28.8151680483973));
#3363=CARTESIAN_POINT('',(-6.14280201842401,63.9999997019769,28.8151680483973));
#3364=CARTESIAN_POINT('Origin',(-6.142802018424,63.9999997019769,28.3151680483972));
#3365=CARTESIAN_POINT('',(-6.64280201842401,68.9999994039536,28.3151680483972));
#3366=CARTESIAN_POINT('Origin',(-6.142802018424,68.9999994039536,28.3151680483972));
#3367=CARTESIAN_POINT('',(-6.64280201842401,63.9999997019769,28.3151680483972));
#3368=CARTESIAN_POINT('Origin',(-6.64280201842401,63.9999997019768,15.3151683613216));
#3369=CARTESIAN_POINT('',(-6.64280201842401,68.9999994039536,15.3151683613216));
#3370=CARTESIAN_POINT('',(-6.64280201842401,68.9999994039536,37.5051692922717));
#3371=CARTESIAN_POINT('',(-6.64280201842401,63.9999997019768,15.3151683613216));
#3372=CARTESIAN_POINT('Origin',(-6.142802018424,63.9999997019768,15.3151683613216));
#3373=CARTESIAN_POINT('',(-6.14280201842401,68.9999994039536,14.8151683613216));
#3374=CARTESIAN_POINT('Origin',(-6.142802018424,68.9999994039536,15.3151683613216));
#3375=CARTESIAN_POINT('',(-6.14280201842401,63.9999997019768,14.8151683613216));
#3376=CARTESIAN_POINT('Origin',(6.85719798157599,63.9999997019768,14.8151683613216));
#3377=CARTESIAN_POINT('',(6.85719798157599,68.9999994039536,14.8151683613216));
#3378=CARTESIAN_POINT('',(18.428598990788,68.9999994039536,14.8151683613216));
#3379=CARTESIAN_POINT('',(6.85719798157599,63.9999997019768,14.8151683613216));
#3380=CARTESIAN_POINT('Origin',(6.85719798157598,63.9999997019768,15.3151683613216));
#3381=CARTESIAN_POINT('',(7.35719798157599,68.9999994039536,15.3151683613216));
#3382=CARTESIAN_POINT('Origin',(6.85719798157598,68.9999994039536,15.3151683613216));
#3383=CARTESIAN_POINT('',(7.35719798157599,63.9999997019768,15.3151683613216));
#3384=CARTESIAN_POINT('Origin',(7.35719798157599,63.9999997019769,28.3151680483972));
#3385=CARTESIAN_POINT('',(7.35719798157599,68.9999994039536,28.3151680483972));
#3386=CARTESIAN_POINT('',(7.35719798157599,68.9999994039536,44.0051691358095));
#3387=CARTESIAN_POINT('',(7.35719798157599,63.9999997019769,28.3151680483972));
#3388=CARTESIAN_POINT('Origin',(6.85719798157598,63.9999997019769,28.3151680483972));
#3389=CARTESIAN_POINT('Origin',(6.85719798157598,68.9999994039536,28.3151680483972));
#3390=CARTESIAN_POINT('Origin',(26.399999409914,63.9999997019768,53.3151680483972));
#3391=CARTESIAN_POINT('',(26.399999409914,68.9999994039536,40.3151683613216));
#3392=CARTESIAN_POINT('',(26.399999409914,68.9999994039536,53.3151680483972));
#3393=CARTESIAN_POINT('',(26.399999409914,68.9999994039536,56.5051691358095));
#3394=CARTESIAN_POINT('',(26.399999409914,63.9999997019768,40.3151683613216));
#3395=CARTESIAN_POINT('',(26.399999409914,63.9999997019768,53.3151680483972));
#3396=CARTESIAN_POINT('Origin',(25.899999409914,63.9999997019768,53.3151680483972));
#3397=CARTESIAN_POINT('',(25.899999409914,68.9999994039536,53.8151680483972));
#3398=CARTESIAN_POINT('Origin',(25.899999409914,68.9999994039536,53.3151680483972));
#3399=CARTESIAN_POINT('',(25.899999409914,63.9999997019768,53.8151680483972));
#3400=CARTESIAN_POINT('Origin',(12.907197981576,63.9999997019768,53.8151680483972));
#3401=CARTESIAN_POINT('',(12.907197981576,68.9999994039536,53.8151680483972));
#3402=CARTESIAN_POINT('',(21.453598990788,68.9999994039536,53.8151680483972));
#3403=CARTESIAN_POINT('',(12.907197981576,63.9999997019768,53.8151680483972));
#3404=CARTESIAN_POINT('Origin',(12.907197981576,63.9999997019768,53.3151680483972));
#3405=CARTESIAN_POINT('',(12.407197981576,68.9999994039536,53.3151680483972));
#3406=CARTESIAN_POINT('Origin',(12.907197981576,68.9999994039536,53.3151680483972));
#3407=CARTESIAN_POINT('',(12.407197981576,63.9999997019768,53.3151680483972));
#3408=CARTESIAN_POINT('Origin',(12.407197981576,63.9999997019768,40.3151683613216));
#3409=CARTESIAN_POINT('',(12.407197981576,68.9999994039536,40.3151683613216));
#3410=CARTESIAN_POINT('',(12.407197981576,68.9999994039536,50.0051692922717));
#3411=CARTESIAN_POINT('',(12.407197981576,63.9999997019768,40.3151683613216));
#3412=CARTESIAN_POINT('Origin',(12.907197981576,63.9999997019768,40.3151683613216));
#3413=CARTESIAN_POINT('',(12.907197981576,68.9999994039536,39.8151683613216));
#3414=CARTESIAN_POINT('Origin',(12.907197981576,68.9999994039536,40.3151683613216));
#3415=CARTESIAN_POINT('',(12.907197981576,63.9999997019768,39.8151683613216));
#3416=CARTESIAN_POINT('Origin',(25.899999409914,63.9999997019768,39.8151683613216));
#3417=CARTESIAN_POINT('',(25.899999409914,68.9999994039536,39.8151683613216));
#3418=CARTESIAN_POINT('',(27.949999704957,68.9999994039536,39.8151683613216));
#3419=CARTESIAN_POINT('',(25.899999409914,63.9999997019768,39.8151683613216));
#3420=CARTESIAN_POINT('Origin',(25.899999409914,63.9999997019768,40.3151683613216));
#3421=CARTESIAN_POINT('Origin',(25.899999409914,68.9999994039536,40.3151683613216));
#3422=CARTESIAN_POINT('Origin',(-6.09280201842401,63.9999997019768,53.8151680483972));
#3423=CARTESIAN_POINT('',(6.89999940991401,68.9999994039536,53.8151680483972));
#3424=CARTESIAN_POINT('',(-6.09280201842401,68.9999994039536,53.8151680483972));
#3425=CARTESIAN_POINT('',(11.953598990788,68.9999994039536,53.8151680483972));
#3426=CARTESIAN_POINT('',(6.89999940991401,63.9999997019768,53.8151680483972));
#3427=CARTESIAN_POINT('',(-6.09280201842401,63.9999997019768,53.8151680483972));
#3428=CARTESIAN_POINT('Origin',(-6.09280201842399,63.9999997019768,53.3151680483972));
#3429=CARTESIAN_POINT('',(-6.59280201842401,68.9999994039536,53.3151680483972));
#3430=CARTESIAN_POINT('Origin',(-6.09280201842399,68.9999994039536,53.3151680483972));
#3431=CARTESIAN_POINT('',(-6.59280201842401,63.9999997019768,53.3151680483972));
#3432=CARTESIAN_POINT('Origin',(-6.59280201842401,63.9999997019768,40.3151683613216));
#3433=CARTESIAN_POINT('',(-6.59280201842401,68.9999994039536,40.3151683613216));
#3434=CARTESIAN_POINT('',(-6.592802018424,68.9999994039536,50.0051692922717));
#3435=CARTESIAN_POINT('',(-6.59280201842401,63.9999997019768,40.3151683613216));
#3436=CARTESIAN_POINT('Origin',(-6.09280201842399,63.9999997019768,40.3151683613216));
#3437=CARTESIAN_POINT('',(-6.09280201842401,68.9999994039536,39.8151683613216));
#3438=CARTESIAN_POINT('Origin',(-6.09280201842399,68.9999994039536,40.3151683613216));
#3439=CARTESIAN_POINT('',(-6.09280201842401,63.9999997019768,39.8151683613216));
#3440=CARTESIAN_POINT('Origin',(6.89999940991401,63.9999997019768,39.8151683613216));
#3441=CARTESIAN_POINT('',(6.89999940991401,68.9999994039536,39.8151683613216));
#3442=CARTESIAN_POINT('',(18.449999704957,68.9999994039536,39.8151683613216));
#3443=CARTESIAN_POINT('',(6.89999940991401,63.9999997019768,39.8151683613216));
#3444=CARTESIAN_POINT('Origin',(6.89999940991401,63.9999997019768,40.3151683613216));
#3445=CARTESIAN_POINT('',(7.39999940991402,68.9999994039536,40.3151683613216));
#3446=CARTESIAN_POINT('Origin',(6.89999940991401,68.9999994039536,40.3151683613216));
#3447=CARTESIAN_POINT('',(7.39999940991402,63.9999997019768,40.3151683613216));
#3448=CARTESIAN_POINT('Origin',(7.39999940991402,63.9999997019768,53.3151680483972));
#3449=CARTESIAN_POINT('',(7.39999940991402,68.9999994039536,53.3151680483972));
#3450=CARTESIAN_POINT('',(7.39999940991402,68.9999994039536,56.5051691358095));
#3451=CARTESIAN_POINT('',(7.39999940991402,63.9999997019768,53.3151680483972));
#3452=CARTESIAN_POINT('Origin',(6.89999940991401,63.9999997019768,53.3151680483972));
#3453=CARTESIAN_POINT('Origin',(6.89999940991401,68.9999994039536,53.3151680483972));
#3454=CARTESIAN_POINT('Origin',(-25.7000002771616,63.9999997019768,15.3151683613217));
#3455=CARTESIAN_POINT('',(-25.7000002771616,68.9999994039536,28.3151680483972));
#3456=CARTESIAN_POINT('',(-25.7000002771616,68.9999994039536,15.3151683613217));
#3457=CARTESIAN_POINT('',(-25.7000002771616,68.9999994039536,37.5051692922717));
#3458=CARTESIAN_POINT('',(-25.7000002771616,63.9999997019769,28.3151680483972));
#3459=CARTESIAN_POINT('',(-25.7000002771616,63.9999997019768,15.3151683613217));
#3460=CARTESIAN_POINT('Origin',(-25.2000002771616,63.9999997019768,15.3151683613217));
#3461=CARTESIAN_POINT('',(-25.2000002771616,68.9999994039536,14.8151683613216));
#3462=CARTESIAN_POINT('Origin',(-25.2000002771616,68.9999994039536,15.3151683613217));
#3463=CARTESIAN_POINT('',(-25.2000002771616,63.9999997019768,14.8151683613216));
#3464=CARTESIAN_POINT('Origin',(-12.192802018424,63.9999997019768,14.8151683613216));
#3465=CARTESIAN_POINT('',(-12.192802018424,68.9999994039536,14.8151683613216));
#3466=CARTESIAN_POINT('',(8.90359899078799,68.9999994039536,14.8151683613216));
#3467=CARTESIAN_POINT('',(-12.192802018424,63.9999997019768,14.8151683613216));
#3468=CARTESIAN_POINT('Origin',(-12.192802018424,63.9999997019768,15.3151683613216));
#3469=CARTESIAN_POINT('',(-11.692802018424,68.9999994039536,15.3151683613216));
#3470=CARTESIAN_POINT('Origin',(-12.192802018424,68.9999994039536,15.3151683613216));
#3471=CARTESIAN_POINT('',(-11.692802018424,63.9999997019768,15.3151683613216));
#3472=CARTESIAN_POINT('Origin',(-11.692802018424,63.9999997019769,28.3151680483972));
#3473=CARTESIAN_POINT('',(-11.692802018424,68.9999994039536,28.3151680483972));
#3474=CARTESIAN_POINT('',(-11.692802018424,68.9999994039536,44.0051691358095));
#3475=CARTESIAN_POINT('',(-11.692802018424,63.9999997019769,28.3151680483972));
#3476=CARTESIAN_POINT('Origin',(-12.192802018424,63.9999997019769,28.3151680483972));
#3477=CARTESIAN_POINT('',(-12.192802018424,68.9999994039536,28.8151680483973));
#3478=CARTESIAN_POINT('Origin',(-12.192802018424,68.9999994039536,28.3151680483972));
#3479=CARTESIAN_POINT('',(-12.192802018424,63.9999997019769,28.8151680483973));
#3480=CARTESIAN_POINT('Origin',(-25.2000002771616,63.9999997019769,28.8151680483973));
#3481=CARTESIAN_POINT('',(-25.2000002771616,68.9999994039536,28.8151680483973));
#3482=CARTESIAN_POINT('',(2.39999986141921,68.9999994039536,28.8151680483973));
#3483=CARTESIAN_POINT('',(-25.2000002771616,63.9999997019769,28.8151680483973));
#3484=CARTESIAN_POINT('Origin',(-25.2000002771616,63.9999997019769,28.3151680483972));
#3485=CARTESIAN_POINT('Origin',(-25.2000002771616,68.9999994039536,28.3151680483972));
#3486=CARTESIAN_POINT('Origin',(-30.,76.4999997019768,4.6951702232218));
#3487=CARTESIAN_POINT('',(-30.,113.999999701977,-0.304829776778206));
#3488=CARTESIAN_POINT('Origin',(-30.,113.999999701977,4.69517022322179));
#3489=CARTESIAN_POINT('',(-30.,76.4999997019768,-0.304829776778197));
#3490=CARTESIAN_POINT('Origin',(30.,68.9999994039536,59.6951702232218));
#3491=CARTESIAN_POINT('',(30.,68.9999994039536,1.69517022322181));
#3492=CARTESIAN_POINT('',(30.,68.9999994039536,59.6951702232218));
#3493=CARTESIAN_POINT('',(-30.,68.9999994039536,1.69517022322181));
#3494=CARTESIAN_POINT('',(-30.,68.9999994039536,1.69517022322181));
#3495=CARTESIAN_POINT('',(-30.,68.9999994039536,59.6951702232218));
#3496=CARTESIAN_POINT('Origin',(-17.9999997764826,109.,17.1251702232218));
#3497=CARTESIAN_POINT('',(18.0000002235174,105.,17.1251702232218));
#3498=CARTESIAN_POINT('',(18.0000002235174,109.,17.1251702232218));
#3499=CARTESIAN_POINT('',(-18.9999997764826,105.,17.1251702232218));
#3500=CARTESIAN_POINT('',(-17.9999997764826,105.,17.1251702232218));
#3501=CARTESIAN_POINT('',(-18.9999997764826,109.,17.1251702232218));
#3502=CARTESIAN_POINT('Origin',(-18.9999997764826,109.,24.6951702232218));
#3503=CARTESIAN_POINT('',(-18.9999997764826,105.,24.6951702232218));
#3504=CARTESIAN_POINT('Origin',(17.0000002235174,109.,24.6951702232218));
#3505=CARTESIAN_POINT('',(17.0000002235174,105.,24.6951702232218));
#3506=CARTESIAN_POINT('Origin',(18.0000002235174,109.,17.1251702232218));
#3507=CARTESIAN_POINT('',(18.0000002235174,105.,17.1251702232218));
#3508=CARTESIAN_POINT('Origin',(-0.499999776482583,105.,20.9101702232218));
#3509=CARTESIAN_POINT('Origin',(30.,101.499999701977,4.69517022322182));
#3510=CARTESIAN_POINT('',(30.,113.999999701977,-0.304829776778206));
#3511=CARTESIAN_POINT('',(30.,101.499999701977,-0.304829776778188));
#3512=CARTESIAN_POINT('',(35.,113.999999701977,4.69517022322179));
#3513=CARTESIAN_POINT('Origin',(30.,113.999999701977,4.69517022322179));
#3514=CARTESIAN_POINT('',(35.,101.499999701977,4.69517022322182));
#3515=CARTESIAN_POINT('Origin',(0.,88.9999997019768,-0.304829776778197));
#3516=CARTESIAN_POINT('',(-35.,113.999999701977,-0.304829776778206));
#3517=CARTESIAN_POINT('',(-21.75,69.9999997019768,-0.304829776778215));
#3518=CARTESIAN_POINT('',(21.75,69.9999997019768,-0.304829776778215));
#3519=CARTESIAN_POINT('',(10.875,69.9999997019768,-0.304829776778215));
#3520=CARTESIAN_POINT('',(21.75,107.999999701977,-0.304829776778188));
#3521=CARTESIAN_POINT('',(21.75,98.4999997019768,-0.304829776778188));
#3522=CARTESIAN_POINT('',(-21.75,107.999999701977,-0.304829776778188));
#3523=CARTESIAN_POINT('',(-10.875,107.999999701977,-0.304829776778188));
#3524=CARTESIAN_POINT('',(-21.75,79.4999997019769,-0.304829776778197));
#3525=CARTESIAN_POINT('Origin',(-35.,113.999999701977,59.6951702232218));
#3526=CARTESIAN_POINT('',(35.,113.999999701977,59.6951702232218));
#3527=CARTESIAN_POINT('Origin',(-21.75,107.999999701977,59.6951702232218));
#3528=CARTESIAN_POINT('',(-21.75,107.999999701977,1.6951702232218));
#3529=CARTESIAN_POINT('',(21.75,107.999999701977,1.6951702232218));
#3530=CARTESIAN_POINT('',(-10.875,107.999999701977,1.6951702232218));
#3531=CARTESIAN_POINT('',(-21.75,107.999999701977,59.6951702232218));
#3532=CARTESIAN_POINT('',(21.75,107.999999701977,59.6951702232218));
#3533=CARTESIAN_POINT('Origin',(21.75,107.999999701977,59.6951702232218));
#3534=CARTESIAN_POINT('',(21.75,69.9999997019768,1.69517022322178));
#3535=CARTESIAN_POINT('',(21.75,98.4999997019768,1.69517022322181));
#3536=CARTESIAN_POINT('',(21.75,69.9999997019768,59.6951702232218));
#3537=CARTESIAN_POINT('Origin',(21.75,69.9999997019768,59.6951702232218));
#3538=CARTESIAN_POINT('',(-21.75,69.9999997019768,1.69517022322178));
#3539=CARTESIAN_POINT('',(10.875,69.9999997019768,1.69517022322178));
#3540=CARTESIAN_POINT('',(-21.75,69.9999997019768,59.6951702232218));
#3541=CARTESIAN_POINT('Origin',(-21.75,69.9999997019768,59.6951702232218));
#3542=CARTESIAN_POINT('',(-21.75,79.4999997019769,1.6951702232218));
#3543=CARTESIAN_POINT('Origin',(30.,109.,59.6951702232218));
#3544=CARTESIAN_POINT('',(30.,68.9999994039536,1.69517022322181));
#3545=CARTESIAN_POINT('Origin',(-30.,68.9999994039536,59.6951702232218));
#3546=CARTESIAN_POINT('',(-30.,109.,1.69517022322179));
#3547=CARTESIAN_POINT('Origin',(0.,88.9999997019768,1.6951702232218));
#3548=CARTESIAN_POINT('Origin',(35.,113.999999701977,59.6951702232218));
#3549=CARTESIAN_POINT('Origin',(-72.2575500413829,107.68719715638,1.88192542212475));
#3550=CARTESIAN_POINT('',(-71.257550041383,107.68719715638,1.88192542212475));
#3551=CARTESIAN_POINT('',(-72.2575500413829,108.68719715638,1.88192542212475));
#3552=CARTESIAN_POINT('Origin',(-72.2575500413829,107.68719715638,1.88192542212475));
#3553=CARTESIAN_POINT('',(-72.2575500413829,108.68719715638,-0.118074577875283));
#3554=CARTESIAN_POINT('',(-72.2575500413829,108.68719715638,1.88192542212475));
#3555=CARTESIAN_POINT('',(-71.257550041383,107.68719715638,-0.118074577875283));
#3556=CARTESIAN_POINT('Origin',(-72.2575500413829,107.68719715638,-0.118074577875283));
#3557=CARTESIAN_POINT('',(-71.257550041383,107.68719715638,1.88192542212475));
#3558=CARTESIAN_POINT('Origin',(-71.057550041383,108.68719715638,1.88192542212475));
#3559=CARTESIAN_POINT('',(-79.4334755746875,108.68719715638,1.88192542212475));
#3560=CARTESIAN_POINT('',(-97.4834767061047,108.68719715638,1.88192542212475));
#3561=CARTESIAN_POINT('',(-79.4334755746875,108.68719715638,-0.118074577875283));
#3562=CARTESIAN_POINT('',(-79.4334755746875,108.68719715638,1.88192542212475));
#3563=CARTESIAN_POINT('',(-97.4834767061047,108.68719715638,-0.118074577875283));
#3564=CARTESIAN_POINT('Origin',(-79.4334755746875,107.68719715638,1.88192542212475));
#3565=CARTESIAN_POINT('',(-80.4334755746875,107.68719715638,1.88192542212475));
#3566=CARTESIAN_POINT('Origin',(-79.4334755746875,107.68719715638,1.88192542212475));
#3567=CARTESIAN_POINT('',(-80.4334755746875,107.68719715638,-0.118074577875283));
#3568=CARTESIAN_POINT('',(-80.4334755746875,107.68719715638,1.88192542212475));
#3569=CARTESIAN_POINT('Origin',(-79.4334755746875,107.68719715638,-0.118074577875283));
#3570=CARTESIAN_POINT('Origin',(-80.4334755746875,107.98719715638,1.88192542212475));
#3571=CARTESIAN_POINT('',(-80.4334755746875,106.332197610162,1.88192542212475));
#3572=CARTESIAN_POINT('',(-80.4334755746875,108.987197203878,1.88192542212475));
#3573=CARTESIAN_POINT('',(-80.4334755746875,106.332197610162,-0.118074577875283));
#3574=CARTESIAN_POINT('',(-80.4334755746875,106.332197610162,1.88192542212475));
#3575=CARTESIAN_POINT('',(-80.4334755746875,108.987197203878,-0.118074577875283));
#3576=CARTESIAN_POINT('Origin',(-71.257550041383,106.632197610162,1.88192542212475));
#3577=CARTESIAN_POINT('',(-71.257550041383,106.332197610162,-0.118074577875283));
#3578=CARTESIAN_POINT('',(-71.257550041383,106.632197610162,-0.118074577875283));
#3579=CARTESIAN_POINT('',(-71.257550041383,106.332197610162,1.88192542212475));
#3580=CARTESIAN_POINT('',(-71.257550041383,106.332197610162,1.88192542212475));
#3581=CARTESIAN_POINT('',(-71.257550041383,106.632197610162,1.88192542212475));
#3582=CARTESIAN_POINT('Origin',(-72.4575500413829,106.332197610162,1.88192542212475));
#3583=CARTESIAN_POINT('',(-72.4575500413829,105.132197610162,-0.118074577875283));
#3584=CARTESIAN_POINT('Origin',(-72.4575500413829,106.332197610162,-0.118074577875283));
#3585=CARTESIAN_POINT('',(-72.4575500413829,105.132197610162,1.88192542212475));
#3586=CARTESIAN_POINT('',(-72.4575500413829,105.132197610162,1.88192542212475));
#3587=CARTESIAN_POINT('Origin',(-72.4575500413829,106.332197610162,1.88192542212475));
#3588=CARTESIAN_POINT('Origin',(-78.9334755746875,105.132197610162,1.88192542212475));
#3589=CARTESIAN_POINT('',(-79.2334755746875,105.132197610162,-0.118074577875283));
#3590=CARTESIAN_POINT('',(-78.9334755746875,105.132197610162,-0.118074577875283));
#3591=CARTESIAN_POINT('',(-79.2334755746875,105.132197610162,1.88192542212475));
#3592=CARTESIAN_POINT('',(-79.2334755746875,105.132197610162,1.88192542212475));
#3593=CARTESIAN_POINT('',(-78.9334755746875,105.132197610162,1.88192542212475));
#3594=CARTESIAN_POINT('Origin',(-79.2334755746875,106.332197610162,1.88192542212475));
#3595=CARTESIAN_POINT('Origin',(-79.2334755746875,106.332197610162,1.88192542212475));
#3596=CARTESIAN_POINT('Origin',(-79.2334755746875,106.332197610162,-0.118074577875283));
#3597=CARTESIAN_POINT('Origin',(-44.7334756730352,113.682197426878,-3.11807457787527));
#3598=CARTESIAN_POINT('',(-40.7334756730352,113.682197426878,-0.118074577875283));
#3599=CARTESIAN_POINT('',(-44.7334756730352,113.682197426878,1.88192542212475));
#3600=CARTESIAN_POINT('Origin',(-44.7334756730352,113.682197426878,-3.11807457787527));
#3601=CARTESIAN_POINT('',(-44.7334756730352,68.6821974268782,1.88192542212475));
#3602=CARTESIAN_POINT('',(-44.7334756730352,113.682197426878,1.88192542212475));
#3603=CARTESIAN_POINT('',(-40.7334756730352,68.6821974268782,-0.118074577875248));
#3604=CARTESIAN_POINT('Origin',(-44.7334756730352,68.6821974268782,-3.11807457787531));
#3605=CARTESIAN_POINT('',(-40.7334756730352,113.682197426878,-0.118074577875283));
#3606=CARTESIAN_POINT('Ctrl Pts',(-40.7334756730352,68.6821974268782,-0.1180745778753));
#3607=CARTESIAN_POINT('Ctrl Pts',(-40.7334756730352,63.6821974268782,-0.118074577875301));
#3608=CARTESIAN_POINT('Ctrl Pts',(-45.7334756730352,63.6821974268782,-0.118074577875302));
#3609=CARTESIAN_POINT('Ctrl Pts',(-42.2334756730352,68.6821974268782,1.88192542212469));
#3610=CARTESIAN_POINT('Ctrl Pts',(-42.2334756730352,65.1821974268782,1.88192542212469));
#3611=CARTESIAN_POINT('Ctrl Pts',(-45.7334756730352,65.1821974268782,1.88192542212469));
#3612=CARTESIAN_POINT('Ctrl Pts',(-44.7334756730352,68.6821974268782,1.88192542212469));
#3613=CARTESIAN_POINT('Ctrl Pts',(-44.7334756730352,67.6821974268782,1.88192542212469));
#3614=CARTESIAN_POINT('Ctrl Pts',(-45.7334756730352,67.6821974268782,1.88192542212469));
#3615=CARTESIAN_POINT('',(-45.7334756730352,67.6821974268782,1.88192542212475));
#3616=CARTESIAN_POINT('',(-45.7334756730352,63.6821974268782,-0.118074577875248));
#3617=CARTESIAN_POINT('Origin',(-45.7334756730352,67.6821974268782,-3.11807457787531));
#3618=CARTESIAN_POINT('Origin',(-45.7334756730352,68.6821974268782,-0.118074577875248));
#3619=CARTESIAN_POINT('Origin',(-45.7334756730352,68.6821974268782,1.88192542212475));
#3620=CARTESIAN_POINT('Origin',(-40.7334756730352,67.6821974268782,-3.11807457787531));
#3621=CARTESIAN_POINT('',(-105.733475673035,67.6821974268782,1.88192542212475));
#3622=CARTESIAN_POINT('',(-105.733475673035,63.6821974268782,-0.118074577875248));
#3623=CARTESIAN_POINT('Origin',(-105.733475673035,67.6821974268782,-3.11807457787531));
#3624=CARTESIAN_POINT('',(-40.7334756730352,63.6821974268782,-0.118074577875248));
#3625=CARTESIAN_POINT('',(-40.7334756730352,67.6821974268782,1.88192542212475));
#3626=CARTESIAN_POINT('Ctrl Pts',(-105.733475673035,63.6821974268782,-0.118074577875303));
#3627=CARTESIAN_POINT('Ctrl Pts',(-110.733475673035,63.6821974268782,-0.118074577875303));
#3628=CARTESIAN_POINT('Ctrl Pts',(-110.733475673035,68.6821974268782,-0.118074577875302));
#3629=CARTESIAN_POINT('Ctrl Pts',(-105.733475673035,65.1821974268782,1.88192542212469));
#3630=CARTESIAN_POINT('Ctrl Pts',(-109.233475673035,65.1821974268782,1.88192542212469));
#3631=CARTESIAN_POINT('Ctrl Pts',(-109.233475673035,68.6821974268782,1.88192542212469));
#3632=CARTESIAN_POINT('Ctrl Pts',(-105.733475673035,67.6821974268782,1.88192542212469));
#3633=CARTESIAN_POINT('Ctrl Pts',(-106.733475673035,67.6821974268782,1.88192542212469));
#3634=CARTESIAN_POINT('Ctrl Pts',(-106.733475673035,68.6821974268782,1.88192542212469));
#3635=CARTESIAN_POINT('',(-106.733475673035,68.6821974268782,1.88192542212475));
#3636=CARTESIAN_POINT('',(-110.733475673035,68.6821974268782,-0.118074577875283));
#3637=CARTESIAN_POINT('Origin',(-106.733475673035,68.6821974268782,-3.11807457787531));
#3638=CARTESIAN_POINT('Origin',(-105.733475673035,68.6821974268782,-0.118074577875248));
#3639=CARTESIAN_POINT('Origin',(-105.733475673035,68.6821974268782,1.88192542212475));
#3640=CARTESIAN_POINT('Origin',(-106.733475673035,63.6821974268782,-3.11807457787531));
#3641=CARTESIAN_POINT('',(-106.733475673035,113.682197426878,1.88192542212475));
#3642=CARTESIAN_POINT('',(-110.733475673035,113.682197426878,-0.118074577875283));
#3643=CARTESIAN_POINT('Origin',(-106.733475673035,113.682197426878,-3.11807457787527));
#3644=CARTESIAN_POINT('',(-110.733475673035,63.6821974268782,-0.118074577875283));
#3645=CARTESIAN_POINT('',(-106.733475673035,63.6821974268781,1.88192542212475));
#3646=CARTESIAN_POINT('Origin',(-75.7334764326451,88.9846977800147,1.88192542212475));
#3647=CARTESIAN_POINT('',(-40.7334756730352,113.682197426878,1.88192542212475));
#3648=CARTESIAN_POINT('',(-47.7334756730352,108.987197203878,1.88192542212475));
#3649=CARTESIAN_POINT('',(-51.9834761591856,108.987197203878,1.88192542212475));
#3650=CARTESIAN_POINT('',(-105.733477097959,108.987197203878,1.88192542212475));
#3651=CARTESIAN_POINT('',(-47.7334756730352,70.982198426001,1.88192542212475));
#3652=CARTESIAN_POINT('',(-47.7334756730352,78.9834481030079,1.88192542212475));
#3653=CARTESIAN_POINT('',(-102.733477097959,70.982198426001,1.88192542212475));
#3654=CARTESIAN_POINT('',(-45.7334763435874,70.982198426001,1.88192542212475));
#3655=CARTESIAN_POINT('',(-102.733477097959,108.987197203878,1.88192542212475));
#3656=CARTESIAN_POINT('',(-102.733477097959,68.982198426001,1.88192542212475));
#3657=CARTESIAN_POINT('',(-99.4834767061047,108.987197203878,1.88192542212475));
#3658=CARTESIAN_POINT('',(-105.733477097959,108.987197203878,1.88192542212475));
#3659=CARTESIAN_POINT('',(-99.4834767061047,71.9821984036493,1.88192542212475));
#3660=CARTESIAN_POINT('',(-99.4834767061047,69.9821984036493,1.88192542212475));
#3661=CARTESIAN_POINT('',(-51.9834761591856,71.9821984036493,1.88192542212475));
#3662=CARTESIAN_POINT('',(-53.9834761591856,71.9821984036493,1.88192542212475));
#3663=CARTESIAN_POINT('',(-51.9834761591856,98.4859474681975,1.88192542212475));
#3664=CARTESIAN_POINT('Origin',(-110.733475673035,113.682197426878,1.88192542212475));
#3665=CARTESIAN_POINT('',(-110.733475673035,113.682197426878,-0.118074577875283));
#3666=CARTESIAN_POINT('Origin',(-75.7334764326451,88.9846977800147,-0.118074577875248));
#3667=CARTESIAN_POINT('Origin',(-47.7334756730352,68.982198426001,-0.118074577875248));
#3668=CARTESIAN_POINT('',(-47.7334756730352,108.987197203878,3.88192542212477));
#3669=CARTESIAN_POINT('',(-47.7334756730352,108.987197203878,-0.118074577875283));
#3670=CARTESIAN_POINT('',(-47.7334756730352,70.982198426001,3.88192542212477));
#3671=CARTESIAN_POINT('',(-47.7334756730352,108.987197203878,3.88192542212477));
#3672=CARTESIAN_POINT('',(-47.7334756730352,70.982198426001,-0.118074577875248));
#3673=CARTESIAN_POINT('Origin',(-51.9834761591856,107.98719715638,-0.118074577875283));
#3674=CARTESIAN_POINT('',(-51.9834761591856,71.9821984036493,3.88192542212477));
#3675=CARTESIAN_POINT('',(-51.9834761591856,71.9821984036493,-0.118074577875248));
#3676=CARTESIAN_POINT('',(-51.9834761591856,108.987197203878,3.88192542212477));
#3677=CARTESIAN_POINT('',(-51.9834761591856,98.4859474856598,3.88192542212477));
#3678=CARTESIAN_POINT('',(-51.9834761591856,108.987197203878,-0.118074577875283));
#3679=CARTESIAN_POINT('Origin',(-45.7334763435874,108.987197203878,-0.118074577875283));
#3680=CARTESIAN_POINT('',(-105.733477097959,108.987197203878,3.8819254221247));
#3681=CARTESIAN_POINT('Origin',(-99.4834767061047,69.9821984036493,-0.118074577875283));
#3682=CARTESIAN_POINT('',(-99.4834767061047,71.9821984036493,3.88192542212474));
#3683=CARTESIAN_POINT('',(-99.4834767061047,71.9821984036493,-0.118074577875283));
#3684=CARTESIAN_POINT('',(-99.4834767061047,108.987197203878,3.8819254221247));
#3685=CARTESIAN_POINT('',(-99.4834767061047,108.987197203878,-0.118074577875283));
#3686=CARTESIAN_POINT('',(-99.4834767061047,79.4834481092943,3.88192542212474));
#3687=CARTESIAN_POINT('Origin',(-75.7334767207731,88.9846978149393,3.88192542212474));
#3688=CARTESIAN_POINT('',(-86.6084767134389,71.9821984036493,3.88192542212474));
#3689=CARTESIAN_POINT('',(-102.733477097959,108.987197203878,3.8819254221247));
#3690=CARTESIAN_POINT('',(-105.733477097959,108.987197203878,3.8819254221247));
#3691=CARTESIAN_POINT('',(-102.733477097959,70.982198426001,3.88192542212474));
#3692=CARTESIAN_POINT('',(-102.733477097959,68.982198426001,3.88192542212474));
#3693=CARTESIAN_POINT('',(-45.7334763435874,70.982198426001,3.88192542212477));
#3694=CARTESIAN_POINT('Origin',(-53.9834761591856,71.9821984036493,-0.118074577875248));
#3695=CARTESIAN_POINT('Origin',(-102.733477097959,108.987197203878,-0.118074577875283));
#3696=CARTESIAN_POINT('',(-102.733477097959,70.982198426001,-0.118074577875283));
#3697=CARTESIAN_POINT('',(-102.733477097959,108.987197203878,-0.118074577875283));
#3698=CARTESIAN_POINT('Origin',(-105.733477097959,70.982198426001,-0.118074577875283));
#3699=CARTESIAN_POINT('Origin',(-80.1334755746875,108.987197203878,-0.118074577875283));
#3700=UNCERTAINTY_MEASURE_WITH_UNIT(LENGTH_MEASURE(0.01),#3704,
'DISTANCE_ACCURACY_VALUE',
'Maximum model space distance between geometric entities at asserted c
onnectivities');
#3701=UNCERTAINTY_MEASURE_WITH_UNIT(LENGTH_MEASURE(0.01),#3704,
'DISTANCE_ACCURACY_VALUE',
'Maximum model space distance between geometric entities at asserted c
onnectivities');
#3702=(
GEOMETRIC_REPRESENTATION_CONTEXT(3)
GLOBAL_UNCERTAINTY_ASSIGNED_CONTEXT((#3700))
GLOBAL_UNIT_ASSIGNED_CONTEXT((#3704,#3706,#3707))
REPRESENTATION_CONTEXT('','3D')
);
#3703=(
GEOMETRIC_REPRESENTATION_CONTEXT(3)
GLOBAL_UNCERTAINTY_ASSIGNED_CONTEXT((#3701))
GLOBAL_UNIT_ASSIGNED_CONTEXT((#3704,#3706,#3707))
REPRESENTATION_CONTEXT('','3D')
);
#3704=(
LENGTH_UNIT()
NAMED_UNIT(*)
SI_UNIT(.MILLI.,.METRE.)
);
#3705=(
LENGTH_UNIT()
NAMED_UNIT(*)
SI_UNIT($,.METRE.)
);
#3706=(
NAMED_UNIT(*)
PLANE_ANGLE_UNIT()
SI_UNIT($,.RADIAN.)
);
#3707=(
NAMED_UNIT(*)
SI_UNIT($,.STERADIAN.)
SOLID_ANGLE_UNIT()
);
#3708=SHAPE_DEFINITION_REPRESENTATION(#3709,#3710);
#3709=PRODUCT_DEFINITION_SHAPE('',$,#3712);
#3710=SHAPE_REPRESENTATION('',(#2232),#3702);
#3711=PRODUCT_DEFINITION_CONTEXT('part definition',#3716,'design');
#3712=PRODUCT_DEFINITION('2026-04-22-21-26-16-611','spotify final',#3713,
#3711);
#3713=PRODUCT_DEFINITION_FORMATION('',$,#3718);
#3714=PRODUCT_RELATED_PRODUCT_CATEGORY('spotify final','spotify final',
(#3718));
#3715=APPLICATION_PROTOCOL_DEFINITION('international standard',
'automotive_design',2009,#3716);
#3716=APPLICATION_CONTEXT(
'Core Data for Automotive Mechanical Design Process');
#3717=PRODUCT_CONTEXT('part definition',#3716,'mechanical');
#3718=PRODUCT('2026-04-22-21-26-16-611','spotify final',$,(#3717));
#3719=PRESENTATION_STYLE_ASSIGNMENT((#3720));
#3720=SURFACE_STYLE_USAGE(.BOTH.,#3721);
#3721=SURFACE_SIDE_STYLE('',(#3722));
#3722=SURFACE_STYLE_FILL_AREA(#3723);
#3723=FILL_AREA_STYLE('Acero - Satinado',(#3724));
#3724=FILL_AREA_STYLE_COLOUR('Acero - Satinado',#3725);
#3725=COLOUR_RGB('Acero - Satinado',0.627450980392157,0.627450980392157,
0.627450980392157);
ENDSEC;
END-ISO-10303-21;
