ISO-10303-21;
HEADER;
/* Generated by software containing ST-Developer
 * from STEP Tools, Inc. (www.steptools.com) 
 */

FILE_DESCRIPTION(
/* description */ (''),
/* implementation_level */ '2;1');

FILE_NAME(
/* name */ 'spotify final 2.step',
/* time_stamp */ '2026-04-28T20:13:03-05:00',
/* author */ (''),
/* organization */ (''),
/* preprocessor_version */ 'ST-DEVELOPER v20.1',
/* originating_system */ 'Autodesk Translation Framework v15.8.0.0',
/* authorisation */ '');

FILE_SCHEMA (('AUTOMOTIVE_DESIGN { 1 0 10303 214 3 1 1 }'));
ENDSEC;

DATA;
#10=MECHANICAL_DESIGN_GEOMETRIC_PRESENTATION_REPRESENTATION('',(#15,#16,
#17,#18),#3574);
#11=SHAPE_REPRESENTATION_RELATIONSHIP('SRR','None',#3581,#12);
#12=ADVANCED_BREP_SHAPE_REPRESENTATION('',(#19,#20,#21,#22),#3573);
#13=(
BOUNDED_SURFACE()
B_SPLINE_SURFACE(2,2,((#3477,#3478,#3479),(#3480,#3481,#3482),(#3483,#3484,
#3485)),.UNSPECIFIED.,.F.,.F.,.F.)
B_SPLINE_SURFACE_WITH_KNOTS((3,3),(3,3),(0.643501108793286,1.5707963267949),
(-3.14159265358979,-1.5707963267949),.UNSPECIFIED.)
GEOMETRIC_REPRESENTATION_ITEM()
RATIONAL_B_SPLINE_SURFACE(((1.,0.707106781186548,1.),(0.894427190999913,
0.632455532033674,0.894427190999913),(1.,0.707106781186548,1.)))
REPRESENTATION_ITEM('')
SURFACE()
);
#14=(
BOUNDED_SURFACE()
B_SPLINE_SURFACE(2,2,((#3497,#3498,#3499),(#3500,#3501,#3502),(#3503,#3504,
#3505)),.UNSPECIFIED.,.F.,.F.,.F.)
B_SPLINE_SURFACE_WITH_KNOTS((3,3),(3,3),(0.643501108793286,1.5707963267949),
(-3.14159265358979,-1.5707963267949),.UNSPECIFIED.)
GEOMETRIC_REPRESENTATION_ITEM()
RATIONAL_B_SPLINE_SURFACE(((1.,0.707106781186547,1.),(0.894427190999921,
0.632455532033679,0.894427190999921),(1.,0.707106781186547,1.)))
REPRESENTATION_ITEM('')
SURFACE()
);
#15=STYLED_ITEM('',(#3590),#19);
#16=STYLED_ITEM('',(#3590),#20);
#17=STYLED_ITEM('',(#3590),#21);
#18=STYLED_ITEM('',(#3590),#22);
#19=MANIFOLD_SOLID_BREP('Cuerpo3',#2135);
#20=MANIFOLD_SOLID_BREP('Cuerpo4',#2136);
#21=MANIFOLD_SOLID_BREP('Cuerpo5',#2137);
#22=MANIFOLD_SOLID_BREP('Cuerpo7',#2138);
#23=FACE_BOUND('',#236,.T.);
#24=FACE_BOUND('',#237,.T.);
#25=FACE_BOUND('',#238,.T.);
#26=FACE_BOUND('',#239,.T.);
#27=FACE_BOUND('',#240,.T.);
#28=FACE_BOUND('',#241,.T.);
#29=FACE_BOUND('',#243,.T.);
#30=FACE_BOUND('',#297,.T.);
#31=FACE_BOUND('',#298,.T.);
#32=FACE_BOUND('',#299,.T.);
#33=FACE_BOUND('',#300,.T.);
#34=FACE_BOUND('',#301,.T.);
#35=FACE_BOUND('',#302,.T.);
#36=FACE_BOUND('',#310,.T.);
#37=FACE_BOUND('',#317,.T.);
#38=FACE_BOUND('',#319,.T.);
#39=FACE_BOUND('',#322,.T.);
#40=FACE_BOUND('',#324,.T.);
#41=FACE_BOUND('',#351,.T.);
#42=FACE_BOUND('',#352,.T.);
#43=FACE_BOUND('',#355,.T.);
#44=PLANE('',#2163);
#45=PLANE('',#2188);
#46=PLANE('',#2194);
#47=PLANE('',#2195);
#48=PLANE('',#2198);
#49=PLANE('',#2201);
#50=PLANE('',#2204);
#51=PLANE('',#2207);
#52=PLANE('',#2210);
#53=PLANE('',#2213);
#54=PLANE('',#2216);
#55=PLANE('',#2219);
#56=PLANE('',#2222);
#57=PLANE('',#2225);
#58=PLANE('',#2228);
#59=PLANE('',#2231);
#60=PLANE('',#2234);
#61=PLANE('',#2237);
#62=PLANE('',#2240);
#63=PLANE('',#2243);
#64=PLANE('',#2246);
#65=PLANE('',#2249);
#66=PLANE('',#2252);
#67=PLANE('',#2255);
#68=PLANE('',#2258);
#69=PLANE('',#2261);
#70=PLANE('',#2264);
#71=PLANE('',#2269);
#72=PLANE('',#2270);
#73=PLANE('',#2271);
#74=PLANE('',#2272);
#75=PLANE('',#2273);
#76=PLANE('',#2274);
#77=PLANE('',#2277);
#78=PLANE('',#2278);
#79=PLANE('',#2279);
#80=PLANE('',#2280);
#81=PLANE('',#2281);
#82=PLANE('',#2282);
#83=PLANE('',#2283);
#84=PLANE('',#2284);
#85=PLANE('',#2285);
#86=PLANE('',#2286);
#87=PLANE('',#2287);
#88=PLANE('',#2288);
#89=PLANE('',#2289);
#90=PLANE('',#2290);
#91=PLANE('',#2291);
#92=PLANE('',#2292);
#93=PLANE('',#2293);
#94=PLANE('',#2294);
#95=PLANE('',#2295);
#96=PLANE('',#2296);
#97=PLANE('',#2297);
#98=PLANE('',#2298);
#99=PLANE('',#2299);
#100=PLANE('',#2303);
#101=PLANE('',#2307);
#102=PLANE('',#2308);
#103=PLANE('',#2312);
#104=PLANE('',#2329);
#105=PLANE('',#2330);
#106=PLANE('',#2331);
#107=PLANE('',#2332);
#108=PLANE('',#2333);
#109=PLANE('',#2334);
#110=PLANE('',#2335);
#111=PLANE('',#2336);
#112=PLANE('',#2337);
#113=PLANE('',#2338);
#114=PLANE('',#2339);
#115=PLANE('',#2340);
#116=SPHERICAL_SURFACE('',#2158,5.);
#117=SPHERICAL_SURFACE('',#2192,5.);
#118=FACE_OUTER_BOUND('',#231,.T.);
#119=FACE_OUTER_BOUND('',#232,.T.);
#120=FACE_OUTER_BOUND('',#233,.T.);
#121=FACE_OUTER_BOUND('',#234,.T.);
#122=FACE_OUTER_BOUND('',#235,.T.);
#123=FACE_OUTER_BOUND('',#242,.T.);
#124=FACE_OUTER_BOUND('',#244,.T.);
#125=FACE_OUTER_BOUND('',#245,.T.);
#126=FACE_OUTER_BOUND('',#246,.T.);
#127=FACE_OUTER_BOUND('',#247,.T.);
#128=FACE_OUTER_BOUND('',#248,.T.);
#129=FACE_OUTER_BOUND('',#249,.T.);
#130=FACE_OUTER_BOUND('',#250,.T.);
#131=FACE_OUTER_BOUND('',#251,.T.);
#132=FACE_OUTER_BOUND('',#252,.T.);
#133=FACE_OUTER_BOUND('',#253,.T.);
#134=FACE_OUTER_BOUND('',#254,.T.);
#135=FACE_OUTER_BOUND('',#255,.T.);
#136=FACE_OUTER_BOUND('',#256,.T.);
#137=FACE_OUTER_BOUND('',#257,.T.);
#138=FACE_OUTER_BOUND('',#258,.T.);
#139=FACE_OUTER_BOUND('',#259,.T.);
#140=FACE_OUTER_BOUND('',#260,.T.);
#141=FACE_OUTER_BOUND('',#261,.T.);
#142=FACE_OUTER_BOUND('',#262,.T.);
#143=FACE_OUTER_BOUND('',#263,.T.);
#144=FACE_OUTER_BOUND('',#264,.T.);
#145=FACE_OUTER_BOUND('',#265,.T.);
#146=FACE_OUTER_BOUND('',#266,.T.);
#147=FACE_OUTER_BOUND('',#267,.T.);
#148=FACE_OUTER_BOUND('',#268,.T.);
#149=FACE_OUTER_BOUND('',#269,.T.);
#150=FACE_OUTER_BOUND('',#270,.T.);
#151=FACE_OUTER_BOUND('',#271,.T.);
#152=FACE_OUTER_BOUND('',#272,.T.);
#153=FACE_OUTER_BOUND('',#273,.T.);
#154=FACE_OUTER_BOUND('',#274,.T.);
#155=FACE_OUTER_BOUND('',#275,.T.);
#156=FACE_OUTER_BOUND('',#276,.T.);
#157=FACE_OUTER_BOUND('',#277,.T.);
#158=FACE_OUTER_BOUND('',#278,.T.);
#159=FACE_OUTER_BOUND('',#279,.T.);
#160=FACE_OUTER_BOUND('',#280,.T.);
#161=FACE_OUTER_BOUND('',#281,.T.);
#162=FACE_OUTER_BOUND('',#282,.T.);
#163=FACE_OUTER_BOUND('',#283,.T.);
#164=FACE_OUTER_BOUND('',#284,.T.);
#165=FACE_OUTER_BOUND('',#285,.T.);
#166=FACE_OUTER_BOUND('',#286,.T.);
#167=FACE_OUTER_BOUND('',#287,.T.);
#168=FACE_OUTER_BOUND('',#288,.T.);
#169=FACE_OUTER_BOUND('',#289,.T.);
#170=FACE_OUTER_BOUND('',#290,.T.);
#171=FACE_OUTER_BOUND('',#291,.T.);
#172=FACE_OUTER_BOUND('',#292,.T.);
#173=FACE_OUTER_BOUND('',#293,.T.);
#174=FACE_OUTER_BOUND('',#294,.T.);
#175=FACE_OUTER_BOUND('',#295,.T.);
#176=FACE_OUTER_BOUND('',#296,.T.);
#177=FACE_OUTER_BOUND('',#303,.T.);
#178=FACE_OUTER_BOUND('',#304,.T.);
#179=FACE_OUTER_BOUND('',#305,.T.);
#180=FACE_OUTER_BOUND('',#306,.T.);
#181=FACE_OUTER_BOUND('',#307,.T.);
#182=FACE_OUTER_BOUND('',#308,.T.);
#183=FACE_OUTER_BOUND('',#309,.T.);
#184=FACE_OUTER_BOUND('',#311,.T.);
#185=FACE_OUTER_BOUND('',#312,.T.);
#186=FACE_OUTER_BOUND('',#313,.T.);
#187=FACE_OUTER_BOUND('',#314,.T.);
#188=FACE_OUTER_BOUND('',#315,.T.);
#189=FACE_OUTER_BOUND('',#316,.T.);
#190=FACE_OUTER_BOUND('',#318,.T.);
#191=FACE_OUTER_BOUND('',#320,.T.);
#192=FACE_OUTER_BOUND('',#321,.T.);
#193=FACE_OUTER_BOUND('',#323,.T.);
#194=FACE_OUTER_BOUND('',#325,.T.);
#195=FACE_OUTER_BOUND('',#326,.T.);
#196=FACE_OUTER_BOUND('',#327,.T.);
#197=FACE_OUTER_BOUND('',#328,.T.);
#198=FACE_OUTER_BOUND('',#329,.T.);
#199=FACE_OUTER_BOUND('',#330,.T.);
#200=FACE_OUTER_BOUND('',#331,.T.);
#201=FACE_OUTER_BOUND('',#332,.T.);
#202=FACE_OUTER_BOUND('',#333,.T.);
#203=FACE_OUTER_BOUND('',#334,.T.);
#204=FACE_OUTER_BOUND('',#335,.T.);
#205=FACE_OUTER_BOUND('',#336,.T.);
#206=FACE_OUTER_BOUND('',#337,.T.);
#207=FACE_OUTER_BOUND('',#338,.T.);
#208=FACE_OUTER_BOUND('',#339,.T.);
#209=FACE_OUTER_BOUND('',#340,.T.);
#210=FACE_OUTER_BOUND('',#341,.T.);
#211=FACE_OUTER_BOUND('',#342,.T.);
#212=FACE_OUTER_BOUND('',#343,.T.);
#213=FACE_OUTER_BOUND('',#344,.T.);
#214=FACE_OUTER_BOUND('',#345,.T.);
#215=FACE_OUTER_BOUND('',#346,.T.);
#216=FACE_OUTER_BOUND('',#347,.T.);
#217=FACE_OUTER_BOUND('',#348,.T.);
#218=FACE_OUTER_BOUND('',#349,.T.);
#219=FACE_OUTER_BOUND('',#350,.T.);
#220=FACE_OUTER_BOUND('',#353,.T.);
#221=FACE_OUTER_BOUND('',#354,.T.);
#222=FACE_OUTER_BOUND('',#356,.T.);
#223=FACE_OUTER_BOUND('',#357,.T.);
#224=FACE_OUTER_BOUND('',#358,.T.);
#225=FACE_OUTER_BOUND('',#359,.T.);
#226=FACE_OUTER_BOUND('',#360,.T.);
#227=FACE_OUTER_BOUND('',#361,.T.);
#228=FACE_OUTER_BOUND('',#362,.T.);
#229=FACE_OUTER_BOUND('',#363,.T.);
#230=FACE_OUTER_BOUND('',#364,.T.);
#231=EDGE_LOOP('',(#1385,#1386,#1387,#1388));
#232=EDGE_LOOP('',(#1389,#1390,#1391,#1392));
#233=EDGE_LOOP('',(#1393,#1394,#1395));
#234=EDGE_LOOP('',(#1396,#1397,#1398,#1399));
#235=EDGE_LOOP('',(#1400,#1401,#1402,#1403));
#236=EDGE_LOOP('',(#1404,#1405,#1406,#1407,#1408,#1409,#1410,#1411));
#237=EDGE_LOOP('',(#1412,#1413,#1414,#1415,#1416,#1417,#1418,#1419));
#238=EDGE_LOOP('',(#1420,#1421,#1422,#1423,#1424,#1425,#1426,#1427));
#239=EDGE_LOOP('',(#1428,#1429,#1430,#1431,#1432,#1433,#1434,#1435));
#240=EDGE_LOOP('',(#1436,#1437,#1438,#1439,#1440,#1441,#1442,#1443));
#241=EDGE_LOOP('',(#1444,#1445,#1446,#1447,#1448,#1449,#1450,#1451));
#242=EDGE_LOOP('',(#1452,#1453,#1454,#1455,#1456,#1457));
#243=EDGE_LOOP('',(#1458,#1459,#1460,#1461));
#244=EDGE_LOOP('',(#1462,#1463,#1464,#1465));
#245=EDGE_LOOP('',(#1466,#1467,#1468));
#246=EDGE_LOOP('',(#1469,#1470,#1471,#1472));
#247=EDGE_LOOP('',(#1473,#1474,#1475,#1476));
#248=EDGE_LOOP('',(#1477,#1478,#1479,#1480));
#249=EDGE_LOOP('',(#1481,#1482,#1483,#1484));
#250=EDGE_LOOP('',(#1485,#1486,#1487,#1488));
#251=EDGE_LOOP('',(#1489,#1490,#1491,#1492));
#252=EDGE_LOOP('',(#1493,#1494,#1495,#1496));
#253=EDGE_LOOP('',(#1497,#1498,#1499,#1500));
#254=EDGE_LOOP('',(#1501,#1502,#1503,#1504));
#255=EDGE_LOOP('',(#1505,#1506,#1507,#1508));
#256=EDGE_LOOP('',(#1509,#1510,#1511,#1512));
#257=EDGE_LOOP('',(#1513,#1514,#1515,#1516));
#258=EDGE_LOOP('',(#1517,#1518,#1519,#1520));
#259=EDGE_LOOP('',(#1521,#1522,#1523,#1524));
#260=EDGE_LOOP('',(#1525,#1526,#1527,#1528));
#261=EDGE_LOOP('',(#1529,#1530,#1531,#1532));
#262=EDGE_LOOP('',(#1533,#1534,#1535,#1536));
#263=EDGE_LOOP('',(#1537,#1538,#1539,#1540));
#264=EDGE_LOOP('',(#1541,#1542,#1543,#1544));
#265=EDGE_LOOP('',(#1545,#1546,#1547,#1548));
#266=EDGE_LOOP('',(#1549,#1550,#1551,#1552));
#267=EDGE_LOOP('',(#1553,#1554,#1555,#1556));
#268=EDGE_LOOP('',(#1557,#1558,#1559,#1560));
#269=EDGE_LOOP('',(#1561,#1562,#1563,#1564));
#270=EDGE_LOOP('',(#1565,#1566,#1567,#1568));
#271=EDGE_LOOP('',(#1569,#1570,#1571,#1572));
#272=EDGE_LOOP('',(#1573,#1574,#1575,#1576));
#273=EDGE_LOOP('',(#1577,#1578,#1579,#1580));
#274=EDGE_LOOP('',(#1581,#1582,#1583,#1584));
#275=EDGE_LOOP('',(#1585,#1586,#1587,#1588));
#276=EDGE_LOOP('',(#1589,#1590,#1591,#1592));
#277=EDGE_LOOP('',(#1593,#1594,#1595,#1596));
#278=EDGE_LOOP('',(#1597,#1598,#1599,#1600));
#279=EDGE_LOOP('',(#1601,#1602,#1603,#1604));
#280=EDGE_LOOP('',(#1605,#1606,#1607,#1608));
#281=EDGE_LOOP('',(#1609,#1610,#1611,#1612));
#282=EDGE_LOOP('',(#1613,#1614,#1615,#1616));
#283=EDGE_LOOP('',(#1617,#1618,#1619,#1620));
#284=EDGE_LOOP('',(#1621,#1622,#1623,#1624));
#285=EDGE_LOOP('',(#1625,#1626,#1627,#1628));
#286=EDGE_LOOP('',(#1629,#1630,#1631,#1632));
#287=EDGE_LOOP('',(#1633,#1634,#1635,#1636));
#288=EDGE_LOOP('',(#1637,#1638,#1639,#1640));
#289=EDGE_LOOP('',(#1641,#1642,#1643,#1644));
#290=EDGE_LOOP('',(#1645,#1646,#1647,#1648));
#291=EDGE_LOOP('',(#1649,#1650,#1651,#1652));
#292=EDGE_LOOP('',(#1653,#1654,#1655,#1656));
#293=EDGE_LOOP('',(#1657,#1658,#1659,#1660));
#294=EDGE_LOOP('',(#1661,#1662,#1663,#1664));
#295=EDGE_LOOP('',(#1665,#1666,#1667,#1668));
#296=EDGE_LOOP('',(#1669,#1670,#1671,#1672));
#297=EDGE_LOOP('',(#1673,#1674,#1675,#1676,#1677,#1678,#1679,#1680));
#298=EDGE_LOOP('',(#1681,#1682,#1683,#1684,#1685,#1686,#1687,#1688));
#299=EDGE_LOOP('',(#1689,#1690,#1691,#1692,#1693,#1694,#1695,#1696));
#300=EDGE_LOOP('',(#1697,#1698,#1699,#1700,#1701,#1702,#1703,#1704));
#301=EDGE_LOOP('',(#1705,#1706,#1707,#1708,#1709,#1710,#1711,#1712));
#302=EDGE_LOOP('',(#1713,#1714,#1715,#1716,#1717,#1718,#1719,#1720));
#303=EDGE_LOOP('',(#1721,#1722,#1723,#1724));
#304=EDGE_LOOP('',(#1725,#1726,#1727,#1728));
#305=EDGE_LOOP('',(#1729,#1730,#1731,#1732));
#306=EDGE_LOOP('',(#1733,#1734,#1735,#1736));
#307=EDGE_LOOP('',(#1737,#1738,#1739,#1740));
#308=EDGE_LOOP('',(#1741,#1742,#1743,#1744));
#309=EDGE_LOOP('',(#1745,#1746,#1747,#1748));
#310=EDGE_LOOP('',(#1749,#1750,#1751,#1752));
#311=EDGE_LOOP('',(#1753,#1754,#1755,#1756,#1757,#1758));
#312=EDGE_LOOP('',(#1759,#1760,#1761,#1762));
#313=EDGE_LOOP('',(#1763,#1764,#1765,#1766));
#314=EDGE_LOOP('',(#1767,#1768,#1769,#1770));
#315=EDGE_LOOP('',(#1771,#1772,#1773,#1774));
#316=EDGE_LOOP('',(#1775,#1776,#1777,#1778));
#317=EDGE_LOOP('',(#1779));
#318=EDGE_LOOP('',(#1780,#1781,#1782,#1783));
#319=EDGE_LOOP('',(#1784,#1785,#1786,#1787));
#320=EDGE_LOOP('',(#1788,#1789,#1790,#1791));
#321=EDGE_LOOP('',(#1792,#1793,#1794,#1795));
#322=EDGE_LOOP('',(#1796,#1797,#1798,#1799));
#323=EDGE_LOOP('',(#1800,#1801,#1802,#1803));
#324=EDGE_LOOP('',(#1804));
#325=EDGE_LOOP('',(#1805,#1806,#1807,#1808));
#326=EDGE_LOOP('',(#1809,#1810,#1811,#1812));
#327=EDGE_LOOP('',(#1813,#1814,#1815,#1816));
#328=EDGE_LOOP('',(#1817,#1818,#1819,#1820));
#329=EDGE_LOOP('',(#1821,#1822,#1823,#1824));
#330=EDGE_LOOP('',(#1825,#1826,#1827,#1828));
#331=EDGE_LOOP('',(#1829,#1830,#1831,#1832));
#332=EDGE_LOOP('',(#1833,#1834,#1835,#1836));
#333=EDGE_LOOP('',(#1837,#1838,#1839,#1840));
#334=EDGE_LOOP('',(#1841,#1842,#1843,#1844));
#335=EDGE_LOOP('',(#1845,#1846,#1847,#1848));
#336=EDGE_LOOP('',(#1849,#1850,#1851,#1852));
#337=EDGE_LOOP('',(#1853,#1854,#1855,#1856));
#338=EDGE_LOOP('',(#1857,#1858,#1859,#1860));
#339=EDGE_LOOP('',(#1861,#1862,#1863,#1864));
#340=EDGE_LOOP('',(#1865,#1866,#1867,#1868));
#341=EDGE_LOOP('',(#1869,#1870,#1871,#1872));
#342=EDGE_LOOP('',(#1873,#1874,#1875,#1876));
#343=EDGE_LOOP('',(#1877,#1878,#1879,#1880));
#344=EDGE_LOOP('',(#1881,#1882,#1883,#1884));
#345=EDGE_LOOP('',(#1885,#1886,#1887,#1888));
#346=EDGE_LOOP('',(#1889,#1890,#1891,#1892));
#347=EDGE_LOOP('',(#1893,#1894,#1895,#1896));
#348=EDGE_LOOP('',(#1897,#1898,#1899,#1900));
#349=EDGE_LOOP('',(#1901,#1902,#1903,#1904));
#350=EDGE_LOOP('',(#1905,#1906,#1907,#1908,#1909,#1910));
#351=EDGE_LOOP('',(#1911,#1912,#1913,#1914,#1915,#1916,#1917,#1918));
#352=EDGE_LOOP('',(#1919,#1920,#1921,#1922,#1923,#1924,#1925,#1926));
#353=EDGE_LOOP('',(#1927,#1928,#1929,#1930));
#354=EDGE_LOOP('',(#1931,#1932,#1933,#1934,#1935,#1936));
#355=EDGE_LOOP('',(#1937,#1938,#1939,#1940,#1941,#1942,#1943,#1944));
#356=EDGE_LOOP('',(#1945,#1946,#1947,#1948));
#357=EDGE_LOOP('',(#1949,#1950,#1951,#1952));
#358=EDGE_LOOP('',(#1953,#1954,#1955,#1956));
#359=EDGE_LOOP('',(#1957,#1958,#1959,#1960));
#360=EDGE_LOOP('',(#1961,#1962,#1963,#1964,#1965,#1966,#1967,#1968));
#361=EDGE_LOOP('',(#1969,#1970,#1971,#1972));
#362=EDGE_LOOP('',(#1973,#1974,#1975,#1976));
#363=EDGE_LOOP('',(#1977,#1978,#1979,#1980));
#364=EDGE_LOOP('',(#1981,#1982,#1983,#1984));
#365=LINE('',#2948,#587);
#366=LINE('',#2955,#588);
#367=LINE('',#2958,#589);
#368=LINE('',#2965,#590);
#369=LINE('',#2968,#591);
#370=LINE('',#2971,#592);
#371=LINE('',#2972,#593);
#372=LINE('',#2975,#594);
#373=LINE('',#2979,#595);
#374=LINE('',#2983,#596);
#375=LINE('',#2987,#597);
#376=LINE('',#2991,#598);
#377=LINE('',#2995,#599);
#378=LINE('',#2999,#600);
#379=LINE('',#3003,#601);
#380=LINE('',#3007,#602);
#381=LINE('',#3011,#603);
#382=LINE('',#3015,#604);
#383=LINE('',#3019,#605);
#384=LINE('',#3023,#606);
#385=LINE('',#3027,#607);
#386=LINE('',#3031,#608);
#387=LINE('',#3035,#609);
#388=LINE('',#3039,#610);
#389=LINE('',#3043,#611);
#390=LINE('',#3047,#612);
#391=LINE('',#3051,#613);
#392=LINE('',#3055,#614);
#393=LINE('',#3059,#615);
#394=LINE('',#3063,#616);
#395=LINE('',#3067,#617);
#396=LINE('',#3071,#618);
#397=LINE('',#3073,#619);
#398=LINE('',#3075,#620);
#399=LINE('',#3079,#621);
#400=LINE('',#3081,#622);
#401=LINE('',#3083,#623);
#402=LINE('',#3084,#624);
#403=LINE('',#3087,#625);
#404=LINE('',#3093,#626);
#405=LINE('',#3094,#627);
#406=LINE('',#3098,#628);
#407=LINE('',#3099,#629);
#408=LINE('',#3100,#630);
#409=LINE('',#3104,#631);
#410=LINE('',#3107,#632);
#411=LINE('',#3108,#633);
#412=LINE('',#3112,#634);
#413=LINE('',#3115,#635);
#414=LINE('',#3116,#636);
#415=LINE('',#3120,#637);
#416=LINE('',#3123,#638);
#417=LINE('',#3124,#639);
#418=LINE('',#3130,#640);
#419=LINE('',#3131,#641);
#420=LINE('',#3132,#642);
#421=LINE('',#3136,#643);
#422=LINE('',#3139,#644);
#423=LINE('',#3140,#645);
#424=LINE('',#3144,#646);
#425=LINE('',#3147,#647);
#426=LINE('',#3148,#648);
#427=LINE('',#3152,#649);
#428=LINE('',#3155,#650);
#429=LINE('',#3156,#651);
#430=LINE('',#3162,#652);
#431=LINE('',#3163,#653);
#432=LINE('',#3164,#654);
#433=LINE('',#3168,#655);
#434=LINE('',#3171,#656);
#435=LINE('',#3172,#657);
#436=LINE('',#3176,#658);
#437=LINE('',#3179,#659);
#438=LINE('',#3180,#660);
#439=LINE('',#3184,#661);
#440=LINE('',#3187,#662);
#441=LINE('',#3188,#663);
#442=LINE('',#3194,#664);
#443=LINE('',#3195,#665);
#444=LINE('',#3196,#666);
#445=LINE('',#3200,#667);
#446=LINE('',#3203,#668);
#447=LINE('',#3204,#669);
#448=LINE('',#3208,#670);
#449=LINE('',#3211,#671);
#450=LINE('',#3212,#672);
#451=LINE('',#3216,#673);
#452=LINE('',#3219,#674);
#453=LINE('',#3220,#675);
#454=LINE('',#3226,#676);
#455=LINE('',#3227,#677);
#456=LINE('',#3228,#678);
#457=LINE('',#3232,#679);
#458=LINE('',#3235,#680);
#459=LINE('',#3236,#681);
#460=LINE('',#3240,#682);
#461=LINE('',#3243,#683);
#462=LINE('',#3244,#684);
#463=LINE('',#3248,#685);
#464=LINE('',#3251,#686);
#465=LINE('',#3252,#687);
#466=LINE('',#3258,#688);
#467=LINE('',#3259,#689);
#468=LINE('',#3260,#690);
#469=LINE('',#3264,#691);
#470=LINE('',#3267,#692);
#471=LINE('',#3268,#693);
#472=LINE('',#3272,#694);
#473=LINE('',#3275,#695);
#474=LINE('',#3276,#696);
#475=LINE('',#3280,#697);
#476=LINE('',#3283,#698);
#477=LINE('',#3284,#699);
#478=LINE('',#3290,#700);
#479=LINE('',#3293,#701);
#480=LINE('',#3295,#702);
#481=LINE('',#3296,#703);
#482=LINE('',#3300,#704);
#483=LINE('',#3302,#705);
#484=LINE('',#3304,#706);
#485=LINE('',#3305,#707);
#486=LINE('',#3308,#708);
#487=LINE('',#3310,#709);
#488=LINE('',#3311,#710);
#489=LINE('',#3314,#711);
#490=LINE('',#3316,#712);
#491=LINE('',#3317,#713);
#492=LINE('',#3319,#714);
#493=LINE('',#3320,#715);
#494=LINE('',#3324,#716);
#495=LINE('',#3327,#717);
#496=LINE('',#3329,#718);
#497=LINE('',#3332,#719);
#498=LINE('',#3334,#720);
#499=LINE('',#3336,#721);
#500=LINE('',#3337,#722);
#501=LINE('',#3339,#723);
#502=LINE('',#3343,#724);
#503=LINE('',#3344,#725);
#504=LINE('',#3345,#726);
#505=LINE('',#3348,#727);
#506=LINE('',#3349,#728);
#507=LINE('',#3352,#729);
#508=LINE('',#3353,#730);
#509=LINE('',#3355,#731);
#510=LINE('',#3358,#732);
#511=LINE('',#3359,#733);
#512=LINE('',#3362,#734);
#513=LINE('',#3363,#735);
#514=LINE('',#3365,#736);
#515=LINE('',#3371,#737);
#516=LINE('',#3373,#738);
#517=LINE('',#3375,#739);
#518=LINE('',#3376,#740);
#519=LINE('',#3379,#741);
#520=LINE('',#3381,#742);
#521=LINE('',#3382,#743);
#522=LINE('',#3385,#744);
#523=LINE('',#3387,#745);
#524=LINE('',#3388,#746);
#525=LINE('',#3390,#747);
#526=LINE('',#3391,#748);
#527=LINE('',#3397,#749);
#528=LINE('',#3399,#750);
#529=LINE('',#3401,#751);
#530=LINE('',#3402,#752);
#531=LINE('',#3405,#753);
#532=LINE('',#3407,#754);
#533=LINE('',#3408,#755);
#534=LINE('',#3411,#756);
#535=LINE('',#3413,#757);
#536=LINE('',#3414,#758);
#537=LINE('',#3416,#759);
#538=LINE('',#3417,#760);
#539=LINE('',#3425,#761);
#540=LINE('',#3428,#762);
#541=LINE('',#3431,#763);
#542=LINE('',#3433,#764);
#543=LINE('',#3434,#765);
#544=LINE('',#3439,#766);
#545=LINE('',#3443,#767);
#546=LINE('',#3445,#768);
#547=LINE('',#3446,#769);
#548=LINE('',#3449,#770);
#549=LINE('',#3451,#771);
#550=LINE('',#3452,#772);
#551=LINE('',#3457,#773);
#552=LINE('',#3461,#774);
#553=LINE('',#3463,#775);
#554=LINE('',#3464,#776);
#555=LINE('',#3473,#777);
#556=LINE('',#3476,#778);
#557=LINE('',#3495,#779);
#558=LINE('',#3496,#780);
#559=LINE('',#3515,#781);
#560=LINE('',#3516,#782);
#561=LINE('',#3518,#783);
#562=LINE('',#3521,#784);
#563=LINE('',#3523,#785);
#564=LINE('',#3525,#786);
#565=LINE('',#3527,#787);
#566=LINE('',#3529,#788);
#567=LINE('',#3531,#789);
#568=LINE('',#3533,#790);
#569=LINE('',#3534,#791);
#570=LINE('',#3536,#792);
#571=LINE('',#3540,#793);
#572=LINE('',#3542,#794);
#573=LINE('',#3543,#795);
#574=LINE('',#3546,#796);
#575=LINE('',#3548,#797);
#576=LINE('',#3549,#798);
#577=LINE('',#3551,#799);
#578=LINE('',#3554,#800);
#579=LINE('',#3556,#801);
#580=LINE('',#3557,#802);
#581=LINE('',#3559,#803);
#582=LINE('',#3561,#804);
#583=LINE('',#3563,#805);
#584=LINE('',#3564,#806);
#585=LINE('',#3567,#807);
#586=LINE('',#3568,#808);
#587=VECTOR('',#2347,3.75);
#588=VECTOR('',#2354,10.);
#589=VECTOR('',#2357,10.);
#590=VECTOR('',#2366,5.);
#591=VECTOR('',#2369,10.);
#592=VECTOR('',#2372,10.);
#593=VECTOR('',#2373,10.);
#594=VECTOR('',#2374,10.);
#595=VECTOR('',#2377,10.);
#596=VECTOR('',#2380,10.);
#597=VECTOR('',#2383,10.);
#598=VECTOR('',#2386,10.);
#599=VECTOR('',#2389,10.);
#600=VECTOR('',#2392,10.);
#601=VECTOR('',#2395,10.);
#602=VECTOR('',#2398,10.);
#603=VECTOR('',#2401,10.);
#604=VECTOR('',#2404,10.);
#605=VECTOR('',#2407,10.);
#606=VECTOR('',#2410,10.);
#607=VECTOR('',#2413,10.);
#608=VECTOR('',#2416,10.);
#609=VECTOR('',#2419,10.);
#610=VECTOR('',#2422,10.);
#611=VECTOR('',#2425,10.);
#612=VECTOR('',#2428,10.);
#613=VECTOR('',#2431,10.);
#614=VECTOR('',#2434,10.);
#615=VECTOR('',#2437,10.);
#616=VECTOR('',#2440,10.);
#617=VECTOR('',#2443,10.);
#618=VECTOR('',#2448,10.);
#619=VECTOR('',#2449,10.);
#620=VECTOR('',#2450,10.);
#621=VECTOR('',#2453,10.);
#622=VECTOR('',#2454,10.);
#623=VECTOR('',#2455,10.);
#624=VECTOR('',#2456,10.);
#625=VECTOR('',#2459,10.);
#626=VECTOR('',#2468,10.);
#627=VECTOR('',#2469,5.);
#628=VECTOR('',#2472,10.);
#629=VECTOR('',#2473,10.);
#630=VECTOR('',#2474,10.);
#631=VECTOR('',#2479,10.);
#632=VECTOR('',#2482,10.);
#633=VECTOR('',#2483,10.);
#634=VECTOR('',#2488,10.);
#635=VECTOR('',#2491,10.);
#636=VECTOR('',#2492,10.);
#637=VECTOR('',#2497,10.);
#638=VECTOR('',#2500,10.);
#639=VECTOR('',#2501,10.);
#640=VECTOR('',#2508,10.);
#641=VECTOR('',#2509,10.);
#642=VECTOR('',#2510,10.);
#643=VECTOR('',#2515,10.);
#644=VECTOR('',#2518,10.);
#645=VECTOR('',#2519,10.);
#646=VECTOR('',#2524,10.);
#647=VECTOR('',#2527,10.);
#648=VECTOR('',#2528,10.);
#649=VECTOR('',#2533,10.);
#650=VECTOR('',#2536,10.);
#651=VECTOR('',#2537,10.);
#652=VECTOR('',#2544,10.);
#653=VECTOR('',#2545,10.);
#654=VECTOR('',#2546,10.);
#655=VECTOR('',#2551,10.);
#656=VECTOR('',#2554,10.);
#657=VECTOR('',#2555,10.);
#658=VECTOR('',#2560,10.);
#659=VECTOR('',#2563,10.);
#660=VECTOR('',#2564,10.);
#661=VECTOR('',#2569,10.);
#662=VECTOR('',#2572,10.);
#663=VECTOR('',#2573,10.);
#664=VECTOR('',#2580,10.);
#665=VECTOR('',#2581,10.);
#666=VECTOR('',#2582,10.);
#667=VECTOR('',#2587,10.);
#668=VECTOR('',#2590,10.);
#669=VECTOR('',#2591,10.);
#670=VECTOR('',#2596,10.);
#671=VECTOR('',#2599,10.);
#672=VECTOR('',#2600,10.);
#673=VECTOR('',#2605,10.);
#674=VECTOR('',#2608,10.);
#675=VECTOR('',#2609,10.);
#676=VECTOR('',#2616,10.);
#677=VECTOR('',#2617,10.);
#678=VECTOR('',#2618,10.);
#679=VECTOR('',#2623,10.);
#680=VECTOR('',#2626,10.);
#681=VECTOR('',#2627,10.);
#682=VECTOR('',#2632,10.);
#683=VECTOR('',#2635,10.);
#684=VECTOR('',#2636,10.);
#685=VECTOR('',#2641,10.);
#686=VECTOR('',#2644,10.);
#687=VECTOR('',#2645,10.);
#688=VECTOR('',#2652,10.);
#689=VECTOR('',#2653,10.);
#690=VECTOR('',#2654,10.);
#691=VECTOR('',#2659,10.);
#692=VECTOR('',#2662,10.);
#693=VECTOR('',#2663,10.);
#694=VECTOR('',#2668,10.);
#695=VECTOR('',#2671,10.);
#696=VECTOR('',#2672,10.);
#697=VECTOR('',#2677,10.);
#698=VECTOR('',#2680,10.);
#699=VECTOR('',#2681,10.);
#700=VECTOR('',#2690,10.);
#701=VECTOR('',#2693,10.);
#702=VECTOR('',#2694,10.);
#703=VECTOR('',#2695,10.);
#704=VECTOR('',#2698,10.);
#705=VECTOR('',#2699,10.);
#706=VECTOR('',#2700,10.);
#707=VECTOR('',#2701,10.);
#708=VECTOR('',#2704,10.);
#709=VECTOR('',#2705,10.);
#710=VECTOR('',#2706,10.);
#711=VECTOR('',#2709,10.);
#712=VECTOR('',#2710,10.);
#713=VECTOR('',#2711,10.);
#714=VECTOR('',#2714,10.);
#715=VECTOR('',#2715,10.);
#716=VECTOR('',#2720,10.);
#717=VECTOR('',#2723,10.);
#718=VECTOR('',#2726,10.);
#719=VECTOR('',#2727,10.);
#720=VECTOR('',#2728,10.);
#721=VECTOR('',#2729,10.);
#722=VECTOR('',#2730,10.);
#723=VECTOR('',#2733,10.);
#724=VECTOR('',#2736,10.);
#725=VECTOR('',#2737,10.);
#726=VECTOR('',#2738,10.);
#727=VECTOR('',#2741,10.);
#728=VECTOR('',#2742,10.);
#729=VECTOR('',#2745,10.);
#730=VECTOR('',#2746,10.);
#731=VECTOR('',#2749,10.);
#732=VECTOR('',#2752,10.);
#733=VECTOR('',#2753,10.);
#734=VECTOR('',#2756,10.);
#735=VECTOR('',#2757,10.);
#736=VECTOR('',#2760,10.);
#737=VECTOR('',#2767,10.);
#738=VECTOR('',#2768,10.);
#739=VECTOR('',#2769,10.);
#740=VECTOR('',#2770,10.);
#741=VECTOR('',#2773,10.);
#742=VECTOR('',#2774,10.);
#743=VECTOR('',#2775,10.);
#744=VECTOR('',#2778,10.);
#745=VECTOR('',#2779,10.);
#746=VECTOR('',#2780,10.);
#747=VECTOR('',#2783,10.);
#748=VECTOR('',#2784,10.);
#749=VECTOR('',#2791,10.);
#750=VECTOR('',#2792,10.);
#751=VECTOR('',#2793,10.);
#752=VECTOR('',#2794,10.);
#753=VECTOR('',#2797,10.);
#754=VECTOR('',#2798,10.);
#755=VECTOR('',#2799,10.);
#756=VECTOR('',#2802,10.);
#757=VECTOR('',#2803,10.);
#758=VECTOR('',#2804,10.);
#759=VECTOR('',#2807,10.);
#760=VECTOR('',#2808,10.);
#761=VECTOR('',#2817,10.);
#762=VECTOR('',#2820,10.);
#763=VECTOR('',#2823,10.);
#764=VECTOR('',#2824,10.);
#765=VECTOR('',#2825,10.);
#766=VECTOR('',#2830,10.);
#767=VECTOR('',#2835,10.);
#768=VECTOR('',#2836,10.);
#769=VECTOR('',#2837,10.);
#770=VECTOR('',#2840,10.);
#771=VECTOR('',#2841,10.);
#772=VECTOR('',#2842,10.);
#773=VECTOR('',#2847,10.);
#774=VECTOR('',#2852,10.);
#775=VECTOR('',#2853,10.);
#776=VECTOR('',#2854,10.);
#777=VECTOR('',#2865,5.);
#778=VECTOR('',#2868,10.);
#779=VECTOR('',#2879,10.);
#780=VECTOR('',#2880,5.);
#781=VECTOR('',#2891,10.);
#782=VECTOR('',#2892,5.);
#783=VECTOR('',#2895,10.);
#784=VECTOR('',#2896,10.);
#785=VECTOR('',#2897,10.);
#786=VECTOR('',#2898,10.);
#787=VECTOR('',#2899,10.);
#788=VECTOR('',#2900,10.);
#789=VECTOR('',#2901,10.);
#790=VECTOR('',#2902,10.);
#791=VECTOR('',#2903,10.);
#792=VECTOR('',#2906,10.);
#793=VECTOR('',#2911,10.);
#794=VECTOR('',#2912,10.);
#795=VECTOR('',#2913,10.);
#796=VECTOR('',#2916,10.);
#797=VECTOR('',#2917,10.);
#798=VECTOR('',#2918,10.);
#799=VECTOR('',#2921,10.);
#800=VECTOR('',#2924,10.);
#801=VECTOR('',#2925,10.);
#802=VECTOR('',#2926,10.);
#803=VECTOR('',#2929,10.);
#804=VECTOR('',#2930,10.);
#805=VECTOR('',#2931,10.);
#806=VECTOR('',#2932,10.);
#807=VECTOR('',#2937,10.);
#808=VECTOR('',#2938,10.);
#809=CIRCLE('',#2153,3.75);
#810=CIRCLE('',#2154,3.75);
#811=CIRCLE('',#2156,5.);
#812=CIRCLE('',#2157,5.00000000000002);
#813=CIRCLE('',#2159,5.);
#814=CIRCLE('',#2160,5.);
#815=CIRCLE('',#2162,5.);
#816=CIRCLE('',#2164,0.500000000000007);
#817=CIRCLE('',#2165,0.500000000000029);
#818=CIRCLE('',#2166,0.500000000000007);
#819=CIRCLE('',#2167,0.5);
#820=CIRCLE('',#2168,0.500000000000012);
#821=CIRCLE('',#2169,0.500000000000007);
#822=CIRCLE('',#2170,0.500000000000007);
#823=CIRCLE('',#2171,0.500000000000007);
#824=CIRCLE('',#2172,0.500000000000007);
#825=CIRCLE('',#2173,0.500000000000007);
#826=CIRCLE('',#2174,0.500000000000007);
#827=CIRCLE('',#2175,0.500000000000012);
#828=CIRCLE('',#2176,0.500000000000009);
#829=CIRCLE('',#2177,0.500000000000007);
#830=CIRCLE('',#2178,0.500000000000007);
#831=CIRCLE('',#2179,0.500000000000007);
#832=CIRCLE('',#2180,0.500000000000007);
#833=CIRCLE('',#2181,0.500000000000007);
#834=CIRCLE('',#2182,0.500000000000007);
#835=CIRCLE('',#2183,0.500000000000007);
#836=CIRCLE('',#2184,0.500000000000012);
#837=CIRCLE('',#2185,0.500000000000007);
#838=CIRCLE('',#2186,0.500000000000007);
#839=CIRCLE('',#2187,0.500000000000007);
#840=CIRCLE('',#2189,5.);
#841=CIRCLE('',#2191,5.);
#842=CIRCLE('',#2193,5.);
#843=CIRCLE('',#2197,0.500000000000007);
#844=CIRCLE('',#2200,0.500000000000012);
#845=CIRCLE('',#2203,0.500000000000007);
#846=CIRCLE('',#2206,0.500000000000007);
#847=CIRCLE('',#2209,0.500000000000007);
#848=CIRCLE('',#2212,0.500000000000007);
#849=CIRCLE('',#2215,0.500000000000007);
#850=CIRCLE('',#2218,0.500000000000007);
#851=CIRCLE('',#2221,0.500000000000007);
#852=CIRCLE('',#2224,0.500000000000009);
#853=CIRCLE('',#2227,0.500000000000007);
#854=CIRCLE('',#2230,0.500000000000007);
#855=CIRCLE('',#2233,0.500000000000007);
#856=CIRCLE('',#2236,0.500000000000007);
#857=CIRCLE('',#2239,0.500000000000012);
#858=CIRCLE('',#2242,0.500000000000007);
#859=CIRCLE('',#2245,0.500000000000007);
#860=CIRCLE('',#2248,0.500000000000012);
#861=CIRCLE('',#2251,0.500000000000007);
#862=CIRCLE('',#2254,0.500000000000007);
#863=CIRCLE('',#2257,0.500000000000029);
#864=CIRCLE('',#2260,0.500000000000007);
#865=CIRCLE('',#2263,0.5);
#866=CIRCLE('',#2266,0.500000000000007);
#867=CIRCLE('',#2268,5.);
#868=CIRCLE('',#2276,5.);
#869=CIRCLE('',#2301,1.);
#870=CIRCLE('',#2302,1.);
#871=CIRCLE('',#2305,1.);
#872=CIRCLE('',#2306,1.);
#873=CIRCLE('',#2310,1.2);
#874=CIRCLE('',#2311,1.2);
#875=CIRCLE('',#2314,1.2);
#876=CIRCLE('',#2315,1.2);
#877=CIRCLE('',#2317,5.);
#878=CIRCLE('',#2318,5.);
#879=CIRCLE('',#2319,5.);
#880=CIRCLE('',#2320,5.);
#881=CIRCLE('',#2321,1.);
#882=CIRCLE('',#2323,5.);
#883=CIRCLE('',#2324,5.);
#884=CIRCLE('',#2325,5.);
#885=CIRCLE('',#2326,1.00000000000001);
#886=CIRCLE('',#2328,5.);
#887=VERTEX_POINT('',#2945);
#888=VERTEX_POINT('',#2947);
#889=VERTEX_POINT('',#2951);
#890=VERTEX_POINT('',#2952);
#891=VERTEX_POINT('',#2954);
#892=VERTEX_POINT('',#2956);
#893=VERTEX_POINT('',#2960);
#894=VERTEX_POINT('',#2964);
#895=VERTEX_POINT('',#2966);
#896=VERTEX_POINT('',#2970);
#897=VERTEX_POINT('',#2973);
#898=VERTEX_POINT('',#2974);
#899=VERTEX_POINT('',#2976);
#900=VERTEX_POINT('',#2978);
#901=VERTEX_POINT('',#2980);
#902=VERTEX_POINT('',#2982);
#903=VERTEX_POINT('',#2984);
#904=VERTEX_POINT('',#2986);
#905=VERTEX_POINT('',#2989);
#906=VERTEX_POINT('',#2990);
#907=VERTEX_POINT('',#2992);
#908=VERTEX_POINT('',#2994);
#909=VERTEX_POINT('',#2996);
#910=VERTEX_POINT('',#2998);
#911=VERTEX_POINT('',#3000);
#912=VERTEX_POINT('',#3002);
#913=VERTEX_POINT('',#3005);
#914=VERTEX_POINT('',#3006);
#915=VERTEX_POINT('',#3008);
#916=VERTEX_POINT('',#3010);
#917=VERTEX_POINT('',#3012);
#918=VERTEX_POINT('',#3014);
#919=VERTEX_POINT('',#3016);
#920=VERTEX_POINT('',#3018);
#921=VERTEX_POINT('',#3021);
#922=VERTEX_POINT('',#3022);
#923=VERTEX_POINT('',#3024);
#924=VERTEX_POINT('',#3026);
#925=VERTEX_POINT('',#3028);
#926=VERTEX_POINT('',#3030);
#927=VERTEX_POINT('',#3032);
#928=VERTEX_POINT('',#3034);
#929=VERTEX_POINT('',#3037);
#930=VERTEX_POINT('',#3038);
#931=VERTEX_POINT('',#3040);
#932=VERTEX_POINT('',#3042);
#933=VERTEX_POINT('',#3044);
#934=VERTEX_POINT('',#3046);
#935=VERTEX_POINT('',#3048);
#936=VERTEX_POINT('',#3050);
#937=VERTEX_POINT('',#3053);
#938=VERTEX_POINT('',#3054);
#939=VERTEX_POINT('',#3056);
#940=VERTEX_POINT('',#3058);
#941=VERTEX_POINT('',#3060);
#942=VERTEX_POINT('',#3062);
#943=VERTEX_POINT('',#3064);
#944=VERTEX_POINT('',#3066);
#945=VERTEX_POINT('',#3070);
#946=VERTEX_POINT('',#3072);
#947=VERTEX_POINT('',#3074);
#948=VERTEX_POINT('',#3077);
#949=VERTEX_POINT('',#3078);
#950=VERTEX_POINT('',#3080);
#951=VERTEX_POINT('',#3082);
#952=VERTEX_POINT('',#3086);
#953=VERTEX_POINT('',#3092);
#954=VERTEX_POINT('',#3096);
#955=VERTEX_POINT('',#3097);
#956=VERTEX_POINT('',#3102);
#957=VERTEX_POINT('',#3106);
#958=VERTEX_POINT('',#3110);
#959=VERTEX_POINT('',#3114);
#960=VERTEX_POINT('',#3118);
#961=VERTEX_POINT('',#3122);
#962=VERTEX_POINT('',#3128);
#963=VERTEX_POINT('',#3129);
#964=VERTEX_POINT('',#3134);
#965=VERTEX_POINT('',#3138);
#966=VERTEX_POINT('',#3142);
#967=VERTEX_POINT('',#3146);
#968=VERTEX_POINT('',#3150);
#969=VERTEX_POINT('',#3154);
#970=VERTEX_POINT('',#3160);
#971=VERTEX_POINT('',#3161);
#972=VERTEX_POINT('',#3166);
#973=VERTEX_POINT('',#3170);
#974=VERTEX_POINT('',#3174);
#975=VERTEX_POINT('',#3178);
#976=VERTEX_POINT('',#3182);
#977=VERTEX_POINT('',#3186);
#978=VERTEX_POINT('',#3192);
#979=VERTEX_POINT('',#3193);
#980=VERTEX_POINT('',#3198);
#981=VERTEX_POINT('',#3202);
#982=VERTEX_POINT('',#3206);
#983=VERTEX_POINT('',#3210);
#984=VERTEX_POINT('',#3214);
#985=VERTEX_POINT('',#3218);
#986=VERTEX_POINT('',#3224);
#987=VERTEX_POINT('',#3225);
#988=VERTEX_POINT('',#3230);
#989=VERTEX_POINT('',#3234);
#990=VERTEX_POINT('',#3238);
#991=VERTEX_POINT('',#3242);
#992=VERTEX_POINT('',#3246);
#993=VERTEX_POINT('',#3250);
#994=VERTEX_POINT('',#3256);
#995=VERTEX_POINT('',#3257);
#996=VERTEX_POINT('',#3262);
#997=VERTEX_POINT('',#3266);
#998=VERTEX_POINT('',#3270);
#999=VERTEX_POINT('',#3274);
#1000=VERTEX_POINT('',#3278);
#1001=VERTEX_POINT('',#3282);
#1002=VERTEX_POINT('',#3288);
#1003=VERTEX_POINT('',#3292);
#1004=VERTEX_POINT('',#3294);
#1005=VERTEX_POINT('',#3298);
#1006=VERTEX_POINT('',#3299);
#1007=VERTEX_POINT('',#3301);
#1008=VERTEX_POINT('',#3303);
#1009=VERTEX_POINT('',#3307);
#1010=VERTEX_POINT('',#3309);
#1011=VERTEX_POINT('',#3313);
#1012=VERTEX_POINT('',#3315);
#1013=VERTEX_POINT('',#3323);
#1014=VERTEX_POINT('',#3325);
#1015=VERTEX_POINT('',#3330);
#1016=VERTEX_POINT('',#3331);
#1017=VERTEX_POINT('',#3333);
#1018=VERTEX_POINT('',#3335);
#1019=VERTEX_POINT('',#3341);
#1020=VERTEX_POINT('',#3342);
#1021=VERTEX_POINT('',#3347);
#1022=VERTEX_POINT('',#3351);
#1023=VERTEX_POINT('',#3357);
#1024=VERTEX_POINT('',#3361);
#1025=VERTEX_POINT('',#3369);
#1026=VERTEX_POINT('',#3370);
#1027=VERTEX_POINT('',#3372);
#1028=VERTEX_POINT('',#3374);
#1029=VERTEX_POINT('',#3378);
#1030=VERTEX_POINT('',#3380);
#1031=VERTEX_POINT('',#3384);
#1032=VERTEX_POINT('',#3386);
#1033=VERTEX_POINT('',#3395);
#1034=VERTEX_POINT('',#3396);
#1035=VERTEX_POINT('',#3398);
#1036=VERTEX_POINT('',#3400);
#1037=VERTEX_POINT('',#3404);
#1038=VERTEX_POINT('',#3406);
#1039=VERTEX_POINT('',#3410);
#1040=VERTEX_POINT('',#3412);
#1041=VERTEX_POINT('',#3421);
#1042=VERTEX_POINT('',#3422);
#1043=VERTEX_POINT('',#3424);
#1044=VERTEX_POINT('',#3426);
#1045=VERTEX_POINT('',#3430);
#1046=VERTEX_POINT('',#3432);
#1047=VERTEX_POINT('',#3436);
#1048=VERTEX_POINT('',#3438);
#1049=VERTEX_POINT('',#3442);
#1050=VERTEX_POINT('',#3444);
#1051=VERTEX_POINT('',#3448);
#1052=VERTEX_POINT('',#3450);
#1053=VERTEX_POINT('',#3454);
#1054=VERTEX_POINT('',#3456);
#1055=VERTEX_POINT('',#3460);
#1056=VERTEX_POINT('',#3462);
#1057=VERTEX_POINT('',#3469);
#1058=VERTEX_POINT('',#3470);
#1059=VERTEX_POINT('',#3472);
#1060=VERTEX_POINT('',#3474);
#1061=VERTEX_POINT('',#3486);
#1062=VERTEX_POINT('',#3487);
#1063=VERTEX_POINT('',#3492);
#1064=VERTEX_POINT('',#3493);
#1065=VERTEX_POINT('',#3506);
#1066=VERTEX_POINT('',#3507);
#1067=VERTEX_POINT('',#3512);
#1068=VERTEX_POINT('',#3513);
#1069=VERTEX_POINT('',#3519);
#1070=VERTEX_POINT('',#3520);
#1071=VERTEX_POINT('',#3522);
#1072=VERTEX_POINT('',#3524);
#1073=VERTEX_POINT('',#3526);
#1074=VERTEX_POINT('',#3528);
#1075=VERTEX_POINT('',#3530);
#1076=VERTEX_POINT('',#3532);
#1077=VERTEX_POINT('',#3539);
#1078=VERTEX_POINT('',#3541);
#1079=VERTEX_POINT('',#3545);
#1080=VERTEX_POINT('',#3547);
#1081=VERTEX_POINT('',#3553);
#1082=VERTEX_POINT('',#3555);
#1083=VERTEX_POINT('',#3560);
#1084=VERTEX_POINT('',#3562);
#1085=EDGE_CURVE('',#887,#887,#809,.T.);
#1086=EDGE_CURVE('',#887,#888,#365,.T.);
#1087=EDGE_CURVE('',#888,#888,#810,.T.);
#1088=EDGE_CURVE('',#889,#890,#811,.T.);
#1089=EDGE_CURVE('',#890,#891,#366,.T.);
#1090=EDGE_CURVE('',#891,#892,#812,.T.);
#1091=EDGE_CURVE('',#892,#889,#367,.T.);
#1092=EDGE_CURVE('',#891,#893,#813,.T.);
#1093=EDGE_CURVE('',#893,#892,#814,.T.);
#1094=EDGE_CURVE('',#891,#894,#368,.T.);
#1095=EDGE_CURVE('',#895,#894,#815,.T.);
#1096=EDGE_CURVE('',#895,#893,#369,.T.);
#1097=EDGE_CURVE('',#890,#896,#370,.T.);
#1098=EDGE_CURVE('',#894,#896,#371,.T.);
#1099=EDGE_CURVE('',#897,#898,#372,.T.);
#1100=EDGE_CURVE('',#898,#899,#816,.T.);
#1101=EDGE_CURVE('',#899,#900,#373,.T.);
#1102=EDGE_CURVE('',#900,#901,#817,.T.);
#1103=EDGE_CURVE('',#901,#902,#374,.T.);
#1104=EDGE_CURVE('',#902,#903,#818,.T.);
#1105=EDGE_CURVE('',#903,#904,#375,.T.);
#1106=EDGE_CURVE('',#904,#897,#819,.T.);
#1107=EDGE_CURVE('',#905,#906,#376,.T.);
#1108=EDGE_CURVE('',#906,#907,#820,.T.);
#1109=EDGE_CURVE('',#907,#908,#377,.T.);
#1110=EDGE_CURVE('',#908,#909,#821,.T.);
#1111=EDGE_CURVE('',#909,#910,#378,.T.);
#1112=EDGE_CURVE('',#910,#911,#822,.T.);
#1113=EDGE_CURVE('',#911,#912,#379,.T.);
#1114=EDGE_CURVE('',#912,#905,#823,.T.);
#1115=EDGE_CURVE('',#913,#914,#380,.T.);
#1116=EDGE_CURVE('',#914,#915,#824,.T.);
#1117=EDGE_CURVE('',#915,#916,#381,.T.);
#1118=EDGE_CURVE('',#916,#917,#825,.T.);
#1119=EDGE_CURVE('',#917,#918,#382,.T.);
#1120=EDGE_CURVE('',#918,#919,#826,.T.);
#1121=EDGE_CURVE('',#919,#920,#383,.T.);
#1122=EDGE_CURVE('',#920,#913,#827,.T.);
#1123=EDGE_CURVE('',#921,#922,#384,.T.);
#1124=EDGE_CURVE('',#922,#923,#828,.T.);
#1125=EDGE_CURVE('',#923,#924,#385,.T.);
#1126=EDGE_CURVE('',#924,#925,#829,.T.);
#1127=EDGE_CURVE('',#925,#926,#386,.T.);
#1128=EDGE_CURVE('',#926,#927,#830,.T.);
#1129=EDGE_CURVE('',#927,#928,#387,.T.);
#1130=EDGE_CURVE('',#928,#921,#831,.T.);
#1131=EDGE_CURVE('',#929,#930,#388,.T.);
#1132=EDGE_CURVE('',#930,#931,#832,.T.);
#1133=EDGE_CURVE('',#931,#932,#389,.T.);
#1134=EDGE_CURVE('',#932,#933,#833,.T.);
#1135=EDGE_CURVE('',#933,#934,#390,.T.);
#1136=EDGE_CURVE('',#934,#935,#834,.T.);
#1137=EDGE_CURVE('',#935,#936,#391,.T.);
#1138=EDGE_CURVE('',#936,#929,#835,.T.);
#1139=EDGE_CURVE('',#937,#938,#392,.T.);
#1140=EDGE_CURVE('',#938,#939,#836,.T.);
#1141=EDGE_CURVE('',#939,#940,#393,.T.);
#1142=EDGE_CURVE('',#940,#941,#837,.T.);
#1143=EDGE_CURVE('',#941,#942,#394,.T.);
#1144=EDGE_CURVE('',#942,#943,#838,.T.);
#1145=EDGE_CURVE('',#943,#944,#395,.T.);
#1146=EDGE_CURVE('',#944,#937,#839,.T.);
#1147=EDGE_CURVE('',#945,#889,#396,.T.);
#1148=EDGE_CURVE('',#946,#945,#397,.T.);
#1149=EDGE_CURVE('',#946,#947,#398,.T.);
#1150=EDGE_CURVE('',#896,#947,#840,.T.);
#1151=EDGE_CURVE('',#948,#949,#399,.T.);
#1152=EDGE_CURVE('',#950,#949,#400,.T.);
#1153=EDGE_CURVE('',#951,#950,#401,.T.);
#1154=EDGE_CURVE('',#951,#948,#402,.T.);
#1155=EDGE_CURVE('',#947,#952,#403,.T.);
#1156=EDGE_CURVE('',#952,#894,#841,.T.);
#1157=EDGE_CURVE('',#952,#895,#842,.T.);
#1158=EDGE_CURVE('',#946,#953,#404,.T.);
#1159=EDGE_CURVE('',#952,#953,#405,.T.);
#1160=EDGE_CURVE('',#954,#955,#406,.T.);
#1161=EDGE_CURVE('',#942,#954,#407,.T.);
#1162=EDGE_CURVE('',#941,#955,#408,.T.);
#1163=EDGE_CURVE('',#955,#956,#843,.T.);
#1164=EDGE_CURVE('',#940,#956,#409,.T.);
#1165=EDGE_CURVE('',#956,#957,#410,.T.);
#1166=EDGE_CURVE('',#939,#957,#411,.T.);
#1167=EDGE_CURVE('',#957,#958,#844,.T.);
#1168=EDGE_CURVE('',#938,#958,#412,.T.);
#1169=EDGE_CURVE('',#958,#959,#413,.T.);
#1170=EDGE_CURVE('',#937,#959,#414,.T.);
#1171=EDGE_CURVE('',#959,#960,#845,.T.);
#1172=EDGE_CURVE('',#944,#960,#415,.T.);
#1173=EDGE_CURVE('',#960,#961,#416,.T.);
#1174=EDGE_CURVE('',#943,#961,#417,.T.);
#1175=EDGE_CURVE('',#961,#954,#846,.T.);
#1176=EDGE_CURVE('',#962,#963,#418,.T.);
#1177=EDGE_CURVE('',#934,#962,#419,.T.);
#1178=EDGE_CURVE('',#933,#963,#420,.T.);
#1179=EDGE_CURVE('',#963,#964,#847,.T.);
#1180=EDGE_CURVE('',#932,#964,#421,.T.);
#1181=EDGE_CURVE('',#964,#965,#422,.T.);
#1182=EDGE_CURVE('',#931,#965,#423,.T.);
#1183=EDGE_CURVE('',#965,#966,#848,.T.);
#1184=EDGE_CURVE('',#930,#966,#424,.T.);
#1185=EDGE_CURVE('',#966,#967,#425,.T.);
#1186=EDGE_CURVE('',#929,#967,#426,.T.);
#1187=EDGE_CURVE('',#967,#968,#849,.T.);
#1188=EDGE_CURVE('',#936,#968,#427,.T.);
#1189=EDGE_CURVE('',#968,#969,#428,.T.);
#1190=EDGE_CURVE('',#935,#969,#429,.T.);
#1191=EDGE_CURVE('',#969,#962,#850,.T.);
#1192=EDGE_CURVE('',#970,#971,#430,.T.);
#1193=EDGE_CURVE('',#926,#970,#431,.T.);
#1194=EDGE_CURVE('',#925,#971,#432,.T.);
#1195=EDGE_CURVE('',#971,#972,#851,.T.);
#1196=EDGE_CURVE('',#924,#972,#433,.T.);
#1197=EDGE_CURVE('',#972,#973,#434,.T.);
#1198=EDGE_CURVE('',#923,#973,#435,.T.);
#1199=EDGE_CURVE('',#973,#974,#852,.T.);
#1200=EDGE_CURVE('',#922,#974,#436,.T.);
#1201=EDGE_CURVE('',#974,#975,#437,.T.);
#1202=EDGE_CURVE('',#921,#975,#438,.T.);
#1203=EDGE_CURVE('',#975,#976,#853,.T.);
#1204=EDGE_CURVE('',#928,#976,#439,.T.);
#1205=EDGE_CURVE('',#976,#977,#440,.T.);
#1206=EDGE_CURVE('',#927,#977,#441,.T.);
#1207=EDGE_CURVE('',#977,#970,#854,.T.);
#1208=EDGE_CURVE('',#978,#979,#442,.T.);
#1209=EDGE_CURVE('',#918,#978,#443,.T.);
#1210=EDGE_CURVE('',#917,#979,#444,.T.);
#1211=EDGE_CURVE('',#979,#980,#855,.T.);
#1212=EDGE_CURVE('',#916,#980,#445,.T.);
#1213=EDGE_CURVE('',#980,#981,#446,.T.);
#1214=EDGE_CURVE('',#915,#981,#447,.T.);
#1215=EDGE_CURVE('',#981,#982,#856,.T.);
#1216=EDGE_CURVE('',#914,#982,#448,.T.);
#1217=EDGE_CURVE('',#982,#983,#449,.T.);
#1218=EDGE_CURVE('',#913,#983,#450,.T.);
#1219=EDGE_CURVE('',#983,#984,#857,.T.);
#1220=EDGE_CURVE('',#920,#984,#451,.T.);
#1221=EDGE_CURVE('',#984,#985,#452,.T.);
#1222=EDGE_CURVE('',#919,#985,#453,.T.);
#1223=EDGE_CURVE('',#985,#978,#858,.T.);
#1224=EDGE_CURVE('',#986,#987,#454,.T.);
#1225=EDGE_CURVE('',#910,#986,#455,.T.);
#1226=EDGE_CURVE('',#909,#987,#456,.T.);
#1227=EDGE_CURVE('',#987,#988,#859,.T.);
#1228=EDGE_CURVE('',#908,#988,#457,.T.);
#1229=EDGE_CURVE('',#988,#989,#458,.T.);
#1230=EDGE_CURVE('',#907,#989,#459,.T.);
#1231=EDGE_CURVE('',#989,#990,#860,.T.);
#1232=EDGE_CURVE('',#906,#990,#460,.T.);
#1233=EDGE_CURVE('',#990,#991,#461,.T.);
#1234=EDGE_CURVE('',#905,#991,#462,.T.);
#1235=EDGE_CURVE('',#991,#992,#861,.T.);
#1236=EDGE_CURVE('',#912,#992,#463,.T.);
#1237=EDGE_CURVE('',#992,#993,#464,.T.);
#1238=EDGE_CURVE('',#911,#993,#465,.T.);
#1239=EDGE_CURVE('',#993,#986,#862,.T.);
#1240=EDGE_CURVE('',#994,#995,#466,.T.);
#1241=EDGE_CURVE('',#902,#994,#467,.T.);
#1242=EDGE_CURVE('',#901,#995,#468,.T.);
#1243=EDGE_CURVE('',#995,#996,#863,.T.);
#1244=EDGE_CURVE('',#900,#996,#469,.T.);
#1245=EDGE_CURVE('',#996,#997,#470,.T.);
#1246=EDGE_CURVE('',#899,#997,#471,.T.);
#1247=EDGE_CURVE('',#997,#998,#864,.T.);
#1248=EDGE_CURVE('',#898,#998,#472,.T.);
#1249=EDGE_CURVE('',#998,#999,#473,.T.);
#1250=EDGE_CURVE('',#897,#999,#474,.T.);
#1251=EDGE_CURVE('',#999,#1000,#865,.T.);
#1252=EDGE_CURVE('',#904,#1000,#475,.T.);
#1253=EDGE_CURVE('',#1000,#1001,#476,.T.);
#1254=EDGE_CURVE('',#903,#1001,#477,.T.);
#1255=EDGE_CURVE('',#1001,#994,#866,.T.);
#1256=EDGE_CURVE('',#953,#1002,#867,.T.);
#1257=EDGE_CURVE('',#1002,#895,#478,.T.);
#1258=EDGE_CURVE('',#949,#1003,#479,.T.);
#1259=EDGE_CURVE('',#1003,#1004,#480,.T.);
#1260=EDGE_CURVE('',#950,#1004,#481,.T.);
#1261=EDGE_CURVE('',#1005,#1006,#482,.T.);
#1262=EDGE_CURVE('',#1005,#1007,#483,.T.);
#1263=EDGE_CURVE('',#1008,#1007,#484,.T.);
#1264=EDGE_CURVE('',#1006,#1008,#485,.T.);
#1265=EDGE_CURVE('',#1006,#1009,#486,.T.);
#1266=EDGE_CURVE('',#1010,#1008,#487,.T.);
#1267=EDGE_CURVE('',#1009,#1010,#488,.T.);
#1268=EDGE_CURVE('',#1009,#1011,#489,.T.);
#1269=EDGE_CURVE('',#1012,#1010,#490,.T.);
#1270=EDGE_CURVE('',#1011,#1012,#491,.T.);
#1271=EDGE_CURVE('',#1011,#1005,#492,.T.);
#1272=EDGE_CURVE('',#1007,#1012,#493,.T.);
#1273=EDGE_CURVE('',#893,#1013,#494,.T.);
#1274=EDGE_CURVE('',#1013,#1014,#868,.T.);
#1275=EDGE_CURVE('',#1014,#892,#495,.T.);
#1276=EDGE_CURVE('',#1002,#1013,#496,.T.);
#1277=EDGE_CURVE('',#1015,#1016,#497,.T.);
#1278=EDGE_CURVE('',#1016,#1017,#498,.T.);
#1279=EDGE_CURVE('',#1017,#1018,#499,.T.);
#1280=EDGE_CURVE('',#1018,#1015,#500,.T.);
#1281=EDGE_CURVE('',#945,#1014,#501,.T.);
#1282=EDGE_CURVE('',#1019,#1020,#502,.T.);
#1283=EDGE_CURVE('',#1019,#1018,#503,.T.);
#1284=EDGE_CURVE('',#1020,#1017,#504,.T.);
#1285=EDGE_CURVE('',#1020,#1021,#505,.T.);
#1286=EDGE_CURVE('',#1021,#1016,#506,.T.);
#1287=EDGE_CURVE('',#1021,#1022,#507,.T.);
#1288=EDGE_CURVE('',#1022,#1015,#508,.T.);
#1289=EDGE_CURVE('',#1022,#1019,#509,.T.);
#1290=EDGE_CURVE('',#948,#1023,#510,.T.);
#1291=EDGE_CURVE('',#1023,#1003,#511,.T.);
#1292=EDGE_CURVE('',#951,#1024,#512,.T.);
#1293=EDGE_CURVE('',#1024,#1023,#513,.T.);
#1294=EDGE_CURVE('',#1004,#1024,#514,.T.);
#1295=EDGE_CURVE('',#1025,#1026,#515,.T.);
#1296=EDGE_CURVE('',#1025,#1027,#516,.T.);
#1297=EDGE_CURVE('',#1028,#1027,#517,.T.);
#1298=EDGE_CURVE('',#1026,#1028,#518,.T.);
#1299=EDGE_CURVE('',#1026,#1029,#519,.T.);
#1300=EDGE_CURVE('',#1030,#1028,#520,.T.);
#1301=EDGE_CURVE('',#1029,#1030,#521,.T.);
#1302=EDGE_CURVE('',#1029,#1031,#522,.T.);
#1303=EDGE_CURVE('',#1032,#1030,#523,.T.);
#1304=EDGE_CURVE('',#1031,#1032,#524,.T.);
#1305=EDGE_CURVE('',#1031,#1025,#525,.T.);
#1306=EDGE_CURVE('',#1027,#1032,#526,.T.);
#1307=EDGE_CURVE('',#1033,#1034,#527,.T.);
#1308=EDGE_CURVE('',#1033,#1035,#528,.T.);
#1309=EDGE_CURVE('',#1036,#1035,#529,.T.);
#1310=EDGE_CURVE('',#1034,#1036,#530,.T.);
#1311=EDGE_CURVE('',#1034,#1037,#531,.T.);
#1312=EDGE_CURVE('',#1038,#1036,#532,.T.);
#1313=EDGE_CURVE('',#1037,#1038,#533,.T.);
#1314=EDGE_CURVE('',#1037,#1039,#534,.T.);
#1315=EDGE_CURVE('',#1040,#1038,#535,.T.);
#1316=EDGE_CURVE('',#1039,#1040,#536,.T.);
#1317=EDGE_CURVE('',#1039,#1033,#537,.T.);
#1318=EDGE_CURVE('',#1035,#1040,#538,.T.);
#1319=EDGE_CURVE('',#1041,#1042,#869,.T.);
#1320=EDGE_CURVE('',#1042,#1043,#539,.T.);
#1321=EDGE_CURVE('',#1043,#1044,#870,.T.);
#1322=EDGE_CURVE('',#1044,#1041,#540,.T.);
#1323=EDGE_CURVE('',#1042,#1045,#541,.T.);
#1324=EDGE_CURVE('',#1046,#1045,#542,.T.);
#1325=EDGE_CURVE('',#1043,#1046,#543,.T.);
#1326=EDGE_CURVE('',#1045,#1047,#871,.T.);
#1327=EDGE_CURVE('',#1047,#1048,#544,.T.);
#1328=EDGE_CURVE('',#1048,#1046,#872,.T.);
#1329=EDGE_CURVE('',#1047,#1049,#545,.T.);
#1330=EDGE_CURVE('',#1050,#1049,#546,.T.);
#1331=EDGE_CURVE('',#1048,#1050,#547,.T.);
#1332=EDGE_CURVE('',#1051,#1044,#548,.T.);
#1333=EDGE_CURVE('',#1052,#1051,#549,.T.);
#1334=EDGE_CURVE('',#1052,#1041,#550,.T.);
#1335=EDGE_CURVE('',#1051,#1053,#873,.T.);
#1336=EDGE_CURVE('',#1053,#1054,#551,.T.);
#1337=EDGE_CURVE('',#1054,#1052,#874,.T.);
#1338=EDGE_CURVE('',#1055,#1053,#552,.T.);
#1339=EDGE_CURVE('',#1056,#1055,#553,.T.);
#1340=EDGE_CURVE('',#1056,#1054,#554,.T.);
#1341=EDGE_CURVE('',#1049,#1056,#875,.T.);
#1342=EDGE_CURVE('',#1055,#1050,#876,.T.);
#1343=EDGE_CURVE('',#1057,#1058,#877,.T.);
#1344=EDGE_CURVE('',#1058,#1059,#555,.T.);
#1345=EDGE_CURVE('',#1059,#1060,#878,.T.);
#1346=EDGE_CURVE('',#1057,#1060,#556,.T.);
#1347=EDGE_CURVE('',#1061,#1062,#879,.T.);
#1348=EDGE_CURVE('',#1062,#1060,#880,.T.);
#1349=EDGE_CURVE('',#1059,#1061,#881,.T.);
#1350=EDGE_CURVE('',#1063,#1064,#882,.T.);
#1351=EDGE_CURVE('',#1062,#1064,#557,.T.);
#1352=EDGE_CURVE('',#1061,#1063,#558,.T.);
#1353=EDGE_CURVE('',#1065,#1066,#883,.T.);
#1354=EDGE_CURVE('',#1066,#1064,#884,.T.);
#1355=EDGE_CURVE('',#1063,#1065,#885,.T.);
#1356=EDGE_CURVE('',#1067,#1068,#886,.T.);
#1357=EDGE_CURVE('',#1066,#1068,#559,.T.);
#1358=EDGE_CURVE('',#1065,#1067,#560,.T.);
#1359=EDGE_CURVE('',#1058,#1067,#561,.T.);
#1360=EDGE_CURVE('',#1069,#1070,#562,.T.);
#1361=EDGE_CURVE('',#1069,#1071,#563,.T.);
#1362=EDGE_CURVE('',#1072,#1071,#564,.T.);
#1363=EDGE_CURVE('',#1073,#1072,#565,.T.);
#1364=EDGE_CURVE('',#1074,#1073,#566,.T.);
#1365=EDGE_CURVE('',#1074,#1075,#567,.T.);
#1366=EDGE_CURVE('',#1075,#1076,#568,.T.);
#1367=EDGE_CURVE('',#1076,#1070,#569,.T.);
#1368=EDGE_CURVE('',#1068,#1057,#570,.T.);
#1369=EDGE_CURVE('',#1069,#1077,#571,.T.);
#1370=EDGE_CURVE('',#1078,#1077,#572,.T.);
#1371=EDGE_CURVE('',#1071,#1078,#573,.T.);
#1372=EDGE_CURVE('',#1079,#1076,#574,.T.);
#1373=EDGE_CURVE('',#1080,#1079,#575,.T.);
#1374=EDGE_CURVE('',#1070,#1080,#576,.T.);
#1375=EDGE_CURVE('',#1077,#1080,#577,.T.);
#1376=EDGE_CURVE('',#1075,#1081,#578,.T.);
#1377=EDGE_CURVE('',#1082,#1074,#579,.T.);
#1378=EDGE_CURVE('',#1081,#1082,#580,.T.);
#1379=EDGE_CURVE('',#1079,#1081,#581,.T.);
#1380=EDGE_CURVE('',#1082,#1083,#582,.T.);
#1381=EDGE_CURVE('',#1083,#1084,#583,.T.);
#1382=EDGE_CURVE('',#1084,#1078,#584,.T.);
#1383=EDGE_CURVE('',#1072,#1084,#585,.T.);
#1384=EDGE_CURVE('',#1073,#1083,#586,.T.);
#1385=ORIENTED_EDGE('',*,*,#1085,.F.);
#1386=ORIENTED_EDGE('',*,*,#1086,.T.);
#1387=ORIENTED_EDGE('',*,*,#1087,.F.);
#1388=ORIENTED_EDGE('',*,*,#1086,.F.);
#1389=ORIENTED_EDGE('',*,*,#1088,.T.);
#1390=ORIENTED_EDGE('',*,*,#1089,.T.);
#1391=ORIENTED_EDGE('',*,*,#1090,.T.);
#1392=ORIENTED_EDGE('',*,*,#1091,.T.);
#1393=ORIENTED_EDGE('',*,*,#1090,.F.);
#1394=ORIENTED_EDGE('',*,*,#1092,.T.);
#1395=ORIENTED_EDGE('',*,*,#1093,.T.);
#1396=ORIENTED_EDGE('',*,*,#1092,.F.);
#1397=ORIENTED_EDGE('',*,*,#1094,.T.);
#1398=ORIENTED_EDGE('',*,*,#1095,.F.);
#1399=ORIENTED_EDGE('',*,*,#1096,.T.);
#1400=ORIENTED_EDGE('',*,*,#1089,.F.);
#1401=ORIENTED_EDGE('',*,*,#1097,.T.);
#1402=ORIENTED_EDGE('',*,*,#1098,.F.);
#1403=ORIENTED_EDGE('',*,*,#1094,.F.);
#1404=ORIENTED_EDGE('',*,*,#1099,.T.);
#1405=ORIENTED_EDGE('',*,*,#1100,.T.);
#1406=ORIENTED_EDGE('',*,*,#1101,.T.);
#1407=ORIENTED_EDGE('',*,*,#1102,.T.);
#1408=ORIENTED_EDGE('',*,*,#1103,.T.);
#1409=ORIENTED_EDGE('',*,*,#1104,.T.);
#1410=ORIENTED_EDGE('',*,*,#1105,.T.);
#1411=ORIENTED_EDGE('',*,*,#1106,.T.);
#1412=ORIENTED_EDGE('',*,*,#1107,.T.);
#1413=ORIENTED_EDGE('',*,*,#1108,.T.);
#1414=ORIENTED_EDGE('',*,*,#1109,.T.);
#1415=ORIENTED_EDGE('',*,*,#1110,.T.);
#1416=ORIENTED_EDGE('',*,*,#1111,.T.);
#1417=ORIENTED_EDGE('',*,*,#1112,.T.);
#1418=ORIENTED_EDGE('',*,*,#1113,.T.);
#1419=ORIENTED_EDGE('',*,*,#1114,.T.);
#1420=ORIENTED_EDGE('',*,*,#1115,.T.);
#1421=ORIENTED_EDGE('',*,*,#1116,.T.);
#1422=ORIENTED_EDGE('',*,*,#1117,.T.);
#1423=ORIENTED_EDGE('',*,*,#1118,.T.);
#1424=ORIENTED_EDGE('',*,*,#1119,.T.);
#1425=ORIENTED_EDGE('',*,*,#1120,.T.);
#1426=ORIENTED_EDGE('',*,*,#1121,.T.);
#1427=ORIENTED_EDGE('',*,*,#1122,.T.);
#1428=ORIENTED_EDGE('',*,*,#1123,.T.);
#1429=ORIENTED_EDGE('',*,*,#1124,.T.);
#1430=ORIENTED_EDGE('',*,*,#1125,.T.);
#1431=ORIENTED_EDGE('',*,*,#1126,.T.);
#1432=ORIENTED_EDGE('',*,*,#1127,.T.);
#1433=ORIENTED_EDGE('',*,*,#1128,.T.);
#1434=ORIENTED_EDGE('',*,*,#1129,.T.);
#1435=ORIENTED_EDGE('',*,*,#1130,.T.);
#1436=ORIENTED_EDGE('',*,*,#1131,.T.);
#1437=ORIENTED_EDGE('',*,*,#1132,.T.);
#1438=ORIENTED_EDGE('',*,*,#1133,.T.);
#1439=ORIENTED_EDGE('',*,*,#1134,.T.);
#1440=ORIENTED_EDGE('',*,*,#1135,.T.);
#1441=ORIENTED_EDGE('',*,*,#1136,.T.);
#1442=ORIENTED_EDGE('',*,*,#1137,.T.);
#1443=ORIENTED_EDGE('',*,*,#1138,.T.);
#1444=ORIENTED_EDGE('',*,*,#1139,.T.);
#1445=ORIENTED_EDGE('',*,*,#1140,.T.);
#1446=ORIENTED_EDGE('',*,*,#1141,.T.);
#1447=ORIENTED_EDGE('',*,*,#1142,.T.);
#1448=ORIENTED_EDGE('',*,*,#1143,.T.);
#1449=ORIENTED_EDGE('',*,*,#1144,.T.);
#1450=ORIENTED_EDGE('',*,*,#1145,.T.);
#1451=ORIENTED_EDGE('',*,*,#1146,.T.);
#1452=ORIENTED_EDGE('',*,*,#1088,.F.);
#1453=ORIENTED_EDGE('',*,*,#1147,.F.);
#1454=ORIENTED_EDGE('',*,*,#1148,.F.);
#1455=ORIENTED_EDGE('',*,*,#1149,.T.);
#1456=ORIENTED_EDGE('',*,*,#1150,.F.);
#1457=ORIENTED_EDGE('',*,*,#1097,.F.);
#1458=ORIENTED_EDGE('',*,*,#1151,.T.);
#1459=ORIENTED_EDGE('',*,*,#1152,.F.);
#1460=ORIENTED_EDGE('',*,*,#1153,.F.);
#1461=ORIENTED_EDGE('',*,*,#1154,.T.);
#1462=ORIENTED_EDGE('',*,*,#1150,.T.);
#1463=ORIENTED_EDGE('',*,*,#1155,.T.);
#1464=ORIENTED_EDGE('',*,*,#1156,.T.);
#1465=ORIENTED_EDGE('',*,*,#1098,.T.);
#1466=ORIENTED_EDGE('',*,*,#1156,.F.);
#1467=ORIENTED_EDGE('',*,*,#1157,.T.);
#1468=ORIENTED_EDGE('',*,*,#1095,.T.);
#1469=ORIENTED_EDGE('',*,*,#1155,.F.);
#1470=ORIENTED_EDGE('',*,*,#1149,.F.);
#1471=ORIENTED_EDGE('',*,*,#1158,.T.);
#1472=ORIENTED_EDGE('',*,*,#1159,.F.);
#1473=ORIENTED_EDGE('',*,*,#1160,.F.);
#1474=ORIENTED_EDGE('',*,*,#1161,.F.);
#1475=ORIENTED_EDGE('',*,*,#1143,.F.);
#1476=ORIENTED_EDGE('',*,*,#1162,.T.);
#1477=ORIENTED_EDGE('',*,*,#1163,.F.);
#1478=ORIENTED_EDGE('',*,*,#1162,.F.);
#1479=ORIENTED_EDGE('',*,*,#1142,.F.);
#1480=ORIENTED_EDGE('',*,*,#1164,.T.);
#1481=ORIENTED_EDGE('',*,*,#1165,.F.);
#1482=ORIENTED_EDGE('',*,*,#1164,.F.);
#1483=ORIENTED_EDGE('',*,*,#1141,.F.);
#1484=ORIENTED_EDGE('',*,*,#1166,.T.);
#1485=ORIENTED_EDGE('',*,*,#1167,.F.);
#1486=ORIENTED_EDGE('',*,*,#1166,.F.);
#1487=ORIENTED_EDGE('',*,*,#1140,.F.);
#1488=ORIENTED_EDGE('',*,*,#1168,.T.);
#1489=ORIENTED_EDGE('',*,*,#1169,.F.);
#1490=ORIENTED_EDGE('',*,*,#1168,.F.);
#1491=ORIENTED_EDGE('',*,*,#1139,.F.);
#1492=ORIENTED_EDGE('',*,*,#1170,.T.);
#1493=ORIENTED_EDGE('',*,*,#1171,.F.);
#1494=ORIENTED_EDGE('',*,*,#1170,.F.);
#1495=ORIENTED_EDGE('',*,*,#1146,.F.);
#1496=ORIENTED_EDGE('',*,*,#1172,.T.);
#1497=ORIENTED_EDGE('',*,*,#1173,.F.);
#1498=ORIENTED_EDGE('',*,*,#1172,.F.);
#1499=ORIENTED_EDGE('',*,*,#1145,.F.);
#1500=ORIENTED_EDGE('',*,*,#1174,.T.);
#1501=ORIENTED_EDGE('',*,*,#1175,.F.);
#1502=ORIENTED_EDGE('',*,*,#1174,.F.);
#1503=ORIENTED_EDGE('',*,*,#1144,.F.);
#1504=ORIENTED_EDGE('',*,*,#1161,.T.);
#1505=ORIENTED_EDGE('',*,*,#1176,.F.);
#1506=ORIENTED_EDGE('',*,*,#1177,.F.);
#1507=ORIENTED_EDGE('',*,*,#1135,.F.);
#1508=ORIENTED_EDGE('',*,*,#1178,.T.);
#1509=ORIENTED_EDGE('',*,*,#1179,.F.);
#1510=ORIENTED_EDGE('',*,*,#1178,.F.);
#1511=ORIENTED_EDGE('',*,*,#1134,.F.);
#1512=ORIENTED_EDGE('',*,*,#1180,.T.);
#1513=ORIENTED_EDGE('',*,*,#1181,.F.);
#1514=ORIENTED_EDGE('',*,*,#1180,.F.);
#1515=ORIENTED_EDGE('',*,*,#1133,.F.);
#1516=ORIENTED_EDGE('',*,*,#1182,.T.);
#1517=ORIENTED_EDGE('',*,*,#1183,.F.);
#1518=ORIENTED_EDGE('',*,*,#1182,.F.);
#1519=ORIENTED_EDGE('',*,*,#1132,.F.);
#1520=ORIENTED_EDGE('',*,*,#1184,.T.);
#1521=ORIENTED_EDGE('',*,*,#1185,.F.);
#1522=ORIENTED_EDGE('',*,*,#1184,.F.);
#1523=ORIENTED_EDGE('',*,*,#1131,.F.);
#1524=ORIENTED_EDGE('',*,*,#1186,.T.);
#1525=ORIENTED_EDGE('',*,*,#1187,.F.);
#1526=ORIENTED_EDGE('',*,*,#1186,.F.);
#1527=ORIENTED_EDGE('',*,*,#1138,.F.);
#1528=ORIENTED_EDGE('',*,*,#1188,.T.);
#1529=ORIENTED_EDGE('',*,*,#1189,.F.);
#1530=ORIENTED_EDGE('',*,*,#1188,.F.);
#1531=ORIENTED_EDGE('',*,*,#1137,.F.);
#1532=ORIENTED_EDGE('',*,*,#1190,.T.);
#1533=ORIENTED_EDGE('',*,*,#1191,.F.);
#1534=ORIENTED_EDGE('',*,*,#1190,.F.);
#1535=ORIENTED_EDGE('',*,*,#1136,.F.);
#1536=ORIENTED_EDGE('',*,*,#1177,.T.);
#1537=ORIENTED_EDGE('',*,*,#1192,.F.);
#1538=ORIENTED_EDGE('',*,*,#1193,.F.);
#1539=ORIENTED_EDGE('',*,*,#1127,.F.);
#1540=ORIENTED_EDGE('',*,*,#1194,.T.);
#1541=ORIENTED_EDGE('',*,*,#1195,.F.);
#1542=ORIENTED_EDGE('',*,*,#1194,.F.);
#1543=ORIENTED_EDGE('',*,*,#1126,.F.);
#1544=ORIENTED_EDGE('',*,*,#1196,.T.);
#1545=ORIENTED_EDGE('',*,*,#1197,.F.);
#1546=ORIENTED_EDGE('',*,*,#1196,.F.);
#1547=ORIENTED_EDGE('',*,*,#1125,.F.);
#1548=ORIENTED_EDGE('',*,*,#1198,.T.);
#1549=ORIENTED_EDGE('',*,*,#1199,.F.);
#1550=ORIENTED_EDGE('',*,*,#1198,.F.);
#1551=ORIENTED_EDGE('',*,*,#1124,.F.);
#1552=ORIENTED_EDGE('',*,*,#1200,.T.);
#1553=ORIENTED_EDGE('',*,*,#1201,.F.);
#1554=ORIENTED_EDGE('',*,*,#1200,.F.);
#1555=ORIENTED_EDGE('',*,*,#1123,.F.);
#1556=ORIENTED_EDGE('',*,*,#1202,.T.);
#1557=ORIENTED_EDGE('',*,*,#1203,.F.);
#1558=ORIENTED_EDGE('',*,*,#1202,.F.);
#1559=ORIENTED_EDGE('',*,*,#1130,.F.);
#1560=ORIENTED_EDGE('',*,*,#1204,.T.);
#1561=ORIENTED_EDGE('',*,*,#1205,.F.);
#1562=ORIENTED_EDGE('',*,*,#1204,.F.);
#1563=ORIENTED_EDGE('',*,*,#1129,.F.);
#1564=ORIENTED_EDGE('',*,*,#1206,.T.);
#1565=ORIENTED_EDGE('',*,*,#1207,.F.);
#1566=ORIENTED_EDGE('',*,*,#1206,.F.);
#1567=ORIENTED_EDGE('',*,*,#1128,.F.);
#1568=ORIENTED_EDGE('',*,*,#1193,.T.);
#1569=ORIENTED_EDGE('',*,*,#1208,.F.);
#1570=ORIENTED_EDGE('',*,*,#1209,.F.);
#1571=ORIENTED_EDGE('',*,*,#1119,.F.);
#1572=ORIENTED_EDGE('',*,*,#1210,.T.);
#1573=ORIENTED_EDGE('',*,*,#1211,.F.);
#1574=ORIENTED_EDGE('',*,*,#1210,.F.);
#1575=ORIENTED_EDGE('',*,*,#1118,.F.);
#1576=ORIENTED_EDGE('',*,*,#1212,.T.);
#1577=ORIENTED_EDGE('',*,*,#1213,.F.);
#1578=ORIENTED_EDGE('',*,*,#1212,.F.);
#1579=ORIENTED_EDGE('',*,*,#1117,.F.);
#1580=ORIENTED_EDGE('',*,*,#1214,.T.);
#1581=ORIENTED_EDGE('',*,*,#1215,.F.);
#1582=ORIENTED_EDGE('',*,*,#1214,.F.);
#1583=ORIENTED_EDGE('',*,*,#1116,.F.);
#1584=ORIENTED_EDGE('',*,*,#1216,.T.);
#1585=ORIENTED_EDGE('',*,*,#1217,.F.);
#1586=ORIENTED_EDGE('',*,*,#1216,.F.);
#1587=ORIENTED_EDGE('',*,*,#1115,.F.);
#1588=ORIENTED_EDGE('',*,*,#1218,.T.);
#1589=ORIENTED_EDGE('',*,*,#1219,.F.);
#1590=ORIENTED_EDGE('',*,*,#1218,.F.);
#1591=ORIENTED_EDGE('',*,*,#1122,.F.);
#1592=ORIENTED_EDGE('',*,*,#1220,.T.);
#1593=ORIENTED_EDGE('',*,*,#1221,.F.);
#1594=ORIENTED_EDGE('',*,*,#1220,.F.);
#1595=ORIENTED_EDGE('',*,*,#1121,.F.);
#1596=ORIENTED_EDGE('',*,*,#1222,.T.);
#1597=ORIENTED_EDGE('',*,*,#1223,.F.);
#1598=ORIENTED_EDGE('',*,*,#1222,.F.);
#1599=ORIENTED_EDGE('',*,*,#1120,.F.);
#1600=ORIENTED_EDGE('',*,*,#1209,.T.);
#1601=ORIENTED_EDGE('',*,*,#1224,.F.);
#1602=ORIENTED_EDGE('',*,*,#1225,.F.);
#1603=ORIENTED_EDGE('',*,*,#1111,.F.);
#1604=ORIENTED_EDGE('',*,*,#1226,.T.);
#1605=ORIENTED_EDGE('',*,*,#1227,.F.);
#1606=ORIENTED_EDGE('',*,*,#1226,.F.);
#1607=ORIENTED_EDGE('',*,*,#1110,.F.);
#1608=ORIENTED_EDGE('',*,*,#1228,.T.);
#1609=ORIENTED_EDGE('',*,*,#1229,.F.);
#1610=ORIENTED_EDGE('',*,*,#1228,.F.);
#1611=ORIENTED_EDGE('',*,*,#1109,.F.);
#1612=ORIENTED_EDGE('',*,*,#1230,.T.);
#1613=ORIENTED_EDGE('',*,*,#1231,.F.);
#1614=ORIENTED_EDGE('',*,*,#1230,.F.);
#1615=ORIENTED_EDGE('',*,*,#1108,.F.);
#1616=ORIENTED_EDGE('',*,*,#1232,.T.);
#1617=ORIENTED_EDGE('',*,*,#1233,.F.);
#1618=ORIENTED_EDGE('',*,*,#1232,.F.);
#1619=ORIENTED_EDGE('',*,*,#1107,.F.);
#1620=ORIENTED_EDGE('',*,*,#1234,.T.);
#1621=ORIENTED_EDGE('',*,*,#1235,.F.);
#1622=ORIENTED_EDGE('',*,*,#1234,.F.);
#1623=ORIENTED_EDGE('',*,*,#1114,.F.);
#1624=ORIENTED_EDGE('',*,*,#1236,.T.);
#1625=ORIENTED_EDGE('',*,*,#1237,.F.);
#1626=ORIENTED_EDGE('',*,*,#1236,.F.);
#1627=ORIENTED_EDGE('',*,*,#1113,.F.);
#1628=ORIENTED_EDGE('',*,*,#1238,.T.);
#1629=ORIENTED_EDGE('',*,*,#1239,.F.);
#1630=ORIENTED_EDGE('',*,*,#1238,.F.);
#1631=ORIENTED_EDGE('',*,*,#1112,.F.);
#1632=ORIENTED_EDGE('',*,*,#1225,.T.);
#1633=ORIENTED_EDGE('',*,*,#1240,.F.);
#1634=ORIENTED_EDGE('',*,*,#1241,.F.);
#1635=ORIENTED_EDGE('',*,*,#1103,.F.);
#1636=ORIENTED_EDGE('',*,*,#1242,.T.);
#1637=ORIENTED_EDGE('',*,*,#1243,.F.);
#1638=ORIENTED_EDGE('',*,*,#1242,.F.);
#1639=ORIENTED_EDGE('',*,*,#1102,.F.);
#1640=ORIENTED_EDGE('',*,*,#1244,.T.);
#1641=ORIENTED_EDGE('',*,*,#1245,.F.);
#1642=ORIENTED_EDGE('',*,*,#1244,.F.);
#1643=ORIENTED_EDGE('',*,*,#1101,.F.);
#1644=ORIENTED_EDGE('',*,*,#1246,.T.);
#1645=ORIENTED_EDGE('',*,*,#1247,.F.);
#1646=ORIENTED_EDGE('',*,*,#1246,.F.);
#1647=ORIENTED_EDGE('',*,*,#1100,.F.);
#1648=ORIENTED_EDGE('',*,*,#1248,.T.);
#1649=ORIENTED_EDGE('',*,*,#1249,.F.);
#1650=ORIENTED_EDGE('',*,*,#1248,.F.);
#1651=ORIENTED_EDGE('',*,*,#1099,.F.);
#1652=ORIENTED_EDGE('',*,*,#1250,.T.);
#1653=ORIENTED_EDGE('',*,*,#1251,.F.);
#1654=ORIENTED_EDGE('',*,*,#1250,.F.);
#1655=ORIENTED_EDGE('',*,*,#1106,.F.);
#1656=ORIENTED_EDGE('',*,*,#1252,.T.);
#1657=ORIENTED_EDGE('',*,*,#1253,.F.);
#1658=ORIENTED_EDGE('',*,*,#1252,.F.);
#1659=ORIENTED_EDGE('',*,*,#1105,.F.);
#1660=ORIENTED_EDGE('',*,*,#1254,.T.);
#1661=ORIENTED_EDGE('',*,*,#1255,.F.);
#1662=ORIENTED_EDGE('',*,*,#1254,.F.);
#1663=ORIENTED_EDGE('',*,*,#1104,.F.);
#1664=ORIENTED_EDGE('',*,*,#1241,.T.);
#1665=ORIENTED_EDGE('',*,*,#1157,.F.);
#1666=ORIENTED_EDGE('',*,*,#1159,.T.);
#1667=ORIENTED_EDGE('',*,*,#1256,.T.);
#1668=ORIENTED_EDGE('',*,*,#1257,.T.);
#1669=ORIENTED_EDGE('',*,*,#1152,.T.);
#1670=ORIENTED_EDGE('',*,*,#1258,.T.);
#1671=ORIENTED_EDGE('',*,*,#1259,.T.);
#1672=ORIENTED_EDGE('',*,*,#1260,.F.);
#1673=ORIENTED_EDGE('',*,*,#1249,.T.);
#1674=ORIENTED_EDGE('',*,*,#1251,.T.);
#1675=ORIENTED_EDGE('',*,*,#1253,.T.);
#1676=ORIENTED_EDGE('',*,*,#1255,.T.);
#1677=ORIENTED_EDGE('',*,*,#1240,.T.);
#1678=ORIENTED_EDGE('',*,*,#1243,.T.);
#1679=ORIENTED_EDGE('',*,*,#1245,.T.);
#1680=ORIENTED_EDGE('',*,*,#1247,.T.);
#1681=ORIENTED_EDGE('',*,*,#1233,.T.);
#1682=ORIENTED_EDGE('',*,*,#1235,.T.);
#1683=ORIENTED_EDGE('',*,*,#1237,.T.);
#1684=ORIENTED_EDGE('',*,*,#1239,.T.);
#1685=ORIENTED_EDGE('',*,*,#1224,.T.);
#1686=ORIENTED_EDGE('',*,*,#1227,.T.);
#1687=ORIENTED_EDGE('',*,*,#1229,.T.);
#1688=ORIENTED_EDGE('',*,*,#1231,.T.);
#1689=ORIENTED_EDGE('',*,*,#1217,.T.);
#1690=ORIENTED_EDGE('',*,*,#1219,.T.);
#1691=ORIENTED_EDGE('',*,*,#1221,.T.);
#1692=ORIENTED_EDGE('',*,*,#1223,.T.);
#1693=ORIENTED_EDGE('',*,*,#1208,.T.);
#1694=ORIENTED_EDGE('',*,*,#1211,.T.);
#1695=ORIENTED_EDGE('',*,*,#1213,.T.);
#1696=ORIENTED_EDGE('',*,*,#1215,.T.);
#1697=ORIENTED_EDGE('',*,*,#1201,.T.);
#1698=ORIENTED_EDGE('',*,*,#1203,.T.);
#1699=ORIENTED_EDGE('',*,*,#1205,.T.);
#1700=ORIENTED_EDGE('',*,*,#1207,.T.);
#1701=ORIENTED_EDGE('',*,*,#1192,.T.);
#1702=ORIENTED_EDGE('',*,*,#1195,.T.);
#1703=ORIENTED_EDGE('',*,*,#1197,.T.);
#1704=ORIENTED_EDGE('',*,*,#1199,.T.);
#1705=ORIENTED_EDGE('',*,*,#1185,.T.);
#1706=ORIENTED_EDGE('',*,*,#1187,.T.);
#1707=ORIENTED_EDGE('',*,*,#1189,.T.);
#1708=ORIENTED_EDGE('',*,*,#1191,.T.);
#1709=ORIENTED_EDGE('',*,*,#1176,.T.);
#1710=ORIENTED_EDGE('',*,*,#1179,.T.);
#1711=ORIENTED_EDGE('',*,*,#1181,.T.);
#1712=ORIENTED_EDGE('',*,*,#1183,.T.);
#1713=ORIENTED_EDGE('',*,*,#1169,.T.);
#1714=ORIENTED_EDGE('',*,*,#1171,.T.);
#1715=ORIENTED_EDGE('',*,*,#1173,.T.);
#1716=ORIENTED_EDGE('',*,*,#1175,.T.);
#1717=ORIENTED_EDGE('',*,*,#1160,.T.);
#1718=ORIENTED_EDGE('',*,*,#1163,.T.);
#1719=ORIENTED_EDGE('',*,*,#1165,.T.);
#1720=ORIENTED_EDGE('',*,*,#1167,.T.);
#1721=ORIENTED_EDGE('',*,*,#1261,.F.);
#1722=ORIENTED_EDGE('',*,*,#1262,.T.);
#1723=ORIENTED_EDGE('',*,*,#1263,.F.);
#1724=ORIENTED_EDGE('',*,*,#1264,.F.);
#1725=ORIENTED_EDGE('',*,*,#1265,.F.);
#1726=ORIENTED_EDGE('',*,*,#1264,.T.);
#1727=ORIENTED_EDGE('',*,*,#1266,.F.);
#1728=ORIENTED_EDGE('',*,*,#1267,.F.);
#1729=ORIENTED_EDGE('',*,*,#1268,.F.);
#1730=ORIENTED_EDGE('',*,*,#1267,.T.);
#1731=ORIENTED_EDGE('',*,*,#1269,.F.);
#1732=ORIENTED_EDGE('',*,*,#1270,.F.);
#1733=ORIENTED_EDGE('',*,*,#1271,.F.);
#1734=ORIENTED_EDGE('',*,*,#1270,.T.);
#1735=ORIENTED_EDGE('',*,*,#1272,.F.);
#1736=ORIENTED_EDGE('',*,*,#1262,.F.);
#1737=ORIENTED_EDGE('',*,*,#1272,.T.);
#1738=ORIENTED_EDGE('',*,*,#1269,.T.);
#1739=ORIENTED_EDGE('',*,*,#1266,.T.);
#1740=ORIENTED_EDGE('',*,*,#1263,.T.);
#1741=ORIENTED_EDGE('',*,*,#1093,.F.);
#1742=ORIENTED_EDGE('',*,*,#1273,.T.);
#1743=ORIENTED_EDGE('',*,*,#1274,.T.);
#1744=ORIENTED_EDGE('',*,*,#1275,.T.);
#1745=ORIENTED_EDGE('',*,*,#1273,.F.);
#1746=ORIENTED_EDGE('',*,*,#1096,.F.);
#1747=ORIENTED_EDGE('',*,*,#1257,.F.);
#1748=ORIENTED_EDGE('',*,*,#1276,.T.);
#1749=ORIENTED_EDGE('',*,*,#1277,.T.);
#1750=ORIENTED_EDGE('',*,*,#1278,.T.);
#1751=ORIENTED_EDGE('',*,*,#1279,.T.);
#1752=ORIENTED_EDGE('',*,*,#1280,.T.);
#1753=ORIENTED_EDGE('',*,*,#1148,.T.);
#1754=ORIENTED_EDGE('',*,*,#1281,.T.);
#1755=ORIENTED_EDGE('',*,*,#1274,.F.);
#1756=ORIENTED_EDGE('',*,*,#1276,.F.);
#1757=ORIENTED_EDGE('',*,*,#1256,.F.);
#1758=ORIENTED_EDGE('',*,*,#1158,.F.);
#1759=ORIENTED_EDGE('',*,*,#1282,.F.);
#1760=ORIENTED_EDGE('',*,*,#1283,.T.);
#1761=ORIENTED_EDGE('',*,*,#1279,.F.);
#1762=ORIENTED_EDGE('',*,*,#1284,.F.);
#1763=ORIENTED_EDGE('',*,*,#1285,.F.);
#1764=ORIENTED_EDGE('',*,*,#1284,.T.);
#1765=ORIENTED_EDGE('',*,*,#1278,.F.);
#1766=ORIENTED_EDGE('',*,*,#1286,.F.);
#1767=ORIENTED_EDGE('',*,*,#1287,.F.);
#1768=ORIENTED_EDGE('',*,*,#1286,.T.);
#1769=ORIENTED_EDGE('',*,*,#1277,.F.);
#1770=ORIENTED_EDGE('',*,*,#1288,.F.);
#1771=ORIENTED_EDGE('',*,*,#1289,.F.);
#1772=ORIENTED_EDGE('',*,*,#1288,.T.);
#1773=ORIENTED_EDGE('',*,*,#1280,.F.);
#1774=ORIENTED_EDGE('',*,*,#1283,.F.);
#1775=ORIENTED_EDGE('',*,*,#1151,.F.);
#1776=ORIENTED_EDGE('',*,*,#1290,.T.);
#1777=ORIENTED_EDGE('',*,*,#1291,.T.);
#1778=ORIENTED_EDGE('',*,*,#1258,.F.);
#1779=ORIENTED_EDGE('',*,*,#1087,.T.);
#1780=ORIENTED_EDGE('',*,*,#1154,.F.);
#1781=ORIENTED_EDGE('',*,*,#1292,.T.);
#1782=ORIENTED_EDGE('',*,*,#1293,.T.);
#1783=ORIENTED_EDGE('',*,*,#1290,.F.);
#1784=ORIENTED_EDGE('',*,*,#1261,.T.);
#1785=ORIENTED_EDGE('',*,*,#1265,.T.);
#1786=ORIENTED_EDGE('',*,*,#1268,.T.);
#1787=ORIENTED_EDGE('',*,*,#1271,.T.);
#1788=ORIENTED_EDGE('',*,*,#1260,.T.);
#1789=ORIENTED_EDGE('',*,*,#1294,.T.);
#1790=ORIENTED_EDGE('',*,*,#1292,.F.);
#1791=ORIENTED_EDGE('',*,*,#1153,.T.);
#1792=ORIENTED_EDGE('',*,*,#1294,.F.);
#1793=ORIENTED_EDGE('',*,*,#1259,.F.);
#1794=ORIENTED_EDGE('',*,*,#1291,.F.);
#1795=ORIENTED_EDGE('',*,*,#1293,.F.);
#1796=ORIENTED_EDGE('',*,*,#1287,.T.);
#1797=ORIENTED_EDGE('',*,*,#1289,.T.);
#1798=ORIENTED_EDGE('',*,*,#1282,.T.);
#1799=ORIENTED_EDGE('',*,*,#1285,.T.);
#1800=ORIENTED_EDGE('',*,*,#1091,.F.);
#1801=ORIENTED_EDGE('',*,*,#1275,.F.);
#1802=ORIENTED_EDGE('',*,*,#1281,.F.);
#1803=ORIENTED_EDGE('',*,*,#1147,.T.);
#1804=ORIENTED_EDGE('',*,*,#1085,.T.);
#1805=ORIENTED_EDGE('',*,*,#1295,.F.);
#1806=ORIENTED_EDGE('',*,*,#1296,.T.);
#1807=ORIENTED_EDGE('',*,*,#1297,.F.);
#1808=ORIENTED_EDGE('',*,*,#1298,.F.);
#1809=ORIENTED_EDGE('',*,*,#1299,.F.);
#1810=ORIENTED_EDGE('',*,*,#1298,.T.);
#1811=ORIENTED_EDGE('',*,*,#1300,.F.);
#1812=ORIENTED_EDGE('',*,*,#1301,.F.);
#1813=ORIENTED_EDGE('',*,*,#1302,.F.);
#1814=ORIENTED_EDGE('',*,*,#1301,.T.);
#1815=ORIENTED_EDGE('',*,*,#1303,.F.);
#1816=ORIENTED_EDGE('',*,*,#1304,.F.);
#1817=ORIENTED_EDGE('',*,*,#1305,.F.);
#1818=ORIENTED_EDGE('',*,*,#1304,.T.);
#1819=ORIENTED_EDGE('',*,*,#1306,.F.);
#1820=ORIENTED_EDGE('',*,*,#1296,.F.);
#1821=ORIENTED_EDGE('',*,*,#1306,.T.);
#1822=ORIENTED_EDGE('',*,*,#1303,.T.);
#1823=ORIENTED_EDGE('',*,*,#1300,.T.);
#1824=ORIENTED_EDGE('',*,*,#1297,.T.);
#1825=ORIENTED_EDGE('',*,*,#1305,.T.);
#1826=ORIENTED_EDGE('',*,*,#1295,.T.);
#1827=ORIENTED_EDGE('',*,*,#1299,.T.);
#1828=ORIENTED_EDGE('',*,*,#1302,.T.);
#1829=ORIENTED_EDGE('',*,*,#1307,.F.);
#1830=ORIENTED_EDGE('',*,*,#1308,.T.);
#1831=ORIENTED_EDGE('',*,*,#1309,.F.);
#1832=ORIENTED_EDGE('',*,*,#1310,.F.);
#1833=ORIENTED_EDGE('',*,*,#1311,.F.);
#1834=ORIENTED_EDGE('',*,*,#1310,.T.);
#1835=ORIENTED_EDGE('',*,*,#1312,.F.);
#1836=ORIENTED_EDGE('',*,*,#1313,.F.);
#1837=ORIENTED_EDGE('',*,*,#1314,.F.);
#1838=ORIENTED_EDGE('',*,*,#1313,.T.);
#1839=ORIENTED_EDGE('',*,*,#1315,.F.);
#1840=ORIENTED_EDGE('',*,*,#1316,.F.);
#1841=ORIENTED_EDGE('',*,*,#1317,.F.);
#1842=ORIENTED_EDGE('',*,*,#1316,.T.);
#1843=ORIENTED_EDGE('',*,*,#1318,.F.);
#1844=ORIENTED_EDGE('',*,*,#1308,.F.);
#1845=ORIENTED_EDGE('',*,*,#1318,.T.);
#1846=ORIENTED_EDGE('',*,*,#1315,.T.);
#1847=ORIENTED_EDGE('',*,*,#1312,.T.);
#1848=ORIENTED_EDGE('',*,*,#1309,.T.);
#1849=ORIENTED_EDGE('',*,*,#1317,.T.);
#1850=ORIENTED_EDGE('',*,*,#1307,.T.);
#1851=ORIENTED_EDGE('',*,*,#1311,.T.);
#1852=ORIENTED_EDGE('',*,*,#1314,.T.);
#1853=ORIENTED_EDGE('',*,*,#1319,.T.);
#1854=ORIENTED_EDGE('',*,*,#1320,.T.);
#1855=ORIENTED_EDGE('',*,*,#1321,.T.);
#1856=ORIENTED_EDGE('',*,*,#1322,.T.);
#1857=ORIENTED_EDGE('',*,*,#1320,.F.);
#1858=ORIENTED_EDGE('',*,*,#1323,.T.);
#1859=ORIENTED_EDGE('',*,*,#1324,.F.);
#1860=ORIENTED_EDGE('',*,*,#1325,.F.);
#1861=ORIENTED_EDGE('',*,*,#1326,.T.);
#1862=ORIENTED_EDGE('',*,*,#1327,.T.);
#1863=ORIENTED_EDGE('',*,*,#1328,.T.);
#1864=ORIENTED_EDGE('',*,*,#1324,.T.);
#1865=ORIENTED_EDGE('',*,*,#1327,.F.);
#1866=ORIENTED_EDGE('',*,*,#1329,.T.);
#1867=ORIENTED_EDGE('',*,*,#1330,.F.);
#1868=ORIENTED_EDGE('',*,*,#1331,.F.);
#1869=ORIENTED_EDGE('',*,*,#1322,.F.);
#1870=ORIENTED_EDGE('',*,*,#1332,.F.);
#1871=ORIENTED_EDGE('',*,*,#1333,.F.);
#1872=ORIENTED_EDGE('',*,*,#1334,.T.);
#1873=ORIENTED_EDGE('',*,*,#1335,.T.);
#1874=ORIENTED_EDGE('',*,*,#1336,.T.);
#1875=ORIENTED_EDGE('',*,*,#1337,.T.);
#1876=ORIENTED_EDGE('',*,*,#1333,.T.);
#1877=ORIENTED_EDGE('',*,*,#1336,.F.);
#1878=ORIENTED_EDGE('',*,*,#1338,.F.);
#1879=ORIENTED_EDGE('',*,*,#1339,.F.);
#1880=ORIENTED_EDGE('',*,*,#1340,.T.);
#1881=ORIENTED_EDGE('',*,*,#1341,.T.);
#1882=ORIENTED_EDGE('',*,*,#1339,.T.);
#1883=ORIENTED_EDGE('',*,*,#1342,.T.);
#1884=ORIENTED_EDGE('',*,*,#1330,.T.);
#1885=ORIENTED_EDGE('',*,*,#1343,.T.);
#1886=ORIENTED_EDGE('',*,*,#1344,.T.);
#1887=ORIENTED_EDGE('',*,*,#1345,.T.);
#1888=ORIENTED_EDGE('',*,*,#1346,.F.);
#1889=ORIENTED_EDGE('',*,*,#1347,.T.);
#1890=ORIENTED_EDGE('',*,*,#1348,.T.);
#1891=ORIENTED_EDGE('',*,*,#1345,.F.);
#1892=ORIENTED_EDGE('',*,*,#1349,.T.);
#1893=ORIENTED_EDGE('',*,*,#1350,.T.);
#1894=ORIENTED_EDGE('',*,*,#1351,.F.);
#1895=ORIENTED_EDGE('',*,*,#1347,.F.);
#1896=ORIENTED_EDGE('',*,*,#1352,.T.);
#1897=ORIENTED_EDGE('',*,*,#1353,.T.);
#1898=ORIENTED_EDGE('',*,*,#1354,.T.);
#1899=ORIENTED_EDGE('',*,*,#1350,.F.);
#1900=ORIENTED_EDGE('',*,*,#1355,.T.);
#1901=ORIENTED_EDGE('',*,*,#1356,.T.);
#1902=ORIENTED_EDGE('',*,*,#1357,.F.);
#1903=ORIENTED_EDGE('',*,*,#1353,.F.);
#1904=ORIENTED_EDGE('',*,*,#1358,.T.);
#1905=ORIENTED_EDGE('',*,*,#1358,.F.);
#1906=ORIENTED_EDGE('',*,*,#1355,.F.);
#1907=ORIENTED_EDGE('',*,*,#1352,.F.);
#1908=ORIENTED_EDGE('',*,*,#1349,.F.);
#1909=ORIENTED_EDGE('',*,*,#1344,.F.);
#1910=ORIENTED_EDGE('',*,*,#1359,.T.);
#1911=ORIENTED_EDGE('',*,*,#1334,.F.);
#1912=ORIENTED_EDGE('',*,*,#1337,.F.);
#1913=ORIENTED_EDGE('',*,*,#1340,.F.);
#1914=ORIENTED_EDGE('',*,*,#1341,.F.);
#1915=ORIENTED_EDGE('',*,*,#1329,.F.);
#1916=ORIENTED_EDGE('',*,*,#1326,.F.);
#1917=ORIENTED_EDGE('',*,*,#1323,.F.);
#1918=ORIENTED_EDGE('',*,*,#1319,.F.);
#1919=ORIENTED_EDGE('',*,*,#1360,.F.);
#1920=ORIENTED_EDGE('',*,*,#1361,.T.);
#1921=ORIENTED_EDGE('',*,*,#1362,.F.);
#1922=ORIENTED_EDGE('',*,*,#1363,.F.);
#1923=ORIENTED_EDGE('',*,*,#1364,.F.);
#1924=ORIENTED_EDGE('',*,*,#1365,.T.);
#1925=ORIENTED_EDGE('',*,*,#1366,.T.);
#1926=ORIENTED_EDGE('',*,*,#1367,.T.);
#1927=ORIENTED_EDGE('',*,*,#1356,.F.);
#1928=ORIENTED_EDGE('',*,*,#1359,.F.);
#1929=ORIENTED_EDGE('',*,*,#1343,.F.);
#1930=ORIENTED_EDGE('',*,*,#1368,.F.);
#1931=ORIENTED_EDGE('',*,*,#1348,.F.);
#1932=ORIENTED_EDGE('',*,*,#1351,.T.);
#1933=ORIENTED_EDGE('',*,*,#1354,.F.);
#1934=ORIENTED_EDGE('',*,*,#1357,.T.);
#1935=ORIENTED_EDGE('',*,*,#1368,.T.);
#1936=ORIENTED_EDGE('',*,*,#1346,.T.);
#1937=ORIENTED_EDGE('',*,*,#1332,.T.);
#1938=ORIENTED_EDGE('',*,*,#1321,.F.);
#1939=ORIENTED_EDGE('',*,*,#1325,.T.);
#1940=ORIENTED_EDGE('',*,*,#1328,.F.);
#1941=ORIENTED_EDGE('',*,*,#1331,.T.);
#1942=ORIENTED_EDGE('',*,*,#1342,.F.);
#1943=ORIENTED_EDGE('',*,*,#1338,.T.);
#1944=ORIENTED_EDGE('',*,*,#1335,.F.);
#1945=ORIENTED_EDGE('',*,*,#1361,.F.);
#1946=ORIENTED_EDGE('',*,*,#1369,.T.);
#1947=ORIENTED_EDGE('',*,*,#1370,.F.);
#1948=ORIENTED_EDGE('',*,*,#1371,.F.);
#1949=ORIENTED_EDGE('',*,*,#1372,.F.);
#1950=ORIENTED_EDGE('',*,*,#1373,.F.);
#1951=ORIENTED_EDGE('',*,*,#1374,.F.);
#1952=ORIENTED_EDGE('',*,*,#1367,.F.);
#1953=ORIENTED_EDGE('',*,*,#1360,.T.);
#1954=ORIENTED_EDGE('',*,*,#1374,.T.);
#1955=ORIENTED_EDGE('',*,*,#1375,.F.);
#1956=ORIENTED_EDGE('',*,*,#1369,.F.);
#1957=ORIENTED_EDGE('',*,*,#1376,.F.);
#1958=ORIENTED_EDGE('',*,*,#1365,.F.);
#1959=ORIENTED_EDGE('',*,*,#1377,.F.);
#1960=ORIENTED_EDGE('',*,*,#1378,.F.);
#1961=ORIENTED_EDGE('',*,*,#1379,.T.);
#1962=ORIENTED_EDGE('',*,*,#1378,.T.);
#1963=ORIENTED_EDGE('',*,*,#1380,.T.);
#1964=ORIENTED_EDGE('',*,*,#1381,.T.);
#1965=ORIENTED_EDGE('',*,*,#1382,.T.);
#1966=ORIENTED_EDGE('',*,*,#1370,.T.);
#1967=ORIENTED_EDGE('',*,*,#1375,.T.);
#1968=ORIENTED_EDGE('',*,*,#1373,.T.);
#1969=ORIENTED_EDGE('',*,*,#1366,.F.);
#1970=ORIENTED_EDGE('',*,*,#1376,.T.);
#1971=ORIENTED_EDGE('',*,*,#1379,.F.);
#1972=ORIENTED_EDGE('',*,*,#1372,.T.);
#1973=ORIENTED_EDGE('',*,*,#1363,.T.);
#1974=ORIENTED_EDGE('',*,*,#1383,.T.);
#1975=ORIENTED_EDGE('',*,*,#1381,.F.);
#1976=ORIENTED_EDGE('',*,*,#1384,.F.);
#1977=ORIENTED_EDGE('',*,*,#1371,.T.);
#1978=ORIENTED_EDGE('',*,*,#1382,.F.);
#1979=ORIENTED_EDGE('',*,*,#1383,.F.);
#1980=ORIENTED_EDGE('',*,*,#1362,.T.);
#1981=ORIENTED_EDGE('',*,*,#1377,.T.);
#1982=ORIENTED_EDGE('',*,*,#1364,.T.);
#1983=ORIENTED_EDGE('',*,*,#1384,.T.);
#1984=ORIENTED_EDGE('',*,*,#1380,.F.);
#1985=CYLINDRICAL_SURFACE('',#2152,3.75);
#1986=CYLINDRICAL_SURFACE('',#2155,5.);
#1987=CYLINDRICAL_SURFACE('',#2161,5.);
#1988=CYLINDRICAL_SURFACE('',#2190,5.);
#1989=CYLINDRICAL_SURFACE('',#2196,0.500000000000007);
#1990=CYLINDRICAL_SURFACE('',#2199,0.500000000000012);
#1991=CYLINDRICAL_SURFACE('',#2202,0.500000000000007);
#1992=CYLINDRICAL_SURFACE('',#2205,0.500000000000007);
#1993=CYLINDRICAL_SURFACE('',#2208,0.500000000000007);
#1994=CYLINDRICAL_SURFACE('',#2211,0.500000000000007);
#1995=CYLINDRICAL_SURFACE('',#2214,0.500000000000007);
#1996=CYLINDRICAL_SURFACE('',#2217,0.500000000000007);
#1997=CYLINDRICAL_SURFACE('',#2220,0.500000000000007);
#1998=CYLINDRICAL_SURFACE('',#2223,0.500000000000009);
#1999=CYLINDRICAL_SURFACE('',#2226,0.500000000000007);
#2000=CYLINDRICAL_SURFACE('',#2229,0.500000000000007);
#2001=CYLINDRICAL_SURFACE('',#2232,0.500000000000007);
#2002=CYLINDRICAL_SURFACE('',#2235,0.500000000000007);
#2003=CYLINDRICAL_SURFACE('',#2238,0.500000000000012);
#2004=CYLINDRICAL_SURFACE('',#2241,0.500000000000007);
#2005=CYLINDRICAL_SURFACE('',#2244,0.500000000000007);
#2006=CYLINDRICAL_SURFACE('',#2247,0.500000000000012);
#2007=CYLINDRICAL_SURFACE('',#2250,0.500000000000007);
#2008=CYLINDRICAL_SURFACE('',#2253,0.500000000000007);
#2009=CYLINDRICAL_SURFACE('',#2256,0.500000000000029);
#2010=CYLINDRICAL_SURFACE('',#2259,0.500000000000007);
#2011=CYLINDRICAL_SURFACE('',#2262,0.5);
#2012=CYLINDRICAL_SURFACE('',#2265,0.500000000000007);
#2013=CYLINDRICAL_SURFACE('',#2267,5.);
#2014=CYLINDRICAL_SURFACE('',#2275,5.);
#2015=CYLINDRICAL_SURFACE('',#2300,1.);
#2016=CYLINDRICAL_SURFACE('',#2304,1.);
#2017=CYLINDRICAL_SURFACE('',#2309,1.2);
#2018=CYLINDRICAL_SURFACE('',#2313,1.2);
#2019=CYLINDRICAL_SURFACE('',#2316,5.);
#2020=CYLINDRICAL_SURFACE('',#2322,5.);
#2021=CYLINDRICAL_SURFACE('',#2327,5.);
#2022=ADVANCED_FACE('',(#118),#1985,.F.);
#2023=ADVANCED_FACE('',(#119),#1986,.T.);
#2024=ADVANCED_FACE('',(#120),#116,.T.);
#2025=ADVANCED_FACE('',(#121),#1987,.T.);
#2026=ADVANCED_FACE('',(#122,#23,#24,#25,#26,#27,#28),#44,.T.);
#2027=ADVANCED_FACE('',(#123,#29),#45,.T.);
#2028=ADVANCED_FACE('',(#124),#1988,.T.);
#2029=ADVANCED_FACE('',(#125),#117,.T.);
#2030=ADVANCED_FACE('',(#126),#46,.T.);
#2031=ADVANCED_FACE('',(#127),#47,.F.);
#2032=ADVANCED_FACE('',(#128),#1989,.F.);
#2033=ADVANCED_FACE('',(#129),#48,.F.);
#2034=ADVANCED_FACE('',(#130),#1990,.F.);
#2035=ADVANCED_FACE('',(#131),#49,.F.);
#2036=ADVANCED_FACE('',(#132),#1991,.F.);
#2037=ADVANCED_FACE('',(#133),#50,.F.);
#2038=ADVANCED_FACE('',(#134),#1992,.F.);
#2039=ADVANCED_FACE('',(#135),#51,.F.);
#2040=ADVANCED_FACE('',(#136),#1993,.F.);
#2041=ADVANCED_FACE('',(#137),#52,.F.);
#2042=ADVANCED_FACE('',(#138),#1994,.F.);
#2043=ADVANCED_FACE('',(#139),#53,.F.);
#2044=ADVANCED_FACE('',(#140),#1995,.F.);
#2045=ADVANCED_FACE('',(#141),#54,.F.);
#2046=ADVANCED_FACE('',(#142),#1996,.F.);
#2047=ADVANCED_FACE('',(#143),#55,.F.);
#2048=ADVANCED_FACE('',(#144),#1997,.F.);
#2049=ADVANCED_FACE('',(#145),#56,.F.);
#2050=ADVANCED_FACE('',(#146),#1998,.F.);
#2051=ADVANCED_FACE('',(#147),#57,.F.);
#2052=ADVANCED_FACE('',(#148),#1999,.F.);
#2053=ADVANCED_FACE('',(#149),#58,.F.);
#2054=ADVANCED_FACE('',(#150),#2000,.F.);
#2055=ADVANCED_FACE('',(#151),#59,.F.);
#2056=ADVANCED_FACE('',(#152),#2001,.F.);
#2057=ADVANCED_FACE('',(#153),#60,.F.);
#2058=ADVANCED_FACE('',(#154),#2002,.F.);
#2059=ADVANCED_FACE('',(#155),#61,.F.);
#2060=ADVANCED_FACE('',(#156),#2003,.F.);
#2061=ADVANCED_FACE('',(#157),#62,.F.);
#2062=ADVANCED_FACE('',(#158),#2004,.F.);
#2063=ADVANCED_FACE('',(#159),#63,.F.);
#2064=ADVANCED_FACE('',(#160),#2005,.F.);
#2065=ADVANCED_FACE('',(#161),#64,.F.);
#2066=ADVANCED_FACE('',(#162),#2006,.F.);
#2067=ADVANCED_FACE('',(#163),#65,.F.);
#2068=ADVANCED_FACE('',(#164),#2007,.F.);
#2069=ADVANCED_FACE('',(#165),#66,.F.);
#2070=ADVANCED_FACE('',(#166),#2008,.F.);
#2071=ADVANCED_FACE('',(#167),#67,.F.);
#2072=ADVANCED_FACE('',(#168),#2009,.F.);
#2073=ADVANCED_FACE('',(#169),#68,.F.);
#2074=ADVANCED_FACE('',(#170),#2010,.F.);
#2075=ADVANCED_FACE('',(#171),#69,.F.);
#2076=ADVANCED_FACE('',(#172),#2011,.F.);
#2077=ADVANCED_FACE('',(#173),#70,.F.);
#2078=ADVANCED_FACE('',(#174),#2012,.F.);
#2079=ADVANCED_FACE('',(#175),#2013,.T.);
#2080=ADVANCED_FACE('',(#176,#30,#31,#32,#33,#34,#35),#71,.F.);
#2081=ADVANCED_FACE('',(#177),#72,.T.);
#2082=ADVANCED_FACE('',(#178),#73,.T.);
#2083=ADVANCED_FACE('',(#179),#74,.T.);
#2084=ADVANCED_FACE('',(#180),#75,.T.);
#2085=ADVANCED_FACE('',(#181),#76,.T.);
#2086=ADVANCED_FACE('',(#182),#2014,.T.);
#2087=ADVANCED_FACE('',(#183,#36),#77,.T.);
#2088=ADVANCED_FACE('',(#184),#78,.T.);
#2089=ADVANCED_FACE('',(#185),#79,.F.);
#2090=ADVANCED_FACE('',(#186),#80,.F.);
#2091=ADVANCED_FACE('',(#187),#81,.F.);
#2092=ADVANCED_FACE('',(#188),#82,.F.);
#2093=ADVANCED_FACE('',(#189,#37),#83,.F.);
#2094=ADVANCED_FACE('',(#190,#38),#84,.F.);
#2095=ADVANCED_FACE('',(#191),#85,.F.);
#2096=ADVANCED_FACE('',(#192,#39),#86,.F.);
#2097=ADVANCED_FACE('',(#193,#40),#87,.T.);
#2098=ADVANCED_FACE('',(#194),#88,.T.);
#2099=ADVANCED_FACE('',(#195),#89,.T.);
#2100=ADVANCED_FACE('',(#196),#90,.T.);
#2101=ADVANCED_FACE('',(#197),#91,.T.);
#2102=ADVANCED_FACE('',(#198),#92,.T.);
#2103=ADVANCED_FACE('',(#199),#93,.F.);
#2104=ADVANCED_FACE('',(#200),#94,.T.);
#2105=ADVANCED_FACE('',(#201),#95,.T.);
#2106=ADVANCED_FACE('',(#202),#96,.T.);
#2107=ADVANCED_FACE('',(#203),#97,.T.);
#2108=ADVANCED_FACE('',(#204),#98,.T.);
#2109=ADVANCED_FACE('',(#205),#99,.F.);
#2110=ADVANCED_FACE('',(#206),#2015,.F.);
#2111=ADVANCED_FACE('',(#207),#100,.T.);
#2112=ADVANCED_FACE('',(#208),#2016,.F.);
#2113=ADVANCED_FACE('',(#209),#101,.T.);
#2114=ADVANCED_FACE('',(#210),#102,.T.);
#2115=ADVANCED_FACE('',(#211),#2017,.F.);
#2116=ADVANCED_FACE('',(#212),#103,.T.);
#2117=ADVANCED_FACE('',(#213),#2018,.F.);
#2118=ADVANCED_FACE('',(#214),#2019,.T.);
#2119=ADVANCED_FACE('',(#215),#13,.T.);
#2120=ADVANCED_FACE('',(#216),#2020,.T.);
#2121=ADVANCED_FACE('',(#217),#14,.T.);
#2122=ADVANCED_FACE('',(#218),#2021,.T.);
#2123=ADVANCED_FACE('',(#219,#41,#42),#104,.F.);
#2124=ADVANCED_FACE('',(#220),#105,.T.);
#2125=ADVANCED_FACE('',(#221,#43),#106,.T.);
#2126=ADVANCED_FACE('',(#222),#107,.T.);
#2127=ADVANCED_FACE('',(#223),#108,.F.);
#2128=ADVANCED_FACE('',(#224),#109,.T.);
#2129=ADVANCED_FACE('',(#225),#110,.F.);
#2130=ADVANCED_FACE('',(#226),#111,.T.);
#2131=ADVANCED_FACE('',(#227),#112,.T.);
#2132=ADVANCED_FACE('',(#228),#113,.T.);
#2133=ADVANCED_FACE('',(#229),#114,.T.);
#2134=ADVANCED_FACE('',(#230),#115,.T.);
#2135=CLOSED_SHELL('',(#2022,#2023,#2024,#2025,#2026,#2027,#2028,#2029,
#2030,#2031,#2032,#2033,#2034,#2035,#2036,#2037,#2038,#2039,#2040,#2041,
#2042,#2043,#2044,#2045,#2046,#2047,#2048,#2049,#2050,#2051,#2052,#2053,
#2054,#2055,#2056,#2057,#2058,#2059,#2060,#2061,#2062,#2063,#2064,#2065,
#2066,#2067,#2068,#2069,#2070,#2071,#2072,#2073,#2074,#2075,#2076,#2077,
#2078,#2079,#2080,#2081,#2082,#2083,#2084,#2085,#2086,#2087,#2088,#2089,
#2090,#2091,#2092,#2093,#2094,#2095,#2096,#2097));
#2136=CLOSED_SHELL('',(#2098,#2099,#2100,#2101,#2102,#2103));
#2137=CLOSED_SHELL('',(#2104,#2105,#2106,#2107,#2108,#2109));
#2138=CLOSED_SHELL('',(#2110,#2111,#2112,#2113,#2114,#2115,#2116,#2117,
#2118,#2119,#2120,#2121,#2122,#2123,#2124,#2125,#2126,#2127,#2128,#2129,
#2130,#2131,#2132,#2133,#2134));
#2139=DERIVED_UNIT_ELEMENT(#2141,1.);
#2140=DERIVED_UNIT_ELEMENT(#3576,-3.);
#2141=(
MASS_UNIT()
NAMED_UNIT(*)
SI_UNIT(.KILO.,.GRAM.)
);
#2142=DERIVED_UNIT((#2139,#2140));
#2143=MEASURE_REPRESENTATION_ITEM('density measure',
POSITIVE_RATIO_MEASURE(7850.),#2142);
#2144=PROPERTY_DEFINITION_REPRESENTATION(#2149,#2146);
#2145=PROPERTY_DEFINITION_REPRESENTATION(#2150,#2147);
#2146=REPRESENTATION('material name',(#2148),#3573);
#2147=REPRESENTATION('density',(#2143),#3573);
#2148=DESCRIPTIVE_REPRESENTATION_ITEM('Acero','Acero');
#2149=PROPERTY_DEFINITION('material property','material name',#3583);
#2150=PROPERTY_DEFINITION('material property','density of part',#3583);
#2151=AXIS2_PLACEMENT_3D('',#2943,#2341,#2342);
#2152=AXIS2_PLACEMENT_3D('',#2944,#2343,#2344);
#2153=AXIS2_PLACEMENT_3D('',#2946,#2345,#2346);
#2154=AXIS2_PLACEMENT_3D('',#2949,#2348,#2349);
#2155=AXIS2_PLACEMENT_3D('',#2950,#2350,#2351);
#2156=AXIS2_PLACEMENT_3D('',#2953,#2352,#2353);
#2157=AXIS2_PLACEMENT_3D('',#2957,#2355,#2356);
#2158=AXIS2_PLACEMENT_3D('',#2959,#2358,#2359);
#2159=AXIS2_PLACEMENT_3D('',#2961,#2360,#2361);
#2160=AXIS2_PLACEMENT_3D('',#2962,#2362,#2363);
#2161=AXIS2_PLACEMENT_3D('',#2963,#2364,#2365);
#2162=AXIS2_PLACEMENT_3D('',#2967,#2367,#2368);
#2163=AXIS2_PLACEMENT_3D('',#2969,#2370,#2371);
#2164=AXIS2_PLACEMENT_3D('',#2977,#2375,#2376);
#2165=AXIS2_PLACEMENT_3D('',#2981,#2378,#2379);
#2166=AXIS2_PLACEMENT_3D('',#2985,#2381,#2382);
#2167=AXIS2_PLACEMENT_3D('',#2988,#2384,#2385);
#2168=AXIS2_PLACEMENT_3D('',#2993,#2387,#2388);
#2169=AXIS2_PLACEMENT_3D('',#2997,#2390,#2391);
#2170=AXIS2_PLACEMENT_3D('',#3001,#2393,#2394);
#2171=AXIS2_PLACEMENT_3D('',#3004,#2396,#2397);
#2172=AXIS2_PLACEMENT_3D('',#3009,#2399,#2400);
#2173=AXIS2_PLACEMENT_3D('',#3013,#2402,#2403);
#2174=AXIS2_PLACEMENT_3D('',#3017,#2405,#2406);
#2175=AXIS2_PLACEMENT_3D('',#3020,#2408,#2409);
#2176=AXIS2_PLACEMENT_3D('',#3025,#2411,#2412);
#2177=AXIS2_PLACEMENT_3D('',#3029,#2414,#2415);
#2178=AXIS2_PLACEMENT_3D('',#3033,#2417,#2418);
#2179=AXIS2_PLACEMENT_3D('',#3036,#2420,#2421);
#2180=AXIS2_PLACEMENT_3D('',#3041,#2423,#2424);
#2181=AXIS2_PLACEMENT_3D('',#3045,#2426,#2427);
#2182=AXIS2_PLACEMENT_3D('',#3049,#2429,#2430);
#2183=AXIS2_PLACEMENT_3D('',#3052,#2432,#2433);
#2184=AXIS2_PLACEMENT_3D('',#3057,#2435,#2436);
#2185=AXIS2_PLACEMENT_3D('',#3061,#2438,#2439);
#2186=AXIS2_PLACEMENT_3D('',#3065,#2441,#2442);
#2187=AXIS2_PLACEMENT_3D('',#3068,#2444,#2445);
#2188=AXIS2_PLACEMENT_3D('',#3069,#2446,#2447);
#2189=AXIS2_PLACEMENT_3D('',#3076,#2451,#2452);
#2190=AXIS2_PLACEMENT_3D('',#3085,#2457,#2458);
#2191=AXIS2_PLACEMENT_3D('',#3088,#2460,#2461);
#2192=AXIS2_PLACEMENT_3D('',#3089,#2462,#2463);
#2193=AXIS2_PLACEMENT_3D('',#3090,#2464,#2465);
#2194=AXIS2_PLACEMENT_3D('',#3091,#2466,#2467);
#2195=AXIS2_PLACEMENT_3D('',#3095,#2470,#2471);
#2196=AXIS2_PLACEMENT_3D('',#3101,#2475,#2476);
#2197=AXIS2_PLACEMENT_3D('',#3103,#2477,#2478);
#2198=AXIS2_PLACEMENT_3D('',#3105,#2480,#2481);
#2199=AXIS2_PLACEMENT_3D('',#3109,#2484,#2485);
#2200=AXIS2_PLACEMENT_3D('',#3111,#2486,#2487);
#2201=AXIS2_PLACEMENT_3D('',#3113,#2489,#2490);
#2202=AXIS2_PLACEMENT_3D('',#3117,#2493,#2494);
#2203=AXIS2_PLACEMENT_3D('',#3119,#2495,#2496);
#2204=AXIS2_PLACEMENT_3D('',#3121,#2498,#2499);
#2205=AXIS2_PLACEMENT_3D('',#3125,#2502,#2503);
#2206=AXIS2_PLACEMENT_3D('',#3126,#2504,#2505);
#2207=AXIS2_PLACEMENT_3D('',#3127,#2506,#2507);
#2208=AXIS2_PLACEMENT_3D('',#3133,#2511,#2512);
#2209=AXIS2_PLACEMENT_3D('',#3135,#2513,#2514);
#2210=AXIS2_PLACEMENT_3D('',#3137,#2516,#2517);
#2211=AXIS2_PLACEMENT_3D('',#3141,#2520,#2521);
#2212=AXIS2_PLACEMENT_3D('',#3143,#2522,#2523);
#2213=AXIS2_PLACEMENT_3D('',#3145,#2525,#2526);
#2214=AXIS2_PLACEMENT_3D('',#3149,#2529,#2530);
#2215=AXIS2_PLACEMENT_3D('',#3151,#2531,#2532);
#2216=AXIS2_PLACEMENT_3D('',#3153,#2534,#2535);
#2217=AXIS2_PLACEMENT_3D('',#3157,#2538,#2539);
#2218=AXIS2_PLACEMENT_3D('',#3158,#2540,#2541);
#2219=AXIS2_PLACEMENT_3D('',#3159,#2542,#2543);
#2220=AXIS2_PLACEMENT_3D('',#3165,#2547,#2548);
#2221=AXIS2_PLACEMENT_3D('',#3167,#2549,#2550);
#2222=AXIS2_PLACEMENT_3D('',#3169,#2552,#2553);
#2223=AXIS2_PLACEMENT_3D('',#3173,#2556,#2557);
#2224=AXIS2_PLACEMENT_3D('',#3175,#2558,#2559);
#2225=AXIS2_PLACEMENT_3D('',#3177,#2561,#2562);
#2226=AXIS2_PLACEMENT_3D('',#3181,#2565,#2566);
#2227=AXIS2_PLACEMENT_3D('',#3183,#2567,#2568);
#2228=AXIS2_PLACEMENT_3D('',#3185,#2570,#2571);
#2229=AXIS2_PLACEMENT_3D('',#3189,#2574,#2575);
#2230=AXIS2_PLACEMENT_3D('',#3190,#2576,#2577);
#2231=AXIS2_PLACEMENT_3D('',#3191,#2578,#2579);
#2232=AXIS2_PLACEMENT_3D('',#3197,#2583,#2584);
#2233=AXIS2_PLACEMENT_3D('',#3199,#2585,#2586);
#2234=AXIS2_PLACEMENT_3D('',#3201,#2588,#2589);
#2235=AXIS2_PLACEMENT_3D('',#3205,#2592,#2593);
#2236=AXIS2_PLACEMENT_3D('',#3207,#2594,#2595);
#2237=AXIS2_PLACEMENT_3D('',#3209,#2597,#2598);
#2238=AXIS2_PLACEMENT_3D('',#3213,#2601,#2602);
#2239=AXIS2_PLACEMENT_3D('',#3215,#2603,#2604);
#2240=AXIS2_PLACEMENT_3D('',#3217,#2606,#2607);
#2241=AXIS2_PLACEMENT_3D('',#3221,#2610,#2611);
#2242=AXIS2_PLACEMENT_3D('',#3222,#2612,#2613);
#2243=AXIS2_PLACEMENT_3D('',#3223,#2614,#2615);
#2244=AXIS2_PLACEMENT_3D('',#3229,#2619,#2620);
#2245=AXIS2_PLACEMENT_3D('',#3231,#2621,#2622);
#2246=AXIS2_PLACEMENT_3D('',#3233,#2624,#2625);
#2247=AXIS2_PLACEMENT_3D('',#3237,#2628,#2629);
#2248=AXIS2_PLACEMENT_3D('',#3239,#2630,#2631);
#2249=AXIS2_PLACEMENT_3D('',#3241,#2633,#2634);
#2250=AXIS2_PLACEMENT_3D('',#3245,#2637,#2638);
#2251=AXIS2_PLACEMENT_3D('',#3247,#2639,#2640);
#2252=AXIS2_PLACEMENT_3D('',#3249,#2642,#2643);
#2253=AXIS2_PLACEMENT_3D('',#3253,#2646,#2647);
#2254=AXIS2_PLACEMENT_3D('',#3254,#2648,#2649);
#2255=AXIS2_PLACEMENT_3D('',#3255,#2650,#2651);
#2256=AXIS2_PLACEMENT_3D('',#3261,#2655,#2656);
#2257=AXIS2_PLACEMENT_3D('',#3263,#2657,#2658);
#2258=AXIS2_PLACEMENT_3D('',#3265,#2660,#2661);
#2259=AXIS2_PLACEMENT_3D('',#3269,#2664,#2665);
#2260=AXIS2_PLACEMENT_3D('',#3271,#2666,#2667);
#2261=AXIS2_PLACEMENT_3D('',#3273,#2669,#2670);
#2262=AXIS2_PLACEMENT_3D('',#3277,#2673,#2674);
#2263=AXIS2_PLACEMENT_3D('',#3279,#2675,#2676);
#2264=AXIS2_PLACEMENT_3D('',#3281,#2678,#2679);
#2265=AXIS2_PLACEMENT_3D('',#3285,#2682,#2683);
#2266=AXIS2_PLACEMENT_3D('',#3286,#2684,#2685);
#2267=AXIS2_PLACEMENT_3D('',#3287,#2686,#2687);
#2268=AXIS2_PLACEMENT_3D('',#3289,#2688,#2689);
#2269=AXIS2_PLACEMENT_3D('',#3291,#2691,#2692);
#2270=AXIS2_PLACEMENT_3D('',#3297,#2696,#2697);
#2271=AXIS2_PLACEMENT_3D('',#3306,#2702,#2703);
#2272=AXIS2_PLACEMENT_3D('',#3312,#2707,#2708);
#2273=AXIS2_PLACEMENT_3D('',#3318,#2712,#2713);
#2274=AXIS2_PLACEMENT_3D('',#3321,#2716,#2717);
#2275=AXIS2_PLACEMENT_3D('',#3322,#2718,#2719);
#2276=AXIS2_PLACEMENT_3D('',#3326,#2721,#2722);
#2277=AXIS2_PLACEMENT_3D('',#3328,#2724,#2725);
#2278=AXIS2_PLACEMENT_3D('',#3338,#2731,#2732);
#2279=AXIS2_PLACEMENT_3D('',#3340,#2734,#2735);
#2280=AXIS2_PLACEMENT_3D('',#3346,#2739,#2740);
#2281=AXIS2_PLACEMENT_3D('',#3350,#2743,#2744);
#2282=AXIS2_PLACEMENT_3D('',#3354,#2747,#2748);
#2283=AXIS2_PLACEMENT_3D('',#3356,#2750,#2751);
#2284=AXIS2_PLACEMENT_3D('',#3360,#2754,#2755);
#2285=AXIS2_PLACEMENT_3D('',#3364,#2758,#2759);
#2286=AXIS2_PLACEMENT_3D('',#3366,#2761,#2762);
#2287=AXIS2_PLACEMENT_3D('',#3367,#2763,#2764);
#2288=AXIS2_PLACEMENT_3D('',#3368,#2765,#2766);
#2289=AXIS2_PLACEMENT_3D('',#3377,#2771,#2772);
#2290=AXIS2_PLACEMENT_3D('',#3383,#2776,#2777);
#2291=AXIS2_PLACEMENT_3D('',#3389,#2781,#2782);
#2292=AXIS2_PLACEMENT_3D('',#3392,#2785,#2786);
#2293=AXIS2_PLACEMENT_3D('',#3393,#2787,#2788);
#2294=AXIS2_PLACEMENT_3D('',#3394,#2789,#2790);
#2295=AXIS2_PLACEMENT_3D('',#3403,#2795,#2796);
#2296=AXIS2_PLACEMENT_3D('',#3409,#2800,#2801);
#2297=AXIS2_PLACEMENT_3D('',#3415,#2805,#2806);
#2298=AXIS2_PLACEMENT_3D('',#3418,#2809,#2810);
#2299=AXIS2_PLACEMENT_3D('',#3419,#2811,#2812);
#2300=AXIS2_PLACEMENT_3D('',#3420,#2813,#2814);
#2301=AXIS2_PLACEMENT_3D('',#3423,#2815,#2816);
#2302=AXIS2_PLACEMENT_3D('',#3427,#2818,#2819);
#2303=AXIS2_PLACEMENT_3D('',#3429,#2821,#2822);
#2304=AXIS2_PLACEMENT_3D('',#3435,#2826,#2827);
#2305=AXIS2_PLACEMENT_3D('',#3437,#2828,#2829);
#2306=AXIS2_PLACEMENT_3D('',#3440,#2831,#2832);
#2307=AXIS2_PLACEMENT_3D('',#3441,#2833,#2834);
#2308=AXIS2_PLACEMENT_3D('',#3447,#2838,#2839);
#2309=AXIS2_PLACEMENT_3D('',#3453,#2843,#2844);
#2310=AXIS2_PLACEMENT_3D('',#3455,#2845,#2846);
#2311=AXIS2_PLACEMENT_3D('',#3458,#2848,#2849);
#2312=AXIS2_PLACEMENT_3D('',#3459,#2850,#2851);
#2313=AXIS2_PLACEMENT_3D('',#3465,#2855,#2856);
#2314=AXIS2_PLACEMENT_3D('',#3466,#2857,#2858);
#2315=AXIS2_PLACEMENT_3D('',#3467,#2859,#2860);
#2316=AXIS2_PLACEMENT_3D('',#3468,#2861,#2862);
#2317=AXIS2_PLACEMENT_3D('',#3471,#2863,#2864);
#2318=AXIS2_PLACEMENT_3D('',#3475,#2866,#2867);
#2319=AXIS2_PLACEMENT_3D('',#3488,#2869,#2870);
#2320=AXIS2_PLACEMENT_3D('',#3489,#2871,#2872);
#2321=AXIS2_PLACEMENT_3D('',#3490,#2873,#2874);
#2322=AXIS2_PLACEMENT_3D('',#3491,#2875,#2876);
#2323=AXIS2_PLACEMENT_3D('',#3494,#2877,#2878);
#2324=AXIS2_PLACEMENT_3D('',#3508,#2881,#2882);
#2325=AXIS2_PLACEMENT_3D('',#3509,#2883,#2884);
#2326=AXIS2_PLACEMENT_3D('',#3510,#2885,#2886);
#2327=AXIS2_PLACEMENT_3D('',#3511,#2887,#2888);
#2328=AXIS2_PLACEMENT_3D('',#3514,#2889,#2890);
#2329=AXIS2_PLACEMENT_3D('',#3517,#2893,#2894);
#2330=AXIS2_PLACEMENT_3D('',#3535,#2904,#2905);
#2331=AXIS2_PLACEMENT_3D('',#3537,#2907,#2908);
#2332=AXIS2_PLACEMENT_3D('',#3538,#2909,#2910);
#2333=AXIS2_PLACEMENT_3D('',#3544,#2914,#2915);
#2334=AXIS2_PLACEMENT_3D('',#3550,#2919,#2920);
#2335=AXIS2_PLACEMENT_3D('',#3552,#2922,#2923);
#2336=AXIS2_PLACEMENT_3D('',#3558,#2927,#2928);
#2337=AXIS2_PLACEMENT_3D('',#3565,#2933,#2934);
#2338=AXIS2_PLACEMENT_3D('',#3566,#2935,#2936);
#2339=AXIS2_PLACEMENT_3D('',#3569,#2939,#2940);
#2340=AXIS2_PLACEMENT_3D('',#3570,#2941,#2942);
#2341=DIRECTION('axis',(0.,0.,1.));
#2342=DIRECTION('refdir',(1.,0.,0.));
#2343=DIRECTION('center_axis',(-1.,0.,0.));
#2344=DIRECTION('ref_axis',(0.,1.,0.));
#2345=DIRECTION('center_axis',(-1.,0.,0.));
#2346=DIRECTION('ref_axis',(0.,1.,0.));
#2347=DIRECTION('',(-1.,0.,0.));
#2348=DIRECTION('center_axis',(1.,0.,0.));
#2349=DIRECTION('ref_axis',(0.,1.,0.));
#2350=DIRECTION('center_axis',(0.,-1.,2.22044604925031E-16));
#2351=DIRECTION('ref_axis',(0.707106781186547,0.,0.707106781186547));
#2352=DIRECTION('center_axis',(0.,-1.,2.22044604925031E-16));
#2353=DIRECTION('ref_axis',(0.707106781186547,0.,0.707106781186547));
#2354=DIRECTION('',(0.,-1.,2.22044604925031E-16));
#2355=DIRECTION('center_axis',(1.77635683940025E-15,1.,0.));
#2356=DIRECTION('ref_axis',(0.,0.,1.));
#2357=DIRECTION('',(0.,1.,-2.22044604925031E-16));
#2358=DIRECTION('center_axis',(0.408248290463864,-0.408248290463862,-0.816496580927726));
#2359=DIRECTION('ref_axis',(0.577350269189628,-0.577350269189623,0.577350269189626));
#2360=DIRECTION('center_axis',(1.,0.,0.));
#2361=DIRECTION('ref_axis',(0.,-0.707106781186548,0.707106781186548));
#2362=DIRECTION('center_axis',(0.,2.22044604925031E-16,1.));
#2363=DIRECTION('ref_axis',(0.707106781186547,-0.707106781186548,0.));
#2364=DIRECTION('center_axis',(-1.,0.,0.));
#2365=DIRECTION('ref_axis',(0.,-0.707106781186547,0.707106781186548));
#2366=DIRECTION('',(-1.,0.,0.));
#2367=DIRECTION('center_axis',(-1.,0.,0.));
#2368=DIRECTION('ref_axis',(0.,-0.707106781186548,0.707106781186548));
#2369=DIRECTION('',(1.,0.,0.));
#2370=DIRECTION('center_axis',(0.,2.22044604925031E-16,1.));
#2371=DIRECTION('ref_axis',(-1.,0.,0.));
#2372=DIRECTION('',(-1.,0.,0.));
#2373=DIRECTION('',(0.,1.,-2.22044604925031E-16));
#2374=DIRECTION('',(1.70803546361455E-16,-1.,2.22044604925031E-16));
#2375=DIRECTION('center_axis',(0.,-2.22044604925031E-16,-1.));
#2376=DIRECTION('ref_axis',(2.22044604925028E-14,-1.,0.));
#2377=DIRECTION('',(-1.,0.,0.));
#2378=DIRECTION('center_axis',(0.,-2.22044604925031E-16,-1.));
#2379=DIRECTION('ref_axis',(-1.,0.,0.));
#2380=DIRECTION('',(0.,1.,-2.22044604925031E-16));
#2381=DIRECTION('center_axis',(0.,-2.22044604925031E-16,-1.));
#2382=DIRECTION('ref_axis',(0.,1.,0.));
#2383=DIRECTION('',(1.,0.,0.));
#2384=DIRECTION('center_axis',(0.,-2.22044604925031E-16,-1.));
#2385=DIRECTION('ref_axis',(1.,0.,0.));
#2386=DIRECTION('',(-1.,0.,0.));
#2387=DIRECTION('center_axis',(0.,-2.22044604925031E-16,-1.));
#2388=DIRECTION('ref_axis',(-1.,0.,0.));
#2389=DIRECTION('',(0.,1.,-2.22044604925031E-16));
#2390=DIRECTION('center_axis',(0.,-2.22044604925031E-16,-1.));
#2391=DIRECTION('ref_axis',(-2.22044604925028E-14,1.,0.));
#2392=DIRECTION('',(1.,0.,0.));
#2393=DIRECTION('center_axis',(0.,-2.22044604925031E-16,-1.));
#2394=DIRECTION('ref_axis',(1.,0.,0.));
#2395=DIRECTION('',(0.,-1.,2.22044604925031E-16));
#2396=DIRECTION('center_axis',(0.,-2.22044604925031E-16,-1.));
#2397=DIRECTION('ref_axis',(0.,-1.,0.));
#2398=DIRECTION('',(0.,1.,-2.22044604925031E-16));
#2399=DIRECTION('center_axis',(0.,-2.22044604925031E-16,-1.));
#2400=DIRECTION('ref_axis',(-2.22044604925028E-14,1.,0.));
#2401=DIRECTION('',(1.,0.,0.));
#2402=DIRECTION('center_axis',(0.,-2.22044604925031E-16,-1.));
#2403=DIRECTION('ref_axis',(1.,0.,0.));
#2404=DIRECTION('',(0.,-1.,2.22044604925031E-16));
#2405=DIRECTION('center_axis',(0.,-2.22044604925031E-16,-1.));
#2406=DIRECTION('ref_axis',(0.,-1.,0.));
#2407=DIRECTION('',(-1.,0.,0.));
#2408=DIRECTION('center_axis',(0.,-2.22044604925031E-16,-1.));
#2409=DIRECTION('ref_axis',(-1.,0.,0.));
#2410=DIRECTION('',(-1.,0.,0.));
#2411=DIRECTION('center_axis',(0.,-2.22044604925031E-16,-1.));
#2412=DIRECTION('ref_axis',(-1.,0.,0.));
#2413=DIRECTION('',(-1.70803546361455E-16,1.,-2.22044604925031E-16));
#2414=DIRECTION('center_axis',(0.,-2.22044604925031E-16,-1.));
#2415=DIRECTION('ref_axis',(-1.77635683940023E-14,1.,0.));
#2416=DIRECTION('',(1.,0.,0.));
#2417=DIRECTION('center_axis',(0.,-2.22044604925031E-16,-1.));
#2418=DIRECTION('ref_axis',(1.,0.,0.));
#2419=DIRECTION('',(1.70803546361455E-16,-1.,2.22044604925031E-16));
#2420=DIRECTION('center_axis',(0.,-2.22044604925031E-16,-1.));
#2421=DIRECTION('ref_axis',(1.77635683940023E-14,-1.,0.));
#2422=DIRECTION('',(0.,1.,-2.22044604925031E-16));
#2423=DIRECTION('center_axis',(0.,-2.22044604925031E-16,-1.));
#2424=DIRECTION('ref_axis',(-1.77635683940023E-14,1.,0.));
#2425=DIRECTION('',(1.,0.,0.));
#2426=DIRECTION('center_axis',(0.,-2.22044604925031E-16,-1.));
#2427=DIRECTION('ref_axis',(1.,0.,0.));
#2428=DIRECTION('',(0.,-1.,2.22044604925031E-16));
#2429=DIRECTION('center_axis',(0.,-2.22044604925031E-16,-1.));
#2430=DIRECTION('ref_axis',(0.,-1.,0.));
#2431=DIRECTION('',(-1.,0.,0.));
#2432=DIRECTION('center_axis',(0.,-2.22044604925031E-16,-1.));
#2433=DIRECTION('ref_axis',(-1.,0.,0.));
#2434=DIRECTION('',(-1.,0.,0.));
#2435=DIRECTION('center_axis',(0.,-2.22044604925031E-16,-1.));
#2436=DIRECTION('ref_axis',(-1.,0.,0.));
#2437=DIRECTION('',(0.,1.,-2.22044604925031E-16));
#2438=DIRECTION('center_axis',(0.,-2.22044604925031E-16,-1.));
#2439=DIRECTION('ref_axis',(-2.22044604925028E-14,1.,0.));
#2440=DIRECTION('',(1.,0.,0.));
#2441=DIRECTION('center_axis',(0.,-2.22044604925031E-16,-1.));
#2442=DIRECTION('ref_axis',(1.,0.,0.));
#2443=DIRECTION('',(0.,-1.,2.22044604925031E-16));
#2444=DIRECTION('center_axis',(0.,-2.22044604925031E-16,-1.));
#2445=DIRECTION('ref_axis',(0.,-1.,0.));
#2446=DIRECTION('center_axis',(0.,1.,-2.22044604925031E-16));
#2447=DIRECTION('ref_axis',(1.,0.,0.));
#2448=DIRECTION('',(0.,2.22044604925031E-16,1.));
#2449=DIRECTION('',(1.,0.,0.));
#2450=DIRECTION('',(0.,2.22044604925031E-16,1.));
#2451=DIRECTION('center_axis',(0.,-1.,2.22044604925031E-16));
#2452=DIRECTION('ref_axis',(-0.707106781186547,0.,0.707106781186547));
#2453=DIRECTION('',(0.,2.22044604925031E-16,1.));
#2454=DIRECTION('',(1.,0.,0.));
#2455=DIRECTION('',(0.,2.22044604925031E-16,1.));
#2456=DIRECTION('',(1.,0.,0.));
#2457=DIRECTION('center_axis',(0.,-1.,2.22044604925031E-16));
#2458=DIRECTION('ref_axis',(-0.707106781186547,0.,0.707106781186547));
#2459=DIRECTION('',(0.,-1.,2.22044604925031E-16));
#2460=DIRECTION('center_axis',(0.,1.,-3.55271367880049E-15));
#2461=DIRECTION('ref_axis',(-1.,0.,0.));
#2462=DIRECTION('center_axis',(-0.408248290463861,-0.40824829046386,-0.816496580927728));
#2463=DIRECTION('ref_axis',(-0.577350269189627,-0.577350269189628,0.577350269189623));
#2464=DIRECTION('center_axis',(0.,2.22044604925031E-16,1.));
#2465=DIRECTION('ref_axis',(-0.707106781186547,-0.707106781186548,0.));
#2466=DIRECTION('center_axis',(-1.,0.,0.));
#2467=DIRECTION('ref_axis',(0.,-2.22044604925031E-16,-1.));
#2468=DIRECTION('',(0.,-1.,2.22044604925031E-16));
#2469=DIRECTION('',(0.,-2.22044604925031E-16,-1.));
#2470=DIRECTION('center_axis',(0.,1.,0.));
#2471=DIRECTION('ref_axis',(1.,0.,0.));
#2472=DIRECTION('',(-1.,0.,0.));
#2473=DIRECTION('',(0.,0.,-1.));
#2474=DIRECTION('',(0.,0.,-1.));
#2475=DIRECTION('center_axis',(0.,0.,-1.));
#2476=DIRECTION('ref_axis',(-2.22044604925028E-14,1.,0.));
#2477=DIRECTION('center_axis',(0.,2.22044604925031E-16,1.));
#2478=DIRECTION('ref_axis',(-2.22044604925028E-14,1.,0.));
#2479=DIRECTION('',(0.,0.,-1.));
#2480=DIRECTION('center_axis',(-1.,0.,0.));
#2481=DIRECTION('ref_axis',(0.,1.,0.));
#2482=DIRECTION('',(0.,-1.,2.22044604925031E-16));
#2483=DIRECTION('',(0.,0.,-1.));
#2484=DIRECTION('center_axis',(0.,0.,-1.));
#2485=DIRECTION('ref_axis',(-1.,0.,0.));
#2486=DIRECTION('center_axis',(0.,2.22044604925031E-16,1.));
#2487=DIRECTION('ref_axis',(-1.,0.,0.));
#2488=DIRECTION('',(0.,0.,-1.));
#2489=DIRECTION('center_axis',(0.,-1.,0.));
#2490=DIRECTION('ref_axis',(-1.,0.,0.));
#2491=DIRECTION('',(1.,0.,0.));
#2492=DIRECTION('',(0.,0.,-1.));
#2493=DIRECTION('center_axis',(0.,0.,-1.));
#2494=DIRECTION('ref_axis',(0.,-1.,0.));
#2495=DIRECTION('center_axis',(0.,2.22044604925031E-16,1.));
#2496=DIRECTION('ref_axis',(0.,-1.,0.));
#2497=DIRECTION('',(0.,0.,-1.));
#2498=DIRECTION('center_axis',(1.,0.,0.));
#2499=DIRECTION('ref_axis',(0.,-1.,0.));
#2500=DIRECTION('',(0.,1.,-2.22044604925031E-16));
#2501=DIRECTION('',(0.,0.,-1.));
#2502=DIRECTION('center_axis',(0.,0.,-1.));
#2503=DIRECTION('ref_axis',(1.,0.,0.));
#2504=DIRECTION('center_axis',(0.,2.22044604925031E-16,1.));
#2505=DIRECTION('ref_axis',(1.,0.,0.));
#2506=DIRECTION('center_axis',(1.,0.,0.));
#2507=DIRECTION('ref_axis',(0.,-1.,0.));
#2508=DIRECTION('',(0.,1.,-2.22044604925031E-16));
#2509=DIRECTION('',(0.,0.,-1.));
#2510=DIRECTION('',(0.,0.,-1.));
#2511=DIRECTION('center_axis',(0.,0.,-1.));
#2512=DIRECTION('ref_axis',(1.,0.,0.));
#2513=DIRECTION('center_axis',(0.,2.22044604925031E-16,1.));
#2514=DIRECTION('ref_axis',(1.,0.,0.));
#2515=DIRECTION('',(0.,0.,-1.));
#2516=DIRECTION('center_axis',(0.,1.,0.));
#2517=DIRECTION('ref_axis',(1.,0.,0.));
#2518=DIRECTION('',(-1.,0.,0.));
#2519=DIRECTION('',(0.,0.,-1.));
#2520=DIRECTION('center_axis',(0.,0.,-1.));
#2521=DIRECTION('ref_axis',(-1.77635683940023E-14,1.,0.));
#2522=DIRECTION('center_axis',(0.,2.22044604925031E-16,1.));
#2523=DIRECTION('ref_axis',(-1.77635683940023E-14,1.,0.));
#2524=DIRECTION('',(0.,0.,-1.));
#2525=DIRECTION('center_axis',(-1.,0.,0.));
#2526=DIRECTION('ref_axis',(0.,1.,0.));
#2527=DIRECTION('',(0.,-1.,2.22044604925031E-16));
#2528=DIRECTION('',(0.,0.,-1.));
#2529=DIRECTION('center_axis',(0.,0.,-1.));
#2530=DIRECTION('ref_axis',(-1.,0.,0.));
#2531=DIRECTION('center_axis',(0.,2.22044604925031E-16,1.));
#2532=DIRECTION('ref_axis',(-1.,0.,0.));
#2533=DIRECTION('',(0.,0.,-1.));
#2534=DIRECTION('center_axis',(0.,-1.,0.));
#2535=DIRECTION('ref_axis',(-1.,0.,0.));
#2536=DIRECTION('',(1.,0.,0.));
#2537=DIRECTION('',(0.,0.,-1.));
#2538=DIRECTION('center_axis',(0.,0.,-1.));
#2539=DIRECTION('ref_axis',(0.,-1.,0.));
#2540=DIRECTION('center_axis',(0.,2.22044604925031E-16,1.));
#2541=DIRECTION('ref_axis',(0.,-1.,0.));
#2542=DIRECTION('center_axis',(0.,1.,0.));
#2543=DIRECTION('ref_axis',(1.,0.,0.));
#2544=DIRECTION('',(-1.,0.,0.));
#2545=DIRECTION('',(0.,0.,-1.));
#2546=DIRECTION('',(0.,0.,-1.));
#2547=DIRECTION('center_axis',(0.,0.,-1.));
#2548=DIRECTION('ref_axis',(-1.77635683940023E-14,1.,0.));
#2549=DIRECTION('center_axis',(0.,2.22044604925031E-16,1.));
#2550=DIRECTION('ref_axis',(-1.77635683940023E-14,1.,0.));
#2551=DIRECTION('',(0.,0.,-1.));
#2552=DIRECTION('center_axis',(-1.,-1.70803546361455E-16,0.));
#2553=DIRECTION('ref_axis',(-1.70803546361455E-16,1.,0.));
#2554=DIRECTION('',(1.70803546361455E-16,-1.,2.22044604925031E-16));
#2555=DIRECTION('',(0.,0.,-1.));
#2556=DIRECTION('center_axis',(0.,0.,-1.));
#2557=DIRECTION('ref_axis',(-1.,0.,0.));
#2558=DIRECTION('center_axis',(0.,2.22044604925031E-16,1.));
#2559=DIRECTION('ref_axis',(-1.,0.,0.));
#2560=DIRECTION('',(0.,0.,-1.));
#2561=DIRECTION('center_axis',(0.,-1.,0.));
#2562=DIRECTION('ref_axis',(-1.,0.,0.));
#2563=DIRECTION('',(1.,0.,0.));
#2564=DIRECTION('',(0.,0.,-1.));
#2565=DIRECTION('center_axis',(0.,0.,-1.));
#2566=DIRECTION('ref_axis',(1.77635683940023E-14,-1.,0.));
#2567=DIRECTION('center_axis',(0.,2.22044604925031E-16,1.));
#2568=DIRECTION('ref_axis',(1.77635683940023E-14,-1.,0.));
#2569=DIRECTION('',(0.,0.,-1.));
#2570=DIRECTION('center_axis',(1.,1.70803546361455E-16,0.));
#2571=DIRECTION('ref_axis',(1.70803546361455E-16,-1.,0.));
#2572=DIRECTION('',(-1.70803546361455E-16,1.,-2.22044604925031E-16));
#2573=DIRECTION('',(0.,0.,-1.));
#2574=DIRECTION('center_axis',(0.,0.,-1.));
#2575=DIRECTION('ref_axis',(1.,0.,0.));
#2576=DIRECTION('center_axis',(0.,2.22044604925031E-16,1.));
#2577=DIRECTION('ref_axis',(1.,0.,0.));
#2578=DIRECTION('center_axis',(1.,0.,0.));
#2579=DIRECTION('ref_axis',(0.,-1.,0.));
#2580=DIRECTION('',(0.,1.,-2.22044604925031E-16));
#2581=DIRECTION('',(0.,0.,-1.));
#2582=DIRECTION('',(0.,0.,-1.));
#2583=DIRECTION('center_axis',(0.,0.,-1.));
#2584=DIRECTION('ref_axis',(1.,0.,0.));
#2585=DIRECTION('center_axis',(0.,2.22044604925031E-16,1.));
#2586=DIRECTION('ref_axis',(1.,0.,0.));
#2587=DIRECTION('',(0.,0.,-1.));
#2588=DIRECTION('center_axis',(0.,1.,0.));
#2589=DIRECTION('ref_axis',(1.,0.,0.));
#2590=DIRECTION('',(-1.,0.,0.));
#2591=DIRECTION('',(0.,0.,-1.));
#2592=DIRECTION('center_axis',(0.,0.,-1.));
#2593=DIRECTION('ref_axis',(-2.22044604925028E-14,1.,0.));
#2594=DIRECTION('center_axis',(0.,2.22044604925031E-16,1.));
#2595=DIRECTION('ref_axis',(-2.22044604925028E-14,1.,0.));
#2596=DIRECTION('',(0.,0.,-1.));
#2597=DIRECTION('center_axis',(-1.,0.,0.));
#2598=DIRECTION('ref_axis',(0.,1.,0.));
#2599=DIRECTION('',(0.,-1.,2.22044604925031E-16));
#2600=DIRECTION('',(0.,0.,-1.));
#2601=DIRECTION('center_axis',(0.,0.,-1.));
#2602=DIRECTION('ref_axis',(-1.,0.,0.));
#2603=DIRECTION('center_axis',(0.,2.22044604925031E-16,1.));
#2604=DIRECTION('ref_axis',(-1.,0.,0.));
#2605=DIRECTION('',(0.,0.,-1.));
#2606=DIRECTION('center_axis',(0.,-1.,0.));
#2607=DIRECTION('ref_axis',(-1.,0.,0.));
#2608=DIRECTION('',(1.,0.,0.));
#2609=DIRECTION('',(0.,0.,-1.));
#2610=DIRECTION('center_axis',(0.,0.,-1.));
#2611=DIRECTION('ref_axis',(0.,-1.,0.));
#2612=DIRECTION('center_axis',(0.,2.22044604925031E-16,1.));
#2613=DIRECTION('ref_axis',(0.,-1.,0.));
#2614=DIRECTION('center_axis',(0.,1.,0.));
#2615=DIRECTION('ref_axis',(1.,0.,0.));
#2616=DIRECTION('',(-1.,0.,0.));
#2617=DIRECTION('',(0.,0.,-1.));
#2618=DIRECTION('',(0.,0.,-1.));
#2619=DIRECTION('center_axis',(0.,0.,-1.));
#2620=DIRECTION('ref_axis',(-2.22044604925028E-14,1.,0.));
#2621=DIRECTION('center_axis',(0.,2.22044604925031E-16,1.));
#2622=DIRECTION('ref_axis',(-2.22044604925028E-14,1.,0.));
#2623=DIRECTION('',(0.,0.,-1.));
#2624=DIRECTION('center_axis',(-1.,0.,0.));
#2625=DIRECTION('ref_axis',(0.,1.,0.));
#2626=DIRECTION('',(0.,-1.,2.22044604925031E-16));
#2627=DIRECTION('',(0.,0.,-1.));
#2628=DIRECTION('center_axis',(0.,0.,-1.));
#2629=DIRECTION('ref_axis',(-1.,0.,0.));
#2630=DIRECTION('center_axis',(0.,2.22044604925031E-16,1.));
#2631=DIRECTION('ref_axis',(-1.,0.,0.));
#2632=DIRECTION('',(0.,0.,-1.));
#2633=DIRECTION('center_axis',(0.,-1.,0.));
#2634=DIRECTION('ref_axis',(-1.,0.,0.));
#2635=DIRECTION('',(1.,0.,0.));
#2636=DIRECTION('',(0.,0.,-1.));
#2637=DIRECTION('center_axis',(0.,0.,-1.));
#2638=DIRECTION('ref_axis',(0.,-1.,0.));
#2639=DIRECTION('center_axis',(0.,2.22044604925031E-16,1.));
#2640=DIRECTION('ref_axis',(0.,-1.,0.));
#2641=DIRECTION('',(0.,0.,-1.));
#2642=DIRECTION('center_axis',(1.,0.,0.));
#2643=DIRECTION('ref_axis',(0.,-1.,0.));
#2644=DIRECTION('',(0.,1.,-2.22044604925031E-16));
#2645=DIRECTION('',(0.,0.,-1.));
#2646=DIRECTION('center_axis',(0.,0.,-1.));
#2647=DIRECTION('ref_axis',(1.,0.,0.));
#2648=DIRECTION('center_axis',(0.,2.22044604925031E-16,1.));
#2649=DIRECTION('ref_axis',(1.,0.,0.));
#2650=DIRECTION('center_axis',(-1.,0.,0.));
#2651=DIRECTION('ref_axis',(0.,1.,0.));
#2652=DIRECTION('',(0.,-1.,2.22044604925031E-16));
#2653=DIRECTION('',(0.,0.,-1.));
#2654=DIRECTION('',(0.,0.,-1.));
#2655=DIRECTION('center_axis',(0.,0.,-1.));
#2656=DIRECTION('ref_axis',(-1.,0.,0.));
#2657=DIRECTION('center_axis',(0.,2.22044604925031E-16,1.));
#2658=DIRECTION('ref_axis',(-1.,0.,0.));
#2659=DIRECTION('',(0.,0.,-1.));
#2660=DIRECTION('center_axis',(0.,-1.,0.));
#2661=DIRECTION('ref_axis',(-1.,0.,0.));
#2662=DIRECTION('',(1.,0.,0.));
#2663=DIRECTION('',(0.,0.,-1.));
#2664=DIRECTION('center_axis',(0.,0.,-1.));
#2665=DIRECTION('ref_axis',(2.22044604925028E-14,-1.,0.));
#2666=DIRECTION('center_axis',(0.,2.22044604925031E-16,1.));
#2667=DIRECTION('ref_axis',(2.22044604925028E-14,-1.,0.));
#2668=DIRECTION('',(0.,0.,-1.));
#2669=DIRECTION('center_axis',(1.,1.70803546361455E-16,0.));
#2670=DIRECTION('ref_axis',(1.70803546361455E-16,-1.,0.));
#2671=DIRECTION('',(-1.70803546361455E-16,1.,-2.22044604925031E-16));
#2672=DIRECTION('',(0.,0.,-1.));
#2673=DIRECTION('center_axis',(0.,0.,-1.));
#2674=DIRECTION('ref_axis',(1.,0.,0.));
#2675=DIRECTION('center_axis',(0.,2.22044604925031E-16,1.));
#2676=DIRECTION('ref_axis',(1.,0.,0.));
#2677=DIRECTION('',(0.,0.,-1.));
#2678=DIRECTION('center_axis',(0.,1.,0.));
#2679=DIRECTION('ref_axis',(1.,0.,0.));
#2680=DIRECTION('',(-1.,0.,0.));
#2681=DIRECTION('',(0.,0.,-1.));
#2682=DIRECTION('center_axis',(0.,0.,-1.));
#2683=DIRECTION('ref_axis',(0.,1.,0.));
#2684=DIRECTION('center_axis',(0.,2.22044604925031E-16,1.));
#2685=DIRECTION('ref_axis',(0.,1.,0.));
#2686=DIRECTION('center_axis',(0.,-2.22044604925031E-16,-1.));
#2687=DIRECTION('ref_axis',(-0.707106781186547,-0.707106781186547,1.57009245868377E-16));
#2688=DIRECTION('center_axis',(0.,2.22044604925031E-16,1.));
#2689=DIRECTION('ref_axis',(-0.707106781186547,-0.707106781186547,1.57009245868377E-16));
#2690=DIRECTION('',(0.,2.22044604925031E-16,1.));
#2691=DIRECTION('center_axis',(0.,2.22044604925031E-16,1.));
#2692=DIRECTION('ref_axis',(-1.,0.,0.));
#2693=DIRECTION('',(0.,-1.,2.22044604925031E-16));
#2694=DIRECTION('',(-1.,0.,0.));
#2695=DIRECTION('',(0.,-1.,2.22044604925031E-16));
#2696=DIRECTION('center_axis',(0.,-1.,0.));
#2697=DIRECTION('ref_axis',(1.,0.,0.));
#2698=DIRECTION('',(-1.,0.,0.));
#2699=DIRECTION('',(0.,0.,1.));
#2700=DIRECTION('',(1.,0.,0.));
#2701=DIRECTION('',(0.,0.,1.));
#2702=DIRECTION('center_axis',(-1.,0.,0.));
#2703=DIRECTION('ref_axis',(0.,-1.,0.));
#2704=DIRECTION('',(0.,1.,-2.22044604925031E-16));
#2705=DIRECTION('',(0.,-1.,0.));
#2706=DIRECTION('',(0.,0.,1.));
#2707=DIRECTION('center_axis',(0.,1.,0.));
#2708=DIRECTION('ref_axis',(-1.,0.,0.));
#2709=DIRECTION('',(1.,0.,0.));
#2710=DIRECTION('',(-1.,0.,0.));
#2711=DIRECTION('',(0.,0.,1.));
#2712=DIRECTION('center_axis',(1.,0.,0.));
#2713=DIRECTION('ref_axis',(0.,1.,0.));
#2714=DIRECTION('',(0.,-1.,2.22044604925031E-16));
#2715=DIRECTION('',(0.,1.,0.));
#2716=DIRECTION('center_axis',(0.,0.,1.));
#2717=DIRECTION('ref_axis',(1.,0.,0.));
#2718=DIRECTION('center_axis',(0.,2.22044604925031E-16,1.));
#2719=DIRECTION('ref_axis',(0.707106781186547,-0.707106781186547,1.57009245868377E-16));
#2720=DIRECTION('',(0.,-2.22044604925031E-16,-1.));
#2721=DIRECTION('center_axis',(0.,2.22044604925031E-16,1.));
#2722=DIRECTION('ref_axis',(0.707106781186547,-0.707106781186547,1.57009245868377E-16));
#2723=DIRECTION('',(0.,2.22044604925031E-16,1.));
#2724=DIRECTION('center_axis',(0.,-1.,2.22044604925031E-16));
#2725=DIRECTION('ref_axis',(-1.,0.,0.));
#2726=DIRECTION('',(1.,0.,0.));
#2727=DIRECTION('',(1.,0.,0.));
#2728=DIRECTION('',(0.,-2.22044604925031E-16,-1.));
#2729=DIRECTION('',(-1.,0.,0.));
#2730=DIRECTION('',(0.,2.22044604925031E-16,1.));
#2731=DIRECTION('center_axis',(0.,-2.22044604925031E-16,-1.));
#2732=DIRECTION('ref_axis',(1.,0.,0.));
#2733=DIRECTION('',(0.,-1.,2.22044604925031E-16));
#2734=DIRECTION('center_axis',(0.,-2.22044604925031E-16,-1.));
#2735=DIRECTION('ref_axis',(1.,0.,0.));
#2736=DIRECTION('',(1.,0.,0.));
#2737=DIRECTION('',(0.,-1.,2.22044604925031E-16));
#2738=DIRECTION('',(0.,-1.,2.22044604925031E-16));
#2739=DIRECTION('center_axis',(1.,0.,0.));
#2740=DIRECTION('ref_axis',(0.,2.22044604925031E-16,1.));
#2741=DIRECTION('',(0.,2.22044604925031E-16,1.));
#2742=DIRECTION('',(0.,-1.,2.22044604925031E-16));
#2743=DIRECTION('center_axis',(0.,2.22044604925031E-16,1.));
#2744=DIRECTION('ref_axis',(-1.,0.,0.));
#2745=DIRECTION('',(-1.,0.,0.));
#2746=DIRECTION('',(0.,-1.,2.22044604925031E-16));
#2747=DIRECTION('center_axis',(-1.,0.,0.));
#2748=DIRECTION('ref_axis',(0.,-2.22044604925031E-16,-1.));
#2749=DIRECTION('',(0.,-2.22044604925031E-16,-1.));
#2750=DIRECTION('center_axis',(1.,0.,0.));
#2751=DIRECTION('ref_axis',(0.,2.22044604925031E-16,1.));
#2752=DIRECTION('',(0.,-1.,2.22044604925031E-16));
#2753=DIRECTION('',(0.,2.22044604925031E-16,1.));
#2754=DIRECTION('center_axis',(0.,-2.22044604925031E-16,-1.));
#2755=DIRECTION('ref_axis',(1.,0.,0.));
#2756=DIRECTION('',(0.,-1.,2.22044604925031E-16));
#2757=DIRECTION('',(1.,0.,0.));
#2758=DIRECTION('center_axis',(-1.,0.,0.));
#2759=DIRECTION('ref_axis',(0.,-2.22044604925031E-16,-1.));
#2760=DIRECTION('',(0.,-2.22044604925031E-16,-1.));
#2761=DIRECTION('center_axis',(0.,-1.,2.22044604925031E-16));
#2762=DIRECTION('ref_axis',(-1.,0.,0.));
#2763=DIRECTION('center_axis',(1.,0.,0.));
#2764=DIRECTION('ref_axis',(0.,2.22044604925031E-16,1.));
#2765=DIRECTION('center_axis',(1.,0.,0.));
#2766=DIRECTION('ref_axis',(0.,1.,0.));
#2767=DIRECTION('',(0.,-1.,0.));
#2768=DIRECTION('',(0.,0.,1.));
#2769=DIRECTION('',(0.,1.,0.));
#2770=DIRECTION('',(0.,0.,1.));
#2771=DIRECTION('center_axis',(0.,-1.,0.));
#2772=DIRECTION('ref_axis',(1.,0.,0.));
#2773=DIRECTION('',(-1.,0.,0.));
#2774=DIRECTION('',(1.,0.,0.));
#2775=DIRECTION('',(0.,0.,1.));
#2776=DIRECTION('center_axis',(-1.,0.,0.));
#2777=DIRECTION('ref_axis',(0.,-1.,0.));
#2778=DIRECTION('',(0.,1.,0.));
#2779=DIRECTION('',(0.,-1.,0.));
#2780=DIRECTION('',(0.,0.,1.));
#2781=DIRECTION('center_axis',(0.,1.,0.));
#2782=DIRECTION('ref_axis',(-1.,0.,0.));
#2783=DIRECTION('',(1.,0.,0.));
#2784=DIRECTION('',(-1.,0.,0.));
#2785=DIRECTION('center_axis',(0.,0.,1.));
#2786=DIRECTION('ref_axis',(1.,0.,0.));
#2787=DIRECTION('center_axis',(0.,0.,1.));
#2788=DIRECTION('ref_axis',(-1.,0.,0.));
#2789=DIRECTION('center_axis',(1.,0.,0.));
#2790=DIRECTION('ref_axis',(0.,1.,0.));
#2791=DIRECTION('',(0.,-1.,0.));
#2792=DIRECTION('',(0.,0.,1.));
#2793=DIRECTION('',(0.,1.,0.));
#2794=DIRECTION('',(0.,0.,1.));
#2795=DIRECTION('center_axis',(0.,-1.,0.));
#2796=DIRECTION('ref_axis',(1.,0.,0.));
#2797=DIRECTION('',(-1.,0.,0.));
#2798=DIRECTION('',(1.,0.,0.));
#2799=DIRECTION('',(0.,0.,1.));
#2800=DIRECTION('center_axis',(-1.,0.,0.));
#2801=DIRECTION('ref_axis',(0.,-1.,0.));
#2802=DIRECTION('',(0.,1.,0.));
#2803=DIRECTION('',(0.,-1.,0.));
#2804=DIRECTION('',(0.,0.,1.));
#2805=DIRECTION('center_axis',(0.,1.,0.));
#2806=DIRECTION('ref_axis',(-1.,0.,0.));
#2807=DIRECTION('',(1.,0.,0.));
#2808=DIRECTION('',(-1.,0.,0.));
#2809=DIRECTION('center_axis',(0.,0.,1.));
#2810=DIRECTION('ref_axis',(1.,0.,0.));
#2811=DIRECTION('center_axis',(0.,0.,1.));
#2812=DIRECTION('ref_axis',(-1.,0.,0.));
#2813=DIRECTION('center_axis',(1.22464679914735E-16,2.22044604925031E-16,
-1.));
#2814=DIRECTION('ref_axis',(0.707106781186548,0.707106781186548,1.57009245868377E-16));
#2815=DIRECTION('center_axis',(-1.22464679914735E-16,-2.22044604925031E-16,
1.));
#2816=DIRECTION('ref_axis',(0.707106781186548,0.707106781186548,1.57009245868377E-16));
#2817=DIRECTION('',(1.22464679914735E-16,2.22044604925031E-16,-1.));
#2818=DIRECTION('center_axis',(1.22464679914735E-16,2.22044604925031E-16,
-1.));
#2819=DIRECTION('ref_axis',(0.707106781186548,0.707106781186548,1.57009245868377E-16));
#2820=DIRECTION('',(-1.22464679914735E-16,-2.22044604925031E-16,1.));
#2821=DIRECTION('center_axis',(0.,-1.,-2.22044604925031E-16));
#2822=DIRECTION('ref_axis',(-1.,2.71926214689378E-32,-1.22464679914735E-16));
#2823=DIRECTION('',(-1.,2.71926214689378E-32,-1.22464679914735E-16));
#2824=DIRECTION('',(-1.22464679914735E-16,-2.22044604925031E-16,1.));
#2825=DIRECTION('',(-1.,2.71926214689378E-32,-1.22464679914735E-16));
#2826=DIRECTION('center_axis',(1.22464679914735E-16,2.22044604925031E-16,
-1.));
#2827=DIRECTION('ref_axis',(-0.707106781186548,0.707106781186548,1.57009245868377E-16));
#2828=DIRECTION('center_axis',(-1.22464679914735E-16,-2.22044604925031E-16,
1.));
#2829=DIRECTION('ref_axis',(-0.707106781186548,0.707106781186548,1.57009245868377E-16));
#2830=DIRECTION('',(1.22464679914735E-16,2.22044604925031E-16,-1.));
#2831=DIRECTION('center_axis',(1.22464679914735E-16,2.22044604925031E-16,
-1.));
#2832=DIRECTION('ref_axis',(-0.707106781186548,0.707106781186548,1.57009245868377E-16));
#2833=DIRECTION('center_axis',(1.,-2.71926214689378E-32,1.22464679914735E-16));
#2834=DIRECTION('ref_axis',(0.,-1.,-2.22044604925031E-16));
#2835=DIRECTION('',(0.,-1.,-2.22044604925031E-16));
#2836=DIRECTION('',(-1.22464679914735E-16,-2.22044604925031E-16,1.));
#2837=DIRECTION('',(0.,-1.,-2.22044604925031E-16));
#2838=DIRECTION('center_axis',(-1.,4.71432363550305E-16,-1.22464679914735E-16));
#2839=DIRECTION('ref_axis',(4.71432363550305E-16,1.,2.22044604925031E-16));
#2840=DIRECTION('',(4.71432363550305E-16,1.,2.22044604925031E-16));
#2841=DIRECTION('',(1.22464679914735E-16,2.22044604925031E-16,-1.));
#2842=DIRECTION('',(4.71432363550305E-16,1.,2.22044604925031E-16));
#2843=DIRECTION('center_axis',(-1.22464679914735E-16,-2.22044604925031E-16,
1.));
#2844=DIRECTION('ref_axis',(0.707106781186547,-0.707106781186548,-1.57009245868378E-16));
#2845=DIRECTION('center_axis',(1.22464679914735E-16,2.22044604925031E-16,
-1.));
#2846=DIRECTION('ref_axis',(0.707106781186547,-0.707106781186548,-1.57009245868378E-16));
#2847=DIRECTION('',(-1.22464679914735E-16,-2.22044604925031E-16,1.));
#2848=DIRECTION('center_axis',(-1.22464679914735E-16,-2.22044604925031E-16,
1.));
#2849=DIRECTION('ref_axis',(0.707106781186547,-0.707106781186548,-1.57009245868378E-16));
#2850=DIRECTION('center_axis',(0.,1.,2.22044604925031E-16));
#2851=DIRECTION('ref_axis',(1.,-2.71926214689378E-32,1.22464679914735E-16));
#2852=DIRECTION('',(1.,-2.71926214689378E-32,1.22464679914735E-16));
#2853=DIRECTION('',(1.22464679914735E-16,2.22044604925031E-16,-1.));
#2854=DIRECTION('',(1.,-2.71926214689378E-32,1.22464679914735E-16));
#2855=DIRECTION('center_axis',(1.22464679914735E-16,2.22044604925031E-16,
-1.));
#2856=DIRECTION('ref_axis',(-0.707106781186547,-0.707106781186547,-1.57009245868377E-16));
#2857=DIRECTION('center_axis',(-1.22464679914735E-16,-2.22044604925031E-16,
1.));
#2858=DIRECTION('ref_axis',(-0.707106781186547,-0.707106781186547,-1.57009245868377E-16));
#2859=DIRECTION('center_axis',(1.22464679914735E-16,2.22044604925031E-16,
-1.));
#2860=DIRECTION('ref_axis',(-0.707106781186547,-0.707106781186547,-1.57009245868377E-16));
#2861=DIRECTION('center_axis',(0.,-1.,-2.22044604925031E-16));
#2862=DIRECTION('ref_axis',(0.799999999999999,-1.33226762955019E-16,0.600000000000001));
#2863=DIRECTION('center_axis',(0.,-1.,-2.22044604925031E-16));
#2864=DIRECTION('ref_axis',(0.799999999999999,-1.33226762955019E-16,0.600000000000001));
#2865=DIRECTION('',(0.,-1.,-2.22044604925031E-16));
#2866=DIRECTION('center_axis',(0.,1.,2.22044604925031E-16));
#2867=DIRECTION('ref_axis',(0.,-2.22044604925031E-16,1.));
#2868=DIRECTION('',(0.,-1.,-2.22044604925031E-16));
#2869=DIRECTION('center_axis',(1.,0.,0.));
#2870=DIRECTION('ref_axis',(0.,-2.22044604925031E-16,1.));
#2871=DIRECTION('center_axis',(-1.22464679914735E-16,-2.22044604925031E-16,
1.));
#2872=DIRECTION('ref_axis',(0.707106781186547,-0.707106781186547,-1.57009245868377E-16));
#2873=DIRECTION('center_axis',(1.22464679914735E-16,2.22044604925031E-16,
-1.));
#2874=DIRECTION('ref_axis',(-1.,0.,0.));
#2875=DIRECTION('center_axis',(-1.,2.71926214689378E-32,-1.22464679914735E-16));
#2876=DIRECTION('ref_axis',(0.,-0.799999999999999,0.600000000000001));
#2877=DIRECTION('center_axis',(1.,0.,0.));
#2878=DIRECTION('ref_axis',(0.,-2.22044604925031E-16,1.));
#2879=DIRECTION('',(-1.,2.71926214689378E-32,-1.22464679914735E-16));
#2880=DIRECTION('',(-1.,2.71926214689378E-32,-1.22464679914735E-16));
#2881=DIRECTION('center_axis',(0.,-1.,-2.22044604925031E-16));
#2882=DIRECTION('ref_axis',(0.,-2.22044604925031E-16,1.));
#2883=DIRECTION('center_axis',(-1.22464679914735E-16,-2.22044604925031E-16,
1.));
#2884=DIRECTION('ref_axis',(-0.707106781186547,-0.707106781186547,-1.57009245868377E-16));
#2885=DIRECTION('center_axis',(1.22464679914735E-16,2.22044604925031E-16,
-1.));
#2886=DIRECTION('ref_axis',(6.12323399573673E-16,1.,2.22044604925031E-16));
#2887=DIRECTION('center_axis',(0.,1.,2.22044604925031E-16));
#2888=DIRECTION('ref_axis',(-0.800000000000002,-1.33226762955018E-16,0.599999999999998));
#2889=DIRECTION('center_axis',(0.,-1.,-2.22044604925031E-16));
#2890=DIRECTION('ref_axis',(-0.800000000000002,-1.33226762955018E-16,0.599999999999998));
#2891=DIRECTION('',(0.,1.,2.22044604925031E-16));
#2892=DIRECTION('',(0.,1.,2.22044604925031E-16));
#2893=DIRECTION('center_axis',(1.22464679914735E-16,2.22044604925031E-16,
-1.));
#2894=DIRECTION('ref_axis',(-1.,2.71926214689378E-32,-1.22464679914735E-16));
#2895=DIRECTION('',(-1.,0.,0.));
#2896=DIRECTION('',(-1.,2.71926214689378E-32,-1.22464679914735E-16));
#2897=DIRECTION('',(0.,-1.,-2.22044604925031E-16));
#2898=DIRECTION('',(1.,-2.71926214689378E-32,1.22464679914735E-16));
#2899=DIRECTION('',(0.,-1.,-2.22044604925031E-16));
#2900=DIRECTION('',(-1.,2.71926214689378E-32,-1.22464679914735E-16));
#2901=DIRECTION('',(0.,-1.,-2.22044604925031E-16));
#2902=DIRECTION('',(1.,-2.71926214689378E-32,1.22464679914735E-16));
#2903=DIRECTION('',(0.,1.,2.22044604925031E-16));
#2904=DIRECTION('center_axis',(0.,1.,2.22044604925031E-16));
#2905=DIRECTION('ref_axis',(1.,-2.71926214689378E-32,1.22464679914735E-16));
#2906=DIRECTION('',(1.,-2.71926214689378E-32,1.22464679914735E-16));
#2907=DIRECTION('center_axis',(1.22464679914735E-16,2.22044604925031E-16,
-1.));
#2908=DIRECTION('ref_axis',(-1.,2.71926214689378E-32,-1.22464679914735E-16));
#2909=DIRECTION('center_axis',(1.,-2.71926214689378E-32,1.22464679914735E-16));
#2910=DIRECTION('ref_axis',(0.,1.,2.22044604925031E-16));
#2911=DIRECTION('',(-1.22464679914735E-16,-2.22044604925031E-16,1.));
#2912=DIRECTION('',(0.,1.,2.22044604925031E-16));
#2913=DIRECTION('',(-1.22464679914735E-16,-2.22044604925031E-16,1.));
#2914=DIRECTION('center_axis',(1.,-2.71926214689378E-32,1.22464679914735E-16));
#2915=DIRECTION('ref_axis',(0.,-1.,-2.22044604925031E-16));
#2916=DIRECTION('',(1.22464679914735E-16,2.22044604925031E-16,-1.));
#2917=DIRECTION('',(0.,-1.,-2.22044604925031E-16));
#2918=DIRECTION('',(-1.22464679914735E-16,-2.22044604925031E-16,1.));
#2919=DIRECTION('center_axis',(0.,1.,2.22044604925031E-16));
#2920=DIRECTION('ref_axis',(-1.,2.71926214689378E-32,-1.22464679914735E-16));
#2921=DIRECTION('',(-1.,2.71926214689378E-32,-1.22464679914735E-16));
#2922=DIRECTION('center_axis',(-1.,2.71926214689378E-32,-1.22464679914735E-16));
#2923=DIRECTION('ref_axis',(0.,1.,2.22044604925031E-16));
#2924=DIRECTION('',(-1.22464679914735E-16,-2.22044604925031E-16,1.));
#2925=DIRECTION('',(1.22464679914735E-16,2.22044604925031E-16,-1.));
#2926=DIRECTION('',(0.,1.,2.22044604925031E-16));
#2927=DIRECTION('center_axis',(-1.22464679914735E-16,-2.22044604925031E-16,
1.));
#2928=DIRECTION('ref_axis',(0.,1.,2.22044604925031E-16));
#2929=DIRECTION('',(-1.,2.71926214689378E-32,-1.22464679914735E-16));
#2930=DIRECTION('',(-1.,2.71926214689378E-32,-1.22464679914735E-16));
#2931=DIRECTION('',(0.,-1.,-2.22044604925031E-16));
#2932=DIRECTION('',(1.,-2.71926214689378E-32,1.22464679914735E-16));
#2933=DIRECTION('center_axis',(0.,1.,2.22044604925031E-16));
#2934=DIRECTION('ref_axis',(1.,-2.71926214689378E-32,1.22464679914735E-16));
#2935=DIRECTION('center_axis',(-1.,2.71926214689378E-32,-1.22464679914735E-16));
#2936=DIRECTION('ref_axis',(0.,-1.,-2.22044604925031E-16));
#2937=DIRECTION('',(-1.22464679914735E-16,-2.22044604925031E-16,1.));
#2938=DIRECTION('',(-1.22464679914735E-16,-2.22044604925031E-16,1.));
#2939=DIRECTION('center_axis',(0.,-1.,-2.22044604925031E-16));
#2940=DIRECTION('ref_axis',(1.,-2.71926214689378E-32,1.22464679914735E-16));
#2941=DIRECTION('center_axis',(0.,1.,2.22044604925031E-16));
#2942=DIRECTION('ref_axis',(-1.,2.71926214689378E-32,-1.22464679914735E-16));
#2943=CARTESIAN_POINT('',(0.,0.,0.));
#2944=CARTESIAN_POINT('Origin',(31.25,102.263108240321,24.2990858351198));
#2945=CARTESIAN_POINT('',(35.,98.513108240321,24.2990858351198));
#2946=CARTESIAN_POINT('Origin',(35.,102.263108240321,24.2990858351198));
#2947=CARTESIAN_POINT('',(30.,98.513108240321,24.2990858351198));
#2948=CARTESIAN_POINT('',(31.25,98.513108240321,24.2990858351198));
#2949=CARTESIAN_POINT('Origin',(30.,102.263108240321,24.2990858351198));
#2950=CARTESIAN_POINT('Origin',(30.,130.,44.695170521245));
#2951=CARTESIAN_POINT('',(35.,130.,44.695170521245));
#2952=CARTESIAN_POINT('',(30.,130.,49.695170521245));
#2953=CARTESIAN_POINT('Origin',(30.,130.,44.695170521245));
#2954=CARTESIAN_POINT('',(30.,75.0000000000001,49.6951705212451));
#2955=CARTESIAN_POINT('',(30.,130.,49.695170521245));
#2956=CARTESIAN_POINT('',(35.,75.0000000000001,44.695170521245));
#2957=CARTESIAN_POINT('Origin',(30.,75.0000000000001,44.695170521245));
#2958=CARTESIAN_POINT('',(35.,130.,44.695170521245));
#2959=CARTESIAN_POINT('Origin',(30.,75.0000000000001,44.6951705212451));
#2960=CARTESIAN_POINT('',(30.,70.0000000000001,44.695170521245));
#2961=CARTESIAN_POINT('Origin',(30.,75.0000000000001,44.6951705212451));
#2962=CARTESIAN_POINT('Origin',(30.,75.0000000000001,44.6951705212451));
#2963=CARTESIAN_POINT('Origin',(17.5,75.0000000000001,44.6951705212451));
#2964=CARTESIAN_POINT('',(-30.,75.0000000000001,49.6951705212451));
#2965=CARTESIAN_POINT('',(17.5,75.0000000000001,49.6951705212451));
#2966=CARTESIAN_POINT('',(-30.,70.,44.695170521245));
#2967=CARTESIAN_POINT('Origin',(-30.,75.0000000000001,44.6951705212451));
#2968=CARTESIAN_POINT('',(17.5,70.,44.695170521245));
#2969=CARTESIAN_POINT('Origin',(35.,130.,49.695170521245));
#2970=CARTESIAN_POINT('',(-30.,130.,49.695170521245));
#2971=CARTESIAN_POINT('',(17.5,130.,49.695170521245));
#2972=CARTESIAN_POINT('',(-30.,130.,49.695170521245));
#2973=CARTESIAN_POINT('',(-11.692802018424,98.6199978251755,49.695170521245));
#2974=CARTESIAN_POINT('',(-11.692802018424,85.6199981380999,49.695170521245));
#2975=CARTESIAN_POINT('',(-11.692802018424,114.309998912588,49.695170521245));
#2976=CARTESIAN_POINT('',(-12.192802018424,85.1199981380999,49.695170521245));
#2977=CARTESIAN_POINT('Origin',(-12.192802018424,85.6199981380999,49.695170521245));
#2978=CARTESIAN_POINT('',(-25.2000002771616,85.1199981380999,49.695170521245));
#2979=CARTESIAN_POINT('',(11.403598990788,85.1199981380999,49.695170521245));
#2980=CARTESIAN_POINT('',(-25.7000002771616,85.6199981380999,49.695170521245));
#2981=CARTESIAN_POINT('Origin',(-25.2000002771616,85.6199981380999,49.695170521245));
#2982=CARTESIAN_POINT('',(-25.7000002771616,98.6199978251755,49.695170521245));
#2983=CARTESIAN_POINT('',(-25.7000002771616,107.80999906905,49.695170521245));
#2984=CARTESIAN_POINT('',(-25.2000002771616,99.1199978251755,49.695170521245));
#2985=CARTESIAN_POINT('Origin',(-25.2000002771616,98.6199978251755,49.695170521245));
#2986=CARTESIAN_POINT('',(-12.192802018424,99.1199978251755,49.695170521245));
#2987=CARTESIAN_POINT('',(4.8999998614192,99.1199978251755,49.695170521245));
#2988=CARTESIAN_POINT('Origin',(-12.192802018424,98.6199978251755,49.695170521245));
#2989=CARTESIAN_POINT('',(6.89999940991401,110.1199981381,49.695170521245));
#2990=CARTESIAN_POINT('',(-6.09280201842401,110.1199981381,49.695170521245));
#2991=CARTESIAN_POINT('',(20.949999704957,110.1199981381,49.695170521245));
#2992=CARTESIAN_POINT('',(-6.59280201842401,110.6199981381,49.695170521245));
#2993=CARTESIAN_POINT('Origin',(-6.09280201842399,110.6199981381,49.695170521245));
#2994=CARTESIAN_POINT('',(-6.59280201842401,123.619997825176,49.695170521245));
#2995=CARTESIAN_POINT('',(-6.59280201842401,120.30999906905,49.695170521245));
#2996=CARTESIAN_POINT('',(-6.09280201842401,124.119997825176,49.695170521245));
#2997=CARTESIAN_POINT('Origin',(-6.09280201842399,123.619997825176,49.695170521245));
#2998=CARTESIAN_POINT('',(6.89999940991401,124.119997825176,49.695170521245));
#2999=CARTESIAN_POINT('',(14.453598990788,124.119997825176,49.695170521245));
#3000=CARTESIAN_POINT('',(7.39999940991402,123.619997825176,49.695170521245));
#3001=CARTESIAN_POINT('Origin',(6.89999940991401,123.619997825176,49.695170521245));
#3002=CARTESIAN_POINT('',(7.39999940991402,110.6199981381,49.695170521245));
#3003=CARTESIAN_POINT('',(7.39999940991402,126.809998912588,49.695170521245));
#3004=CARTESIAN_POINT('Origin',(6.89999940991401,110.6199981381,49.695170521245));
#3005=CARTESIAN_POINT('',(12.407197981576,110.6199981381,49.695170521245));
#3006=CARTESIAN_POINT('',(12.407197981576,123.619997825176,49.695170521245));
#3007=CARTESIAN_POINT('',(12.407197981576,120.30999906905,49.695170521245));
#3008=CARTESIAN_POINT('',(12.907197981576,124.119997825176,49.695170521245));
#3009=CARTESIAN_POINT('Origin',(12.907197981576,123.619997825176,49.695170521245));
#3010=CARTESIAN_POINT('',(25.899999409914,124.119997825176,49.695170521245));
#3011=CARTESIAN_POINT('',(23.953598990788,124.119997825176,49.695170521245));
#3012=CARTESIAN_POINT('',(26.399999409914,123.619997825176,49.695170521245));
#3013=CARTESIAN_POINT('Origin',(25.899999409914,123.619997825176,49.695170521245));
#3014=CARTESIAN_POINT('',(26.399999409914,110.6199981381,49.695170521245));
#3015=CARTESIAN_POINT('',(26.399999409914,126.809998912588,49.695170521245));
#3016=CARTESIAN_POINT('',(25.899999409914,110.1199981381,49.695170521245));
#3017=CARTESIAN_POINT('Origin',(25.899999409914,110.6199981381,49.695170521245));
#3018=CARTESIAN_POINT('',(12.907197981576,110.1199981381,49.695170521245));
#3019=CARTESIAN_POINT('',(30.449999704957,110.1199981381,49.695170521245));
#3020=CARTESIAN_POINT('Origin',(12.907197981576,110.6199981381,49.695170521245));
#3021=CARTESIAN_POINT('',(6.85719798157599,85.1199981380999,49.695170521245));
#3022=CARTESIAN_POINT('',(-6.14280201842401,85.1199981380999,49.695170521245));
#3023=CARTESIAN_POINT('',(20.928598990788,85.1199981380999,49.695170521245));
#3024=CARTESIAN_POINT('',(-6.64280201842401,85.6199981380999,49.695170521245));
#3025=CARTESIAN_POINT('Origin',(-6.142802018424,85.6199981380999,49.695170521245));
#3026=CARTESIAN_POINT('',(-6.64280201842401,98.6199978251755,49.695170521245));
#3027=CARTESIAN_POINT('',(-6.64280201842401,107.80999906905,49.695170521245));
#3028=CARTESIAN_POINT('',(-6.14280201842401,99.1199978251755,49.695170521245));
#3029=CARTESIAN_POINT('Origin',(-6.142802018424,98.6199978251755,49.695170521245));
#3030=CARTESIAN_POINT('',(6.85719798157599,99.1199978251755,49.695170521245));
#3031=CARTESIAN_POINT('',(14.428598990788,99.1199978251755,49.695170521245));
#3032=CARTESIAN_POINT('',(7.35719798157599,98.6199978251755,49.695170521245));
#3033=CARTESIAN_POINT('Origin',(6.85719798157598,98.6199978251755,49.695170521245));
#3034=CARTESIAN_POINT('',(7.35719798157599,85.6199981380999,49.695170521245));
#3035=CARTESIAN_POINT('',(7.35719798157599,114.309998912588,49.695170521245));
#3036=CARTESIAN_POINT('Origin',(6.85719798157598,85.6199981380999,49.695170521245));
#3037=CARTESIAN_POINT('',(-25.692802018424,110.6199981381,49.695170521245));
#3038=CARTESIAN_POINT('',(-25.692802018424,123.619997825176,49.695170521245));
#3039=CARTESIAN_POINT('',(-25.692802018424,120.30999906905,49.695170521245));
#3040=CARTESIAN_POINT('',(-25.192802018424,124.119997825176,49.695170521245));
#3041=CARTESIAN_POINT('Origin',(-25.192802018424,123.619997825176,49.695170521245));
#3042=CARTESIAN_POINT('',(-12.200000590086,124.119997825176,49.695170521245));
#3043=CARTESIAN_POINT('',(4.90359899078799,124.119997825176,49.695170521245));
#3044=CARTESIAN_POINT('',(-11.700000590086,123.619997825176,49.695170521245));
#3045=CARTESIAN_POINT('Origin',(-12.200000590086,123.619997825176,49.695170521245));
#3046=CARTESIAN_POINT('',(-11.700000590086,110.6199981381,49.695170521245));
#3047=CARTESIAN_POINT('',(-11.700000590086,126.809998912588,49.695170521245));
#3048=CARTESIAN_POINT('',(-12.200000590086,110.1199981381,49.695170521245));
#3049=CARTESIAN_POINT('Origin',(-12.200000590086,110.6199981381,49.695170521245));
#3050=CARTESIAN_POINT('',(-25.192802018424,110.1199981381,49.695170521245));
#3051=CARTESIAN_POINT('',(11.399999704957,110.1199981381,49.695170521245));
#3052=CARTESIAN_POINT('Origin',(-25.192802018424,110.6199981381,49.695170521245));
#3053=CARTESIAN_POINT('',(25.899999409914,85.1199981380999,49.695170521245));
#3054=CARTESIAN_POINT('',(12.907197981576,85.1199981380999,49.695170521245));
#3055=CARTESIAN_POINT('',(30.449999704957,85.1199981380999,49.695170521245));
#3056=CARTESIAN_POINT('',(12.407197981576,85.6199981380999,49.695170521245));
#3057=CARTESIAN_POINT('Origin',(12.907197981576,85.6199981380999,49.695170521245));
#3058=CARTESIAN_POINT('',(12.407197981576,98.6199978251755,49.695170521245));
#3059=CARTESIAN_POINT('',(12.407197981576,107.80999906905,49.695170521245));
#3060=CARTESIAN_POINT('',(12.907197981576,99.1199978251755,49.695170521245));
#3061=CARTESIAN_POINT('Origin',(12.907197981576,98.6199978251755,49.695170521245));
#3062=CARTESIAN_POINT('',(25.899999409914,99.1199978251755,49.695170521245));
#3063=CARTESIAN_POINT('',(23.953598990788,99.1199978251755,49.695170521245));
#3064=CARTESIAN_POINT('',(26.399999409914,98.6199978251755,49.695170521245));
#3065=CARTESIAN_POINT('Origin',(25.899999409914,98.6199978251755,49.695170521245));
#3066=CARTESIAN_POINT('',(26.399999409914,85.6199981380999,49.695170521245));
#3067=CARTESIAN_POINT('',(26.399999409914,114.309998912588,49.695170521245));
#3068=CARTESIAN_POINT('Origin',(25.899999409914,85.6199981380999,49.695170521245));
#3069=CARTESIAN_POINT('Origin',(0.,130.,24.695170521245));
#3070=CARTESIAN_POINT('',(35.,130.,-0.304829478754982));
#3071=CARTESIAN_POINT('',(35.,130.,12.195170521245));
#3072=CARTESIAN_POINT('',(-35.,130.,-0.304829478754982));
#3073=CARTESIAN_POINT('',(-35.,130.,-0.304829478754982));
#3074=CARTESIAN_POINT('',(-35.,130.,44.695170521245));
#3075=CARTESIAN_POINT('',(-35.,130.,37.195170521245));
#3076=CARTESIAN_POINT('Origin',(-30.,130.,44.695170521245));
#3077=CARTESIAN_POINT('',(30.,130.,4.69517022322179));
#3078=CARTESIAN_POINT('',(30.,130.,44.6951708192682));
#3079=CARTESIAN_POINT('',(30.,130.,14.6951703722334));
#3080=CARTESIAN_POINT('',(-30.,130.,44.6951708192682));
#3081=CARTESIAN_POINT('',(15.,130.,44.6951708192682));
#3082=CARTESIAN_POINT('',(-30.,130.,4.69517022322179));
#3083=CARTESIAN_POINT('',(-30.,130.,34.6951706702566));
#3084=CARTESIAN_POINT('',(-15.,130.,4.69517022322179));
#3085=CARTESIAN_POINT('Origin',(-30.,130.,44.695170521245));
#3086=CARTESIAN_POINT('',(-35.,75.0000000000001,44.695170521245));
#3087=CARTESIAN_POINT('',(-35.,130.,44.695170521245));
#3088=CARTESIAN_POINT('Origin',(-30.,75.0000000000001,44.695170521245));
#3089=CARTESIAN_POINT('Origin',(-30.,75.0000000000001,44.6951705212451));
#3090=CARTESIAN_POINT('Origin',(-30.,75.0000000000001,44.6951705212451));
#3091=CARTESIAN_POINT('Origin',(-35.,130.,49.695170521245));
#3092=CARTESIAN_POINT('',(-35.,75.,-0.304829478754951));
#3093=CARTESIAN_POINT('',(-35.,130.,-0.304829478754982));
#3094=CARTESIAN_POINT('',(-35.,75.0000000000001,37.195170521245));
#3095=CARTESIAN_POINT('Origin',(12.907197981576,99.1199978251755,49.695170521245));
#3096=CARTESIAN_POINT('',(25.899999409914,99.1199978251755,44.6951708192683));
#3097=CARTESIAN_POINT('',(12.907197981576,99.1199978251755,44.6951708192683));
#3098=CARTESIAN_POINT('',(21.453598990788,99.1199978251755,44.6951708192683));
#3099=CARTESIAN_POINT('',(25.899999409914,99.1199978251755,49.695170521245));
#3100=CARTESIAN_POINT('',(12.907197981576,99.1199978251755,49.695170521245));
#3101=CARTESIAN_POINT('Origin',(12.907197981576,98.6199978251755,49.695170521245));
#3102=CARTESIAN_POINT('',(12.407197981576,98.6199978251755,44.6951708192683));
#3103=CARTESIAN_POINT('Origin',(12.907197981576,98.6199978251755,44.6951708192682));
#3104=CARTESIAN_POINT('',(12.407197981576,98.6199978251755,49.695170521245));
#3105=CARTESIAN_POINT('Origin',(12.407197981576,85.6199981380999,49.695170521245));
#3106=CARTESIAN_POINT('',(12.407197981576,85.6199981380999,44.6951708192683));
#3107=CARTESIAN_POINT('',(12.407197981576,107.80999906905,44.6951708192683));
#3108=CARTESIAN_POINT('',(12.407197981576,85.6199981380999,49.695170521245));
#3109=CARTESIAN_POINT('Origin',(12.907197981576,85.6199981380999,49.695170521245));
#3110=CARTESIAN_POINT('',(12.907197981576,85.1199981380999,44.6951708192683));
#3111=CARTESIAN_POINT('Origin',(12.907197981576,85.6199981380999,44.6951708192682));
#3112=CARTESIAN_POINT('',(12.907197981576,85.1199981380999,49.695170521245));
#3113=CARTESIAN_POINT('Origin',(25.899999409914,85.1199981380999,49.695170521245));
#3114=CARTESIAN_POINT('',(25.899999409914,85.1199981380999,44.6951708192683));
#3115=CARTESIAN_POINT('',(27.949999704957,85.1199981380999,44.6951708192683));
#3116=CARTESIAN_POINT('',(25.899999409914,85.1199981380999,49.695170521245));
#3117=CARTESIAN_POINT('Origin',(25.899999409914,85.6199981380999,49.695170521245));
#3118=CARTESIAN_POINT('',(26.399999409914,85.6199981380999,44.6951708192683));
#3119=CARTESIAN_POINT('Origin',(25.899999409914,85.6199981380999,44.6951708192682));
#3120=CARTESIAN_POINT('',(26.399999409914,85.6199981380999,49.695170521245));
#3121=CARTESIAN_POINT('Origin',(26.399999409914,98.6199978251755,49.695170521245));
#3122=CARTESIAN_POINT('',(26.399999409914,98.6199978251755,44.6951708192683));
#3123=CARTESIAN_POINT('',(26.399999409914,114.309998912588,44.6951708192682));
#3124=CARTESIAN_POINT('',(26.399999409914,98.6199978251755,49.695170521245));
#3125=CARTESIAN_POINT('Origin',(25.899999409914,98.6199978251755,49.695170521245));
#3126=CARTESIAN_POINT('Origin',(25.899999409914,98.6199978251755,44.6951708192682));
#3127=CARTESIAN_POINT('Origin',(-11.700000590086,123.619997825176,49.695170521245));
#3128=CARTESIAN_POINT('',(-11.700000590086,110.6199981381,44.6951708192683));
#3129=CARTESIAN_POINT('',(-11.700000590086,123.619997825176,44.6951708192682));
#3130=CARTESIAN_POINT('',(-11.700000590086,126.809998912588,44.6951708192682));
#3131=CARTESIAN_POINT('',(-11.700000590086,110.6199981381,49.695170521245));
#3132=CARTESIAN_POINT('',(-11.700000590086,123.619997825176,49.695170521245));
#3133=CARTESIAN_POINT('Origin',(-12.200000590086,123.619997825176,49.695170521245));
#3134=CARTESIAN_POINT('',(-12.200000590086,124.119997825176,44.6951708192682));
#3135=CARTESIAN_POINT('Origin',(-12.200000590086,123.619997825176,44.6951708192682));
#3136=CARTESIAN_POINT('',(-12.200000590086,124.119997825176,49.695170521245));
#3137=CARTESIAN_POINT('Origin',(-25.192802018424,124.119997825176,49.695170521245));
#3138=CARTESIAN_POINT('',(-25.192802018424,124.119997825176,44.6951708192682));
#3139=CARTESIAN_POINT('',(2.403598990788,124.119997825176,44.6951708192682));
#3140=CARTESIAN_POINT('',(-25.192802018424,124.119997825176,49.695170521245));
#3141=CARTESIAN_POINT('Origin',(-25.192802018424,123.619997825176,49.695170521245));
#3142=CARTESIAN_POINT('',(-25.692802018424,123.619997825176,44.6951708192682));
#3143=CARTESIAN_POINT('Origin',(-25.192802018424,123.619997825176,44.6951708192682));
#3144=CARTESIAN_POINT('',(-25.692802018424,123.619997825176,49.695170521245));
#3145=CARTESIAN_POINT('Origin',(-25.692802018424,110.6199981381,49.695170521245));
#3146=CARTESIAN_POINT('',(-25.692802018424,110.6199981381,44.6951708192683));
#3147=CARTESIAN_POINT('',(-25.692802018424,120.30999906905,44.6951708192682));
#3148=CARTESIAN_POINT('',(-25.692802018424,110.6199981381,49.695170521245));
#3149=CARTESIAN_POINT('Origin',(-25.192802018424,110.6199981381,49.695170521245));
#3150=CARTESIAN_POINT('',(-25.192802018424,110.1199981381,44.6951708192683));
#3151=CARTESIAN_POINT('Origin',(-25.192802018424,110.6199981381,44.6951708192682));
#3152=CARTESIAN_POINT('',(-25.192802018424,110.1199981381,49.695170521245));
#3153=CARTESIAN_POINT('Origin',(-12.200000590086,110.1199981381,49.695170521245));
#3154=CARTESIAN_POINT('',(-12.200000590086,110.1199981381,44.6951708192683));
#3155=CARTESIAN_POINT('',(8.899999704957,110.1199981381,44.6951708192683));
#3156=CARTESIAN_POINT('',(-12.200000590086,110.1199981381,49.695170521245));
#3157=CARTESIAN_POINT('Origin',(-12.200000590086,110.6199981381,49.695170521245));
#3158=CARTESIAN_POINT('Origin',(-12.200000590086,110.6199981381,44.6951708192682));
#3159=CARTESIAN_POINT('Origin',(-6.14280201842401,99.1199978251755,49.695170521245));
#3160=CARTESIAN_POINT('',(6.85719798157599,99.1199978251755,44.6951708192683));
#3161=CARTESIAN_POINT('',(-6.14280201842401,99.1199978251755,44.6951708192683));
#3162=CARTESIAN_POINT('',(11.928598990788,99.1199978251755,44.6951708192683));
#3163=CARTESIAN_POINT('',(6.85719798157599,99.1199978251755,49.695170521245));
#3164=CARTESIAN_POINT('',(-6.14280201842401,99.1199978251755,49.695170521245));
#3165=CARTESIAN_POINT('Origin',(-6.142802018424,98.6199978251755,49.695170521245));
#3166=CARTESIAN_POINT('',(-6.64280201842401,98.6199978251755,44.6951708192683));
#3167=CARTESIAN_POINT('Origin',(-6.142802018424,98.6199978251755,44.6951708192682));
#3168=CARTESIAN_POINT('',(-6.64280201842401,98.6199978251755,49.695170521245));
#3169=CARTESIAN_POINT('Origin',(-6.64280201842401,85.6199981380999,49.695170521245));
#3170=CARTESIAN_POINT('',(-6.64280201842401,85.6199981380999,44.6951708192683));
#3171=CARTESIAN_POINT('',(-6.64280201842401,107.80999906905,44.6951708192683));
#3172=CARTESIAN_POINT('',(-6.64280201842401,85.6199981380999,49.695170521245));
#3173=CARTESIAN_POINT('Origin',(-6.142802018424,85.6199981380999,49.695170521245));
#3174=CARTESIAN_POINT('',(-6.14280201842401,85.1199981380999,44.6951708192683));
#3175=CARTESIAN_POINT('Origin',(-6.142802018424,85.6199981380999,44.6951708192682));
#3176=CARTESIAN_POINT('',(-6.14280201842401,85.1199981380999,49.695170521245));
#3177=CARTESIAN_POINT('Origin',(6.85719798157599,85.1199981380999,49.695170521245));
#3178=CARTESIAN_POINT('',(6.85719798157599,85.1199981380999,44.6951708192683));
#3179=CARTESIAN_POINT('',(18.428598990788,85.1199981380999,44.6951708192683));
#3180=CARTESIAN_POINT('',(6.85719798157599,85.1199981380999,49.695170521245));
#3181=CARTESIAN_POINT('Origin',(6.85719798157598,85.6199981380999,49.695170521245));
#3182=CARTESIAN_POINT('',(7.35719798157599,85.6199981380999,44.6951708192683));
#3183=CARTESIAN_POINT('Origin',(6.85719798157598,85.6199981380999,44.6951708192682));
#3184=CARTESIAN_POINT('',(7.35719798157599,85.6199981380999,49.695170521245));
#3185=CARTESIAN_POINT('Origin',(7.35719798157599,98.6199978251755,49.695170521245));
#3186=CARTESIAN_POINT('',(7.35719798157599,98.6199978251755,44.6951708192683));
#3187=CARTESIAN_POINT('',(7.35719798157599,114.309998912588,44.6951708192682));
#3188=CARTESIAN_POINT('',(7.35719798157599,98.6199978251755,49.695170521245));
#3189=CARTESIAN_POINT('Origin',(6.85719798157598,98.6199978251755,49.695170521245));
#3190=CARTESIAN_POINT('Origin',(6.85719798157598,98.6199978251755,44.6951708192682));
#3191=CARTESIAN_POINT('Origin',(26.399999409914,123.619997825176,49.695170521245));
#3192=CARTESIAN_POINT('',(26.399999409914,110.6199981381,44.6951708192683));
#3193=CARTESIAN_POINT('',(26.399999409914,123.619997825176,44.6951708192682));
#3194=CARTESIAN_POINT('',(26.399999409914,126.809998912588,44.6951708192682));
#3195=CARTESIAN_POINT('',(26.399999409914,110.6199981381,49.695170521245));
#3196=CARTESIAN_POINT('',(26.399999409914,123.619997825176,49.695170521245));
#3197=CARTESIAN_POINT('Origin',(25.899999409914,123.619997825176,49.695170521245));
#3198=CARTESIAN_POINT('',(25.899999409914,124.119997825176,44.6951708192682));
#3199=CARTESIAN_POINT('Origin',(25.899999409914,123.619997825176,44.6951708192682));
#3200=CARTESIAN_POINT('',(25.899999409914,124.119997825176,49.695170521245));
#3201=CARTESIAN_POINT('Origin',(12.907197981576,124.119997825176,49.695170521245));
#3202=CARTESIAN_POINT('',(12.907197981576,124.119997825176,44.6951708192682));
#3203=CARTESIAN_POINT('',(21.453598990788,124.119997825176,44.6951708192682));
#3204=CARTESIAN_POINT('',(12.907197981576,124.119997825176,49.695170521245));
#3205=CARTESIAN_POINT('Origin',(12.907197981576,123.619997825176,49.695170521245));
#3206=CARTESIAN_POINT('',(12.407197981576,123.619997825176,44.6951708192682));
#3207=CARTESIAN_POINT('Origin',(12.907197981576,123.619997825176,44.6951708192682));
#3208=CARTESIAN_POINT('',(12.407197981576,123.619997825176,49.695170521245));
#3209=CARTESIAN_POINT('Origin',(12.407197981576,110.6199981381,49.695170521245));
#3210=CARTESIAN_POINT('',(12.407197981576,110.6199981381,44.6951708192683));
#3211=CARTESIAN_POINT('',(12.407197981576,120.30999906905,44.6951708192682));
#3212=CARTESIAN_POINT('',(12.407197981576,110.6199981381,49.695170521245));
#3213=CARTESIAN_POINT('Origin',(12.907197981576,110.6199981381,49.695170521245));
#3214=CARTESIAN_POINT('',(12.907197981576,110.1199981381,44.6951708192683));
#3215=CARTESIAN_POINT('Origin',(12.907197981576,110.6199981381,44.6951708192682));
#3216=CARTESIAN_POINT('',(12.907197981576,110.1199981381,49.695170521245));
#3217=CARTESIAN_POINT('Origin',(25.899999409914,110.1199981381,49.695170521245));
#3218=CARTESIAN_POINT('',(25.899999409914,110.1199981381,44.6951708192683));
#3219=CARTESIAN_POINT('',(27.949999704957,110.1199981381,44.6951708192683));
#3220=CARTESIAN_POINT('',(25.899999409914,110.1199981381,49.695170521245));
#3221=CARTESIAN_POINT('Origin',(25.899999409914,110.6199981381,49.695170521245));
#3222=CARTESIAN_POINT('Origin',(25.899999409914,110.6199981381,44.6951708192682));
#3223=CARTESIAN_POINT('Origin',(-6.09280201842401,124.119997825176,49.695170521245));
#3224=CARTESIAN_POINT('',(6.89999940991401,124.119997825176,44.6951708192682));
#3225=CARTESIAN_POINT('',(-6.09280201842401,124.119997825176,44.6951708192682));
#3226=CARTESIAN_POINT('',(11.953598990788,124.119997825176,44.6951708192682));
#3227=CARTESIAN_POINT('',(6.89999940991401,124.119997825176,49.695170521245));
#3228=CARTESIAN_POINT('',(-6.09280201842401,124.119997825176,49.695170521245));
#3229=CARTESIAN_POINT('Origin',(-6.09280201842399,123.619997825176,49.695170521245));
#3230=CARTESIAN_POINT('',(-6.59280201842401,123.619997825176,44.6951708192682));
#3231=CARTESIAN_POINT('Origin',(-6.09280201842399,123.619997825176,44.6951708192682));
#3232=CARTESIAN_POINT('',(-6.59280201842401,123.619997825176,49.695170521245));
#3233=CARTESIAN_POINT('Origin',(-6.59280201842401,110.6199981381,49.695170521245));
#3234=CARTESIAN_POINT('',(-6.59280201842401,110.6199981381,44.6951708192683));
#3235=CARTESIAN_POINT('',(-6.592802018424,120.30999906905,44.6951708192682));
#3236=CARTESIAN_POINT('',(-6.59280201842401,110.6199981381,49.695170521245));
#3237=CARTESIAN_POINT('Origin',(-6.09280201842399,110.6199981381,49.695170521245));
#3238=CARTESIAN_POINT('',(-6.09280201842401,110.1199981381,44.6951708192683));
#3239=CARTESIAN_POINT('Origin',(-6.09280201842399,110.6199981381,44.6951708192682));
#3240=CARTESIAN_POINT('',(-6.09280201842401,110.1199981381,49.695170521245));
#3241=CARTESIAN_POINT('Origin',(6.89999940991401,110.1199981381,49.695170521245));
#3242=CARTESIAN_POINT('',(6.89999940991401,110.1199981381,44.6951708192683));
#3243=CARTESIAN_POINT('',(18.449999704957,110.1199981381,44.6951708192683));
#3244=CARTESIAN_POINT('',(6.89999940991401,110.1199981381,49.695170521245));
#3245=CARTESIAN_POINT('Origin',(6.89999940991401,110.6199981381,49.695170521245));
#3246=CARTESIAN_POINT('',(7.39999940991402,110.6199981381,44.6951708192683));
#3247=CARTESIAN_POINT('Origin',(6.89999940991401,110.6199981381,44.6951708192682));
#3248=CARTESIAN_POINT('',(7.39999940991402,110.6199981381,49.695170521245));
#3249=CARTESIAN_POINT('Origin',(7.39999940991402,123.619997825176,49.695170521245));
#3250=CARTESIAN_POINT('',(7.39999940991402,123.619997825176,44.6951708192682));
#3251=CARTESIAN_POINT('',(7.39999940991402,126.809998912588,44.6951708192682));
#3252=CARTESIAN_POINT('',(7.39999940991402,123.619997825176,49.695170521245));
#3253=CARTESIAN_POINT('Origin',(6.89999940991401,123.619997825176,49.695170521245));
#3254=CARTESIAN_POINT('Origin',(6.89999940991401,123.619997825176,44.6951708192682));
#3255=CARTESIAN_POINT('Origin',(-25.7000002771616,85.6199981380999,49.695170521245));
#3256=CARTESIAN_POINT('',(-25.7000002771616,98.6199978251755,44.6951708192683));
#3257=CARTESIAN_POINT('',(-25.7000002771616,85.6199981380999,44.6951708192683));
#3258=CARTESIAN_POINT('',(-25.7000002771616,107.80999906905,44.6951708192683));
#3259=CARTESIAN_POINT('',(-25.7000002771616,98.6199978251755,49.695170521245));
#3260=CARTESIAN_POINT('',(-25.7000002771616,85.6199981380999,49.695170521245));
#3261=CARTESIAN_POINT('Origin',(-25.2000002771616,85.6199981380999,49.695170521245));
#3262=CARTESIAN_POINT('',(-25.2000002771616,85.1199981380999,44.6951708192683));
#3263=CARTESIAN_POINT('Origin',(-25.2000002771616,85.6199981380999,44.6951708192682));
#3264=CARTESIAN_POINT('',(-25.2000002771616,85.1199981380999,49.695170521245));
#3265=CARTESIAN_POINT('Origin',(-12.192802018424,85.1199981380999,49.695170521245));
#3266=CARTESIAN_POINT('',(-12.192802018424,85.1199981380999,44.6951708192683));
#3267=CARTESIAN_POINT('',(8.90359899078799,85.1199981380999,44.6951708192683));
#3268=CARTESIAN_POINT('',(-12.192802018424,85.1199981380999,49.695170521245));
#3269=CARTESIAN_POINT('Origin',(-12.192802018424,85.6199981380999,49.695170521245));
#3270=CARTESIAN_POINT('',(-11.692802018424,85.6199981380999,44.6951708192683));
#3271=CARTESIAN_POINT('Origin',(-12.192802018424,85.6199981380999,44.6951708192682));
#3272=CARTESIAN_POINT('',(-11.692802018424,85.6199981380999,49.695170521245));
#3273=CARTESIAN_POINT('Origin',(-11.692802018424,98.6199978251755,49.695170521245));
#3274=CARTESIAN_POINT('',(-11.692802018424,98.6199978251755,44.6951708192683));
#3275=CARTESIAN_POINT('',(-11.692802018424,114.309998912588,44.6951708192682));
#3276=CARTESIAN_POINT('',(-11.692802018424,98.6199978251755,49.695170521245));
#3277=CARTESIAN_POINT('Origin',(-12.192802018424,98.6199978251755,49.695170521245));
#3278=CARTESIAN_POINT('',(-12.192802018424,99.1199978251755,44.6951708192683));
#3279=CARTESIAN_POINT('Origin',(-12.192802018424,98.6199978251755,44.6951708192682));
#3280=CARTESIAN_POINT('',(-12.192802018424,99.1199978251755,49.695170521245));
#3281=CARTESIAN_POINT('Origin',(-25.2000002771616,99.1199978251755,49.695170521245));
#3282=CARTESIAN_POINT('',(-25.2000002771616,99.1199978251755,44.6951708192683));
#3283=CARTESIAN_POINT('',(2.39999986141921,99.1199978251755,44.6951708192683));
#3284=CARTESIAN_POINT('',(-25.2000002771616,99.1199978251755,49.695170521245));
#3285=CARTESIAN_POINT('Origin',(-25.2000002771616,98.6199978251755,49.695170521245));
#3286=CARTESIAN_POINT('Origin',(-25.2000002771616,98.6199978251755,44.6951708192682));
#3287=CARTESIAN_POINT('Origin',(-30.,75.0000000000001,37.195170521245));
#3288=CARTESIAN_POINT('',(-30.,70.,-0.304829478754951));
#3289=CARTESIAN_POINT('Origin',(-30.,75.,-0.304829478754969));
#3290=CARTESIAN_POINT('',(-30.,70.0000000000001,37.195170521245));
#3291=CARTESIAN_POINT('Origin',(30.,130.,44.6951708192682));
#3292=CARTESIAN_POINT('',(30.,72.0000000000001,44.6951708192683));
#3293=CARTESIAN_POINT('',(30.,130.,44.6951708192682));
#3294=CARTESIAN_POINT('',(-30.,72.0000000000001,44.6951708192683));
#3295=CARTESIAN_POINT('',(-30.,72.0000000000001,44.6951708192683));
#3296=CARTESIAN_POINT('',(-30.,130.,44.6951708192682));
#3297=CARTESIAN_POINT('Origin',(-17.9999997764826,87.43,4.6951702232218));
#3298=CARTESIAN_POINT('',(18.0000002235174,87.43,4.6951702232218));
#3299=CARTESIAN_POINT('',(-18.9999997764826,87.43,4.6951702232218));
#3300=CARTESIAN_POINT('',(-23.9999998882413,87.43,4.6951702232218));
#3301=CARTESIAN_POINT('',(18.0000002235174,87.43,8.6951702232218));
#3302=CARTESIAN_POINT('',(18.0000002235174,87.43,4.6951702232218));
#3303=CARTESIAN_POINT('',(-18.9999997764826,87.43,8.6951702232218));
#3304=CARTESIAN_POINT('',(-17.9999997764826,87.43,8.6951702232218));
#3305=CARTESIAN_POINT('',(-18.9999997764826,87.43,4.6951702232218));
#3306=CARTESIAN_POINT('Origin',(-18.9999997764826,95.,4.6951702232218));
#3307=CARTESIAN_POINT('',(-18.9999997764826,95.,4.6951702232218));
#3308=CARTESIAN_POINT('',(-18.9999997764826,112.5,4.6951702232218));
#3309=CARTESIAN_POINT('',(-18.9999997764826,95.,8.6951702232218));
#3310=CARTESIAN_POINT('',(-18.9999997764826,95.,8.6951702232218));
#3311=CARTESIAN_POINT('',(-18.9999997764826,95.,4.6951702232218));
#3312=CARTESIAN_POINT('Origin',(17.0000002235174,95.,4.6951702232218));
#3313=CARTESIAN_POINT('',(18.0000002235174,95.,4.6951702232218));
#3314=CARTESIAN_POINT('',(-6.49999988824129,95.,4.6951702232218));
#3315=CARTESIAN_POINT('',(18.0000002235174,95.,8.6951702232218));
#3316=CARTESIAN_POINT('',(17.0000002235174,95.,8.6951702232218));
#3317=CARTESIAN_POINT('',(18.0000002235174,95.,4.6951702232218));
#3318=CARTESIAN_POINT('Origin',(18.0000002235174,87.43,4.6951702232218));
#3319=CARTESIAN_POINT('',(18.0000002235174,108.715,4.6951702232218));
#3320=CARTESIAN_POINT('',(18.0000002235174,87.43,8.6951702232218));
#3321=CARTESIAN_POINT('Origin',(-0.499999776482583,91.215,8.6951702232218));
#3322=CARTESIAN_POINT('Origin',(30.,75.0000000000001,12.195170521245));
#3323=CARTESIAN_POINT('',(30.,70.,-0.304829478754951));
#3324=CARTESIAN_POINT('',(30.,70.0000000000001,12.195170521245));
#3325=CARTESIAN_POINT('',(35.,75.,-0.304829478754951));
#3326=CARTESIAN_POINT('Origin',(30.,75.,-0.304829478754951));
#3327=CARTESIAN_POINT('',(35.,75.0000000000001,12.195170521245));
#3328=CARTESIAN_POINT('Origin',(0.,70.0000000000001,24.695170521245));
#3329=CARTESIAN_POINT('',(-35.,70.,-0.304829478754951));
#3330=CARTESIAN_POINT('',(-21.75,70.,43.695170521245));
#3331=CARTESIAN_POINT('',(21.75,70.,43.695170521245));
#3332=CARTESIAN_POINT('',(10.875,70.,43.695170521245));
#3333=CARTESIAN_POINT('',(21.75,70.0000000000001,5.69517052124505));
#3334=CARTESIAN_POINT('',(21.75,70.0000000000001,15.195170521245));
#3335=CARTESIAN_POINT('',(-21.75,70.0000000000001,5.69517052124505));
#3336=CARTESIAN_POINT('',(-10.875,70.0000000000001,5.69517052124505));
#3337=CARTESIAN_POINT('',(-21.75,70.0000000000001,34.195170521245));
#3338=CARTESIAN_POINT('Origin',(-35.,130.,-0.304829478754982));
#3339=CARTESIAN_POINT('',(35.,130.,-0.304829478754982));
#3340=CARTESIAN_POINT('Origin',(-21.75,130.,5.69517052124501));
#3341=CARTESIAN_POINT('',(-21.75,72.,5.69517052124505));
#3342=CARTESIAN_POINT('',(21.75,72.,5.69517052124505));
#3343=CARTESIAN_POINT('',(-10.875,72.,5.69517052124505));
#3344=CARTESIAN_POINT('',(-21.75,130.,5.69517052124501));
#3345=CARTESIAN_POINT('',(21.75,130.,5.69517052124501));
#3346=CARTESIAN_POINT('Origin',(21.75,130.,5.69517052124501));
#3347=CARTESIAN_POINT('',(21.75,72.,43.695170521245));
#3348=CARTESIAN_POINT('',(21.75,72.,15.195170521245));
#3349=CARTESIAN_POINT('',(21.75,130.,43.695170521245));
#3350=CARTESIAN_POINT('Origin',(21.75,130.,43.695170521245));
#3351=CARTESIAN_POINT('',(-21.75,72.,43.695170521245));
#3352=CARTESIAN_POINT('',(10.875,72.,43.695170521245));
#3353=CARTESIAN_POINT('',(-21.75,130.,43.695170521245));
#3354=CARTESIAN_POINT('Origin',(-21.75,130.,43.695170521245));
#3355=CARTESIAN_POINT('',(-21.75,72.,34.195170521245));
#3356=CARTESIAN_POINT('Origin',(30.,130.,4.69517022322179));
#3357=CARTESIAN_POINT('',(30.,72.,4.69517022322183));
#3358=CARTESIAN_POINT('',(30.,130.,4.69517022322179));
#3359=CARTESIAN_POINT('',(30.,72.0000000000001,44.6951708192683));
#3360=CARTESIAN_POINT('Origin',(-30.,130.,4.69517022322179));
#3361=CARTESIAN_POINT('',(-30.,72.,4.69517022322183));
#3362=CARTESIAN_POINT('',(-30.,130.,4.69517022322179));
#3363=CARTESIAN_POINT('',(30.,72.,4.69517022322183));
#3364=CARTESIAN_POINT('Origin',(-30.,130.,44.6951708192682));
#3365=CARTESIAN_POINT('',(-30.,72.,4.69517022322183));
#3366=CARTESIAN_POINT('Origin',(0.,72.,24.695170521245));
#3367=CARTESIAN_POINT('Origin',(35.,130.,-0.304829478754982));
#3368=CARTESIAN_POINT('Origin',(18.0000002235174,95.,4.6951702232218));
#3369=CARTESIAN_POINT('',(18.0000002235174,130.000000521541,4.6951702232218));
#3370=CARTESIAN_POINT('',(18.0000002235174,95.,4.6951702232218));
#3371=CARTESIAN_POINT('',(18.0000002235174,130.000000521541,4.6951702232218));
#3372=CARTESIAN_POINT('',(18.0000002235174,130.000000521541,8.6951702232218));
#3373=CARTESIAN_POINT('',(18.0000002235174,130.000000521541,4.6951702232218));
#3374=CARTESIAN_POINT('',(18.0000002235174,95.,8.6951702232218));
#3375=CARTESIAN_POINT('',(18.0000002235174,130.000000521541,8.6951702232218));
#3376=CARTESIAN_POINT('',(18.0000002235174,95.,4.6951702232218));
#3377=CARTESIAN_POINT('Origin',(12.0000002235174,95.,4.6951702232218));
#3378=CARTESIAN_POINT('',(13.0000002235174,95.,4.6951702232218));
#3379=CARTESIAN_POINT('',(17.0000002235174,95.,4.6951702232218));
#3380=CARTESIAN_POINT('',(13.0000002235174,95.,8.6951702232218));
#3381=CARTESIAN_POINT('',(17.0000002235174,95.,8.6951702232218));
#3382=CARTESIAN_POINT('',(13.0000002235174,95.,4.6951702232218));
#3383=CARTESIAN_POINT('Origin',(13.0000002235174,130.000000521541,4.6951702232218));
#3384=CARTESIAN_POINT('',(13.0000002235174,130.000000521541,4.6951702232218));
#3385=CARTESIAN_POINT('',(13.0000002235174,95.,4.6951702232218));
#3386=CARTESIAN_POINT('',(13.0000002235174,130.000000521541,8.6951702232218));
#3387=CARTESIAN_POINT('',(13.0000002235174,95.,8.6951702232218));
#3388=CARTESIAN_POINT('',(13.0000002235174,130.000000521541,4.6951702232218));
#3389=CARTESIAN_POINT('Origin',(17.0000002235174,130.000000521541,4.6951702232218));
#3390=CARTESIAN_POINT('',(12.0000002235174,130.000000521541,4.6951702232218));
#3391=CARTESIAN_POINT('',(12.0000002235174,130.000000521541,8.6951702232218));
#3392=CARTESIAN_POINT('Origin',(14.5000002235174,112.50000026077,8.6951702232218));
#3393=CARTESIAN_POINT('Origin',(14.5000002235174,112.50000026077,4.6951702232218));
#3394=CARTESIAN_POINT('Origin',(-13.9999997764826,95.,4.6951702232218));
#3395=CARTESIAN_POINT('',(-13.9999997764826,130.000000521541,4.6951702232218));
#3396=CARTESIAN_POINT('',(-13.9999997764826,95.,4.6951702232218));
#3397=CARTESIAN_POINT('',(-13.9999997764826,130.000000521541,4.6951702232218));
#3398=CARTESIAN_POINT('',(-13.9999997764826,130.000000521541,8.6951702232218));
#3399=CARTESIAN_POINT('',(-13.9999997764826,130.000000521541,4.6951702232218));
#3400=CARTESIAN_POINT('',(-13.9999997764826,95.,8.6951702232218));
#3401=CARTESIAN_POINT('',(-13.9999997764826,130.000000521541,8.6951702232218));
#3402=CARTESIAN_POINT('',(-13.9999997764826,95.,4.6951702232218));
#3403=CARTESIAN_POINT('Origin',(-17.9999997764826,95.,4.6951702232218));
#3404=CARTESIAN_POINT('',(-18.9999997764826,95.,4.6951702232218));
#3405=CARTESIAN_POINT('',(-12.9999997764826,95.,4.6951702232218));
#3406=CARTESIAN_POINT('',(-18.9999997764826,95.,8.6951702232218));
#3407=CARTESIAN_POINT('',(-12.9999997764826,95.,8.6951702232218));
#3408=CARTESIAN_POINT('',(-18.9999997764826,95.,4.6951702232218));
#3409=CARTESIAN_POINT('Origin',(-18.9999997764826,130.000000521541,4.6951702232218));
#3410=CARTESIAN_POINT('',(-18.9999997764826,130.000000521541,4.6951702232218));
#3411=CARTESIAN_POINT('',(-18.9999997764826,95.,4.6951702232218));
#3412=CARTESIAN_POINT('',(-18.9999997764826,130.000000521541,8.6951702232218));
#3413=CARTESIAN_POINT('',(-18.9999997764826,95.,8.6951702232218));
#3414=CARTESIAN_POINT('',(-18.9999997764826,130.000000521541,4.6951702232218));
#3415=CARTESIAN_POINT('Origin',(-12.9999997764826,130.000000521541,4.6951702232218));
#3416=CARTESIAN_POINT('',(-17.9999997764826,130.000000521541,4.6951702232218));
#3417=CARTESIAN_POINT('',(-17.9999997764826,130.000000521541,8.6951702232218));
#3418=CARTESIAN_POINT('Origin',(-15.4999997764826,112.50000026077,8.6951702232218));
#3419=CARTESIAN_POINT('Origin',(-15.4999997764826,112.50000026077,4.6951702232218));
#3420=CARTESIAN_POINT('Origin',(-71.1081632193719,120.375065772803,17.106833783834));
#3421=CARTESIAN_POINT('',(-70.1081632193719,120.375065772803,17.106833783834));
#3422=CARTESIAN_POINT('',(-71.1081632193719,121.375065772803,17.106833783834));
#3423=CARTESIAN_POINT('Origin',(-71.1081632193719,120.375065772803,17.106833783834));
#3424=CARTESIAN_POINT('',(-71.1081632193719,121.375065772803,15.106833783834));
#3425=CARTESIAN_POINT('',(-71.1081632193719,121.375065772803,17.106833783834));
#3426=CARTESIAN_POINT('',(-70.1081632193719,120.375065772803,15.106833783834));
#3427=CARTESIAN_POINT('Origin',(-71.1081632193719,120.375065772803,15.106833783834));
#3428=CARTESIAN_POINT('',(-70.1081632193719,120.375065772803,17.106833783834));
#3429=CARTESIAN_POINT('Origin',(-69.9081632193719,121.375065772803,17.106833783834));
#3430=CARTESIAN_POINT('',(-78.2840887526765,121.375065772803,17.106833783834));
#3431=CARTESIAN_POINT('',(-96.3340898840937,121.375065772803,17.106833783834));
#3432=CARTESIAN_POINT('',(-78.2840887526765,121.375065772803,15.106833783834));
#3433=CARTESIAN_POINT('',(-78.2840887526765,121.375065772803,17.106833783834));
#3434=CARTESIAN_POINT('',(-96.3340898840937,121.375065772803,15.106833783834));
#3435=CARTESIAN_POINT('Origin',(-78.2840887526765,120.375065772803,17.106833783834));
#3436=CARTESIAN_POINT('',(-79.2840887526765,120.375065772803,17.106833783834));
#3437=CARTESIAN_POINT('Origin',(-78.2840887526765,120.375065772803,17.106833783834));
#3438=CARTESIAN_POINT('',(-79.2840887526765,120.375065772803,15.106833783834));
#3439=CARTESIAN_POINT('',(-79.2840887526765,120.375065772803,17.106833783834));
#3440=CARTESIAN_POINT('Origin',(-78.2840887526765,120.375065772803,15.106833783834));
#3441=CARTESIAN_POINT('Origin',(-79.2840887526765,120.675065772803,17.106833783834));
#3442=CARTESIAN_POINT('',(-79.2840887526765,119.020066226585,17.106833783834));
#3443=CARTESIAN_POINT('',(-79.2840887526765,121.6750658203,17.106833783834));
#3444=CARTESIAN_POINT('',(-79.2840887526765,119.020066226585,15.106833783834));
#3445=CARTESIAN_POINT('',(-79.2840887526765,119.020066226585,17.106833783834));
#3446=CARTESIAN_POINT('',(-79.2840887526765,121.6750658203,15.106833783834));
#3447=CARTESIAN_POINT('Origin',(-70.1081632193719,119.320066226585,17.106833783834));
#3448=CARTESIAN_POINT('',(-70.1081632193719,119.020066226585,15.106833783834));
#3449=CARTESIAN_POINT('',(-70.1081632193719,119.320066226585,15.106833783834));
#3450=CARTESIAN_POINT('',(-70.1081632193719,119.020066226585,17.106833783834));
#3451=CARTESIAN_POINT('',(-70.1081632193719,119.020066226585,17.106833783834));
#3452=CARTESIAN_POINT('',(-70.1081632193719,119.320066226585,17.106833783834));
#3453=CARTESIAN_POINT('Origin',(-71.3081632193719,119.020066226585,17.106833783834));
#3454=CARTESIAN_POINT('',(-71.3081632193719,117.820066226585,15.106833783834));
#3455=CARTESIAN_POINT('Origin',(-71.3081632193719,119.020066226585,15.106833783834));
#3456=CARTESIAN_POINT('',(-71.3081632193719,117.820066226585,17.106833783834));
#3457=CARTESIAN_POINT('',(-71.3081632193719,117.820066226585,17.106833783834));
#3458=CARTESIAN_POINT('Origin',(-71.3081632193719,119.020066226585,17.106833783834));
#3459=CARTESIAN_POINT('Origin',(-77.7840887526765,117.820066226585,17.106833783834));
#3460=CARTESIAN_POINT('',(-78.0840887526765,117.820066226585,15.106833783834));
#3461=CARTESIAN_POINT('',(-77.7840887526765,117.820066226585,15.106833783834));
#3462=CARTESIAN_POINT('',(-78.0840887526765,117.820066226585,17.106833783834));
#3463=CARTESIAN_POINT('',(-78.0840887526765,117.820066226585,17.106833783834));
#3464=CARTESIAN_POINT('',(-77.7840887526765,117.820066226585,17.106833783834));
#3465=CARTESIAN_POINT('Origin',(-78.0840887526765,119.020066226585,17.106833783834));
#3466=CARTESIAN_POINT('Origin',(-78.0840887526765,119.020066226585,17.106833783834));
#3467=CARTESIAN_POINT('Origin',(-78.0840887526765,119.020066226585,15.106833783834));
#3468=CARTESIAN_POINT('Origin',(-43.5840888510241,126.370066043301,12.106833783834));
#3469=CARTESIAN_POINT('',(-39.5840888510241,126.370066043301,15.106833783834));
#3470=CARTESIAN_POINT('',(-43.5840888510241,126.370066043301,17.106833783834));
#3471=CARTESIAN_POINT('Origin',(-43.5840888510241,126.370066043301,12.106833783834));
#3472=CARTESIAN_POINT('',(-43.5840888510241,81.3700660433009,17.106833783834));
#3473=CARTESIAN_POINT('',(-43.5840888510241,126.370066043301,17.106833783834));
#3474=CARTESIAN_POINT('',(-39.5840888510241,81.3700660433009,15.106833783834));
#3475=CARTESIAN_POINT('Origin',(-43.5840888510241,81.3700660433009,12.106833783834));
#3476=CARTESIAN_POINT('',(-39.5840888510241,126.370066043301,15.106833783834));
#3477=CARTESIAN_POINT('Ctrl Pts',(-39.5840888510241,81.3700660433009,15.106833783834));
#3478=CARTESIAN_POINT('Ctrl Pts',(-39.5840888510241,76.3700660433009,15.106833783834));
#3479=CARTESIAN_POINT('Ctrl Pts',(-44.5840888510241,76.3700660433009,15.106833783834));
#3480=CARTESIAN_POINT('Ctrl Pts',(-41.0840888510241,81.3700660433009,17.106833783834));
#3481=CARTESIAN_POINT('Ctrl Pts',(-41.0840888510241,77.8700660433009,17.106833783834));
#3482=CARTESIAN_POINT('Ctrl Pts',(-44.5840888510241,77.8700660433009,17.106833783834));
#3483=CARTESIAN_POINT('Ctrl Pts',(-43.5840888510241,81.3700660433009,17.106833783834));
#3484=CARTESIAN_POINT('Ctrl Pts',(-43.5840888510241,80.3700660433009,17.106833783834));
#3485=CARTESIAN_POINT('Ctrl Pts',(-44.5840888510241,80.3700660433009,17.106833783834));
#3486=CARTESIAN_POINT('',(-44.5840888510241,80.3700660433009,17.106833783834));
#3487=CARTESIAN_POINT('',(-44.5840888510241,76.3700660433009,15.106833783834));
#3488=CARTESIAN_POINT('Origin',(-44.5840888510241,80.3700660433009,12.106833783834));
#3489=CARTESIAN_POINT('Origin',(-44.5840888510241,81.3700660433009,15.106833783834));
#3490=CARTESIAN_POINT('Origin',(-44.5840888510241,81.3700660433009,17.106833783834));
#3491=CARTESIAN_POINT('Origin',(-39.5840888510241,80.3700660433009,12.106833783834));
#3492=CARTESIAN_POINT('',(-104.584088851024,80.3700660433009,17.106833783834));
#3493=CARTESIAN_POINT('',(-104.584088851024,76.3700660433009,15.106833783834));
#3494=CARTESIAN_POINT('Origin',(-104.584088851024,80.3700660433009,12.106833783834));
#3495=CARTESIAN_POINT('',(-39.5840888510241,76.3700660433009,15.106833783834));
#3496=CARTESIAN_POINT('',(-39.5840888510241,80.3700660433009,17.106833783834));
#3497=CARTESIAN_POINT('Ctrl Pts',(-104.584088851024,76.3700660433009,15.106833783834));
#3498=CARTESIAN_POINT('Ctrl Pts',(-109.584088851024,76.3700660433009,15.106833783834));
#3499=CARTESIAN_POINT('Ctrl Pts',(-109.584088851024,81.3700660433009,15.106833783834));
#3500=CARTESIAN_POINT('Ctrl Pts',(-104.584088851024,77.8700660433009,17.106833783834));
#3501=CARTESIAN_POINT('Ctrl Pts',(-108.084088851024,77.8700660433009,17.106833783834));
#3502=CARTESIAN_POINT('Ctrl Pts',(-108.084088851024,81.3700660433009,17.106833783834));
#3503=CARTESIAN_POINT('Ctrl Pts',(-104.584088851024,80.3700660433009,17.106833783834));
#3504=CARTESIAN_POINT('Ctrl Pts',(-105.584088851024,80.3700660433009,17.106833783834));
#3505=CARTESIAN_POINT('Ctrl Pts',(-105.584088851024,81.3700660433009,17.106833783834));
#3506=CARTESIAN_POINT('',(-105.584088851024,81.3700660433009,17.106833783834));
#3507=CARTESIAN_POINT('',(-109.584088851024,81.3700660433009,15.1068337838339));
#3508=CARTESIAN_POINT('Origin',(-105.584088851024,81.3700660433009,12.106833783834));
#3509=CARTESIAN_POINT('Origin',(-104.584088851024,81.3700660433009,15.106833783834));
#3510=CARTESIAN_POINT('Origin',(-104.584088851024,81.3700660433009,17.106833783834));
#3511=CARTESIAN_POINT('Origin',(-105.584088851024,76.3700660433009,12.106833783834));
#3512=CARTESIAN_POINT('',(-105.584088851024,126.370066043301,17.106833783834));
#3513=CARTESIAN_POINT('',(-109.584088851024,126.370066043301,15.106833783834));
#3514=CARTESIAN_POINT('Origin',(-105.584088851024,126.370066043301,12.106833783834));
#3515=CARTESIAN_POINT('',(-109.584088851024,76.3700660433009,15.1068337838339));
#3516=CARTESIAN_POINT('',(-105.584088851024,76.3700660433009,17.106833783834));
#3517=CARTESIAN_POINT('Origin',(-74.5840896106341,101.672566396437,17.106833783834));
#3518=CARTESIAN_POINT('',(-39.5840888510241,126.370066043301,17.106833783834));
#3519=CARTESIAN_POINT('',(-46.5840888510241,121.6750658203,17.106833783834));
#3520=CARTESIAN_POINT('',(-50.8340893371745,121.6750658203,17.106833783834));
#3521=CARTESIAN_POINT('',(-104.584090275948,121.6750658203,17.106833783834));
#3522=CARTESIAN_POINT('',(-46.5840888510241,83.6700670424237,17.106833783834));
#3523=CARTESIAN_POINT('',(-46.5840888510241,91.6713167194306,17.106833783834));
#3524=CARTESIAN_POINT('',(-101.584090275948,83.6700670424237,17.106833783834));
#3525=CARTESIAN_POINT('',(-44.5840895215764,83.6700670424237,17.106833783834));
#3526=CARTESIAN_POINT('',(-101.584090275948,121.6750658203,17.106833783834));
#3527=CARTESIAN_POINT('',(-101.584090275948,81.6700670424238,17.106833783834));
#3528=CARTESIAN_POINT('',(-98.3340898840937,121.6750658203,17.106833783834));
#3529=CARTESIAN_POINT('',(-104.584090275948,121.6750658203,17.106833783834));
#3530=CARTESIAN_POINT('',(-98.3340898840937,84.670067020072,17.106833783834));
#3531=CARTESIAN_POINT('',(-98.3340898840937,82.670067020072,17.106833783834));
#3532=CARTESIAN_POINT('',(-50.8340893371745,84.670067020072,17.106833783834));
#3533=CARTESIAN_POINT('',(-52.8340893371745,84.670067020072,17.106833783834));
#3534=CARTESIAN_POINT('',(-50.8340893371745,111.17381608462,17.106833783834));
#3535=CARTESIAN_POINT('Origin',(-109.584088851024,126.370066043301,17.106833783834));
#3536=CARTESIAN_POINT('',(-109.584088851024,126.370066043301,15.106833783834));
#3537=CARTESIAN_POINT('Origin',(-74.5840896106341,101.672566396437,15.106833783834));
#3538=CARTESIAN_POINT('Origin',(-46.5840888510241,81.6700670424238,15.106833783834));
#3539=CARTESIAN_POINT('',(-46.5840888510241,121.6750658203,19.106833783834));
#3540=CARTESIAN_POINT('',(-46.5840888510241,121.6750658203,15.106833783834));
#3541=CARTESIAN_POINT('',(-46.5840888510241,83.6700670424237,19.106833783834));
#3542=CARTESIAN_POINT('',(-46.5840888510241,121.6750658203,19.106833783834));
#3543=CARTESIAN_POINT('',(-46.5840888510241,83.6700670424237,15.106833783834));
#3544=CARTESIAN_POINT('Origin',(-50.8340893371745,120.675065772803,15.106833783834));
#3545=CARTESIAN_POINT('',(-50.8340893371745,84.670067020072,19.106833783834));
#3546=CARTESIAN_POINT('',(-50.8340893371745,84.670067020072,15.106833783834));
#3547=CARTESIAN_POINT('',(-50.8340893371745,121.6750658203,19.106833783834));
#3548=CARTESIAN_POINT('',(-50.8340893371745,111.173816102082,19.106833783834));
#3549=CARTESIAN_POINT('',(-50.8340893371745,121.6750658203,15.106833783834));
#3550=CARTESIAN_POINT('Origin',(-44.5840895215764,121.6750658203,15.106833783834));
#3551=CARTESIAN_POINT('',(-104.584090275948,121.6750658203,19.106833783834));
#3552=CARTESIAN_POINT('Origin',(-98.3340898840937,82.670067020072,15.1068337838339));
#3553=CARTESIAN_POINT('',(-98.3340898840937,84.670067020072,19.1068337838339));
#3554=CARTESIAN_POINT('',(-98.3340898840937,84.670067020072,15.1068337838339));
#3555=CARTESIAN_POINT('',(-98.3340898840937,121.6750658203,19.106833783834));
#3556=CARTESIAN_POINT('',(-98.3340898840937,121.6750658203,15.106833783834));
#3557=CARTESIAN_POINT('',(-98.3340898840937,92.171316725717,19.106833783834));
#3558=CARTESIAN_POINT('Origin',(-74.584089898762,101.672566431362,19.106833783834));
#3559=CARTESIAN_POINT('',(-85.4590898914279,84.670067020072,19.1068337838339));
#3560=CARTESIAN_POINT('',(-101.584090275948,121.6750658203,19.106833783834));
#3561=CARTESIAN_POINT('',(-104.584090275948,121.6750658203,19.106833783834));
#3562=CARTESIAN_POINT('',(-101.584090275948,83.6700670424237,19.1068337838339));
#3563=CARTESIAN_POINT('',(-101.584090275948,81.6700670424238,19.1068337838339));
#3564=CARTESIAN_POINT('',(-44.5840895215764,83.6700670424237,19.106833783834));
#3565=CARTESIAN_POINT('Origin',(-52.8340893371745,84.670067020072,15.106833783834));
#3566=CARTESIAN_POINT('Origin',(-101.584090275948,121.6750658203,15.106833783834));
#3567=CARTESIAN_POINT('',(-101.584090275948,83.6700670424237,15.1068337838339));
#3568=CARTESIAN_POINT('',(-101.584090275948,121.6750658203,15.106833783834));
#3569=CARTESIAN_POINT('Origin',(-104.584090275948,83.6700670424237,15.1068337838339));
#3570=CARTESIAN_POINT('Origin',(-78.9840887526765,121.6750658203,15.106833783834));
#3571=UNCERTAINTY_MEASURE_WITH_UNIT(LENGTH_MEASURE(0.01),#3575,
'DISTANCE_ACCURACY_VALUE',
'Maximum model space distance between geometric entities at asserted c
onnectivities');
#3572=UNCERTAINTY_MEASURE_WITH_UNIT(LENGTH_MEASURE(0.01),#3575,
'DISTANCE_ACCURACY_VALUE',
'Maximum model space distance between geometric entities at asserted c
onnectivities');
#3573=(
GEOMETRIC_REPRESENTATION_CONTEXT(3)
GLOBAL_UNCERTAINTY_ASSIGNED_CONTEXT((#3571))
GLOBAL_UNIT_ASSIGNED_CONTEXT((#3575,#3577,#3578))
REPRESENTATION_CONTEXT('','3D')
);
#3574=(
GEOMETRIC_REPRESENTATION_CONTEXT(3)
GLOBAL_UNCERTAINTY_ASSIGNED_CONTEXT((#3572))
GLOBAL_UNIT_ASSIGNED_CONTEXT((#3575,#3577,#3578))
REPRESENTATION_CONTEXT('','3D')
);
#3575=(
LENGTH_UNIT()
NAMED_UNIT(*)
SI_UNIT(.MILLI.,.METRE.)
);
#3576=(
LENGTH_UNIT()
NAMED_UNIT(*)
SI_UNIT($,.METRE.)
);
#3577=(
NAMED_UNIT(*)
PLANE_ANGLE_UNIT()
SI_UNIT($,.RADIAN.)
);
#3578=(
NAMED_UNIT(*)
SI_UNIT($,.STERADIAN.)
SOLID_ANGLE_UNIT()
);
#3579=SHAPE_DEFINITION_REPRESENTATION(#3580,#3581);
#3580=PRODUCT_DEFINITION_SHAPE('',$,#3583);
#3581=SHAPE_REPRESENTATION('',(#2151),#3573);
#3582=PRODUCT_DEFINITION_CONTEXT('part definition',#3587,'design');
#3583=PRODUCT_DEFINITION('2026-04-22-21-26-16-611','spotify final',#3584,
#3582);
#3584=PRODUCT_DEFINITION_FORMATION('',$,#3589);
#3585=PRODUCT_RELATED_PRODUCT_CATEGORY('spotify final','spotify final',
(#3589));
#3586=APPLICATION_PROTOCOL_DEFINITION('international standard',
'automotive_design',2009,#3587);
#3587=APPLICATION_CONTEXT(
'Core Data for Automotive Mechanical Design Process');
#3588=PRODUCT_CONTEXT('part definition',#3587,'mechanical');
#3589=PRODUCT('2026-04-22-21-26-16-611','spotify final',$,(#3588));
#3590=PRESENTATION_STYLE_ASSIGNMENT((#3591));
#3591=SURFACE_STYLE_USAGE(.BOTH.,#3592);
#3592=SURFACE_SIDE_STYLE('',(#3593));
#3593=SURFACE_STYLE_FILL_AREA(#3594);
#3594=FILL_AREA_STYLE('Acero - Satinado',(#3595));
#3595=FILL_AREA_STYLE_COLOUR('Acero - Satinado',#3596);
#3596=COLOUR_RGB('Acero - Satinado',0.627450980392157,0.627450980392157,
0.627450980392157);
ENDSEC;
END-ISO-10303-21;
