solid exported
	facet normal 0 0.9927085567575188 -0.12053929376101574
		outer loop
			vertex 30 98.51310729980469 24.29908561706543
			vertex 35 98.62207794189453 25.19651985168457
			vertex 35 98.51310729980469 24.29908561706543
		endloop
	endfacet
	facet normal 0 0.9350161254076517 -0.3546051962784284
		outer loop
			vertex 30 98.62207794189453 25.19651985168457
			vertex 35 98.9426498413086 26.041797637939453
			vertex 35 98.62207794189453 25.19651985168457
		endloop
	endfacet
	facet normal 0 0.9927085567575188 -0.12053929376101574
		outer loop
			vertex 30 98.62207794189453 25.19651985168457
			vertex 35 98.62207794189453 25.19651985168457
			vertex 30 98.51310729980469 24.29908561706543
		endloop
	endfacet
	facet normal 0 0.8229850400950051 -0.5680630456030589
		outer loop
			vertex 30 98.9426498413086 26.041797637939453
			vertex 35 99.45619201660156 26.785795211791992
			vertex 35 98.9426498413086 26.041797637939453
		endloop
	endfacet
	facet normal 0 0.9350161254076517 -0.3546051962784284
		outer loop
			vertex 30 98.9426498413086 26.041797637939453
			vertex 35 98.9426498413086 26.041797637939453
			vertex 30 98.62207794189453 25.19651985168457
		endloop
	endfacet
	facet normal 0 0.6631219893404691 -0.7485113407645463
		outer loop
			vertex 30 99.45619201660156 26.785795211791992
			vertex 35 100.13286590576172 27.38527488708496
			vertex 35 99.45619201660156 26.785795211791992
		endloop
	endfacet
	facet normal 0 0.8229850400950051 -0.5680630456030589
		outer loop
			vertex 30 99.45619201660156 26.785795211791992
			vertex 35 99.45619201660156 26.785795211791992
			vertex 30 98.9426498413086 26.041797637939453
		endloop
	endfacet
	facet normal 0 0.46472307984443745 -0.8854560740431457
		outer loop
			vertex 30 100.13286590576172 27.38527488708496
			vertex 35 100.93334197998047 27.805397033691406
			vertex 35 100.13286590576172 27.38527488708496
		endloop
	endfacet
	facet normal 0 0.6631219893404691 -0.7485113407645463
		outer loop
			vertex 30 100.13286590576172 27.38527488708496
			vertex 35 100.13286590576172 27.38527488708496
			vertex 30 99.45619201660156 26.785795211791992
		endloop
	endfacet
	facet normal 0 0.2393154123678627 -0.9709418795186456
		outer loop
			vertex 30 100.93334197998047 27.805397033691406
			vertex 35 101.81109619140625 28.021743774414062
			vertex 35 100.93334197998047 27.805397033691406
		endloop
	endfacet
	facet normal 0 0.46472307984443745 -0.8854560740431457
		outer loop
			vertex 30 100.93334197998047 27.805397033691406
			vertex 35 100.93334197998047 27.805397033691406
			vertex 30 100.13286590576172 27.38527488708496
		endloop
	endfacet
	facet normal 0 0 -1
		outer loop
			vertex 30 101.81109619140625 28.021743774414062
			vertex 35 102.71511840820312 28.021743774414062
			vertex 35 101.81109619140625 28.021743774414062
		endloop
	endfacet
	facet normal 0 0.2393154123678627 -0.9709418795186456
		outer loop
			vertex 30 101.81109619140625 28.021743774414062
			vertex 35 101.81109619140625 28.021743774414062
			vertex 30 100.93334197998047 27.805397033691406
		endloop
	endfacet
	facet normal 0 -0.23931345139836718 -0.9709423628515761
		outer loop
			vertex 30 102.71511840820312 28.021743774414062
			vertex 35 103.59288024902344 27.805397033691406
			vertex 35 102.71511840820312 28.021743774414062
		endloop
	endfacet
	facet normal 0 0 -1
		outer loop
			vertex 30 102.71511840820312 28.021743774414062
			vertex 35 102.71511840820312 28.021743774414062
			vertex 30 101.81109619140625 28.021743774414062
		endloop
	endfacet
	facet normal 0 -0.4647265525886884 -0.8854542513981358
		outer loop
			vertex 30 103.59288024902344 27.805397033691406
			vertex 35 104.39334869384766 27.38527488708496
			vertex 35 103.59288024902344 27.805397033691406
		endloop
	endfacet
	facet normal 0 -0.23931345139836718 -0.9709423628515761
		outer loop
			vertex 30 103.59288024902344 27.805397033691406
			vertex 35 103.59288024902344 27.805397033691406
			vertex 30 102.71511840820312 28.021743774414062
		endloop
	endfacet
	facet normal 0 -0.6631219893404691 -0.7485113407645463
		outer loop
			vertex 30 104.39334869384766 27.38527488708496
			vertex 35 105.07002258300781 26.785795211791992
			vertex 35 104.39334869384766 27.38527488708496
		endloop
	endfacet
	facet normal 0 -0.4647265525886884 -0.8854542513981358
		outer loop
			vertex 30 104.39334869384766 27.38527488708496
			vertex 35 104.39334869384766 27.38527488708496
			vertex 30 103.59288024902344 27.805397033691406
		endloop
	endfacet
	facet normal 0 -0.8229850400950051 -0.5680630456030589
		outer loop
			vertex 30 105.07002258300781 26.785795211791992
			vertex 35 105.58356475830078 26.041797637939453
			vertex 35 105.07002258300781 26.785795211791992
		endloop
	endfacet
	facet normal 0 -0.6631219893404691 -0.7485113407645463
		outer loop
			vertex 30 105.07002258300781 26.785795211791992
			vertex 35 105.07002258300781 26.785795211791992
			vertex 30 104.39334869384766 27.38527488708496
		endloop
	endfacet
	facet normal 0 -0.8229850400950051 -0.5680630456030589
		outer loop
			vertex 30 105.58356475830078 26.041797637939453
			vertex 35 105.58356475830078 26.041797637939453
			vertex 30 105.07002258300781 26.785795211791992
		endloop
	endfacet
	facet normal 0 -0.9350161254076517 -0.3546051962784284
		outer loop
			vertex 30 105.58356475830078 26.041797637939453
			vertex 35 105.90413665771484 25.19651985168457
			vertex 35 105.58356475830078 26.041797637939453
		endloop
	endfacet
	facet normal 0 -0.9350161254076517 -0.3546051962784284
		outer loop
			vertex 30 105.90413665771484 25.19651985168457
			vertex 35 105.90413665771484 25.19651985168457
			vertex 30 105.58356475830078 26.041797637939453
		endloop
	endfacet
	facet normal 0 -0.9927085567575188 -0.12053929376101574
		outer loop
			vertex 30 105.90413665771484 25.19651985168457
			vertex 35 106.01310729980469 24.29908561706543
			vertex 35 105.90413665771484 25.19651985168457
		endloop
	endfacet
	facet normal 0 -0.9927085567575188 -0.12053929376101574
		outer loop
			vertex 30 106.01310729980469 24.29908561706543
			vertex 35 106.01310729980469 24.29908561706543
			vertex 30 105.90413665771484 25.19651985168457
		endloop
	endfacet
	facet normal 0 -0.9927085567575188 0.12053929376101574
		outer loop
			vertex 30 106.01310729980469 24.29908561706543
			vertex 35 105.90413665771484 23.40165138244629
			vertex 35 106.01310729980469 24.29908561706543
		endloop
	endfacet
	facet normal 0 -0.9927085567575188 0.12053929376101574
		outer loop
			vertex 30 105.90413665771484 23.40165138244629
			vertex 35 105.90413665771484 23.40165138244629
			vertex 30 106.01310729980469 24.29908561706543
		endloop
	endfacet
	facet normal 0 -0.9350161254076517 0.3546051962784284
		outer loop
			vertex 30 105.90413665771484 23.40165138244629
			vertex 35 105.58356475830078 22.556373596191406
			vertex 35 105.90413665771484 23.40165138244629
		endloop
	endfacet
	facet normal 0 -0.9350161254076517 0.3546051962784284
		outer loop
			vertex 30 105.58356475830078 22.556373596191406
			vertex 35 105.58356475830078 22.556373596191406
			vertex 30 105.90413665771484 23.40165138244629
		endloop
	endfacet
	facet normal 0 -0.8229850400950051 0.5680630456030589
		outer loop
			vertex 30 105.58356475830078 22.556373596191406
			vertex 35 105.07002258300781 21.812376022338867
			vertex 35 105.58356475830078 22.556373596191406
		endloop
	endfacet
	facet normal 0 -0.8229850400950051 0.5680630456030589
		outer loop
			vertex 30 105.07002258300781 21.812376022338867
			vertex 35 105.07002258300781 21.812376022338867
			vertex 30 105.58356475830078 22.556373596191406
		endloop
	endfacet
	facet normal 0 -0.6631219893404691 0.7485113407645463
		outer loop
			vertex 30 105.07002258300781 21.812376022338867
			vertex 35 104.39334869384766 21.2128963470459
			vertex 35 105.07002258300781 21.812376022338867
		endloop
	endfacet
	facet normal 0 -0.6631219893404691 0.7485113407645463
		outer loop
			vertex 30 104.39334869384766 21.2128963470459
			vertex 35 104.39334869384766 21.2128963470459
			vertex 30 105.07002258300781 21.812376022338867
		endloop
	endfacet
	facet normal 0 -0.4647265525886884 0.8854542513981358
		outer loop
			vertex 30 104.39334869384766 21.2128963470459
			vertex 35 103.59288024902344 20.792774200439453
			vertex 35 104.39334869384766 21.2128963470459
		endloop
	endfacet
	facet normal 0 -0.4647265525886884 0.8854542513981358
		outer loop
			vertex 30 103.59288024902344 20.792774200439453
			vertex 35 103.59288024902344 20.792774200439453
			vertex 30 104.39334869384766 21.2128963470459
		endloop
	endfacet
	facet normal 0 -0.23931345139836718 0.9709423628515761
		outer loop
			vertex 30 103.59288024902344 20.792774200439453
			vertex 35 102.71511840820312 20.576427459716797
			vertex 35 103.59288024902344 20.792774200439453
		endloop
	endfacet
	facet normal 0 -0.23931345139836718 0.9709423628515761
		outer loop
			vertex 30 102.71511840820312 20.576427459716797
			vertex 35 102.71511840820312 20.576427459716797
			vertex 30 103.59288024902344 20.792774200439453
		endloop
	endfacet
	facet normal 0 0 1
		outer loop
			vertex 30 101.81109619140625 20.576427459716797
			vertex 35 102.71511840820312 20.576427459716797
			vertex 30 102.71511840820312 20.576427459716797
		endloop
	endfacet
	facet normal 0 0 1
		outer loop
			vertex 30 101.81109619140625 20.576427459716797
			vertex 35 101.81109619140625 20.576427459716797
			vertex 35 102.71511840820312 20.576427459716797
		endloop
	endfacet
	facet normal 0 0.2393154123678627 0.9709418795186456
		outer loop
			vertex 30 101.81109619140625 20.576427459716797
			vertex 35 100.93334197998047 20.792774200439453
			vertex 35 101.81109619140625 20.576427459716797
		endloop
	endfacet
	facet normal 0 0.2393154123678627 0.9709418795186456
		outer loop
			vertex 30 100.93334197998047 20.792774200439453
			vertex 35 100.93334197998047 20.792774200439453
			vertex 30 101.81109619140625 20.576427459716797
		endloop
	endfacet
	facet normal 0 0.46472307984443745 0.8854560740431457
		outer loop
			vertex 30 100.13286590576172 21.2128963470459
			vertex 35 100.93334197998047 20.792774200439453
			vertex 30 100.93334197998047 20.792774200439453
		endloop
	endfacet
	facet normal 0 0.46472307984443745 0.8854560740431457
		outer loop
			vertex 30 100.13286590576172 21.2128963470459
			vertex 35 100.13286590576172 21.2128963470459
			vertex 35 100.93334197998047 20.792774200439453
		endloop
	endfacet
	facet normal 0 0.6631219893404691 0.7485113407645463
		outer loop
			vertex 30 99.45619201660156 21.812376022338867
			vertex 35 99.45619201660156 21.812376022338867
			vertex 35 100.13286590576172 21.2128963470459
		endloop
	endfacet
	facet normal 0 0.6631219893404691 0.7485113407645463
		outer loop
			vertex 30 99.45619201660156 21.812376022338867
			vertex 35 100.13286590576172 21.2128963470459
			vertex 30 100.13286590576172 21.2128963470459
		endloop
	endfacet
	facet normal 0 0.8229850400950051 0.5680630456030589
		outer loop
			vertex 30 98.9426498413086 22.556373596191406
			vertex 35 99.45619201660156 21.812376022338867
			vertex 30 99.45619201660156 21.812376022338867
		endloop
	endfacet
	facet normal 0 0.8229850400950051 0.5680630456030589
		outer loop
			vertex 30 98.9426498413086 22.556373596191406
			vertex 35 98.9426498413086 22.556373596191406
			vertex 35 99.45619201660156 21.812376022338867
		endloop
	endfacet
	facet normal 0 0.9350161254076517 0.3546051962784284
		outer loop
			vertex 30 98.9426498413086 22.556373596191406
			vertex 35 98.62207794189453 23.40165138244629
			vertex 35 98.9426498413086 22.556373596191406
		endloop
	endfacet
	facet normal 0 0.9350161254076517 0.3546051962784284
		outer loop
			vertex 30 98.62207794189453 23.40165138244629
			vertex 35 98.62207794189453 23.40165138244629
			vertex 30 98.9426498413086 22.556373596191406
		endloop
	endfacet
	facet normal 0 0.9927085567575188 0.12053929376101574
		outer loop
			vertex 30 98.51310729980469 24.29908561706543
			vertex 35 98.51310729980469 24.29908561706543
			vertex 35 98.62207794189453 23.40165138244629
		endloop
	endfacet
	facet normal 0 0.9927085567575188 0.12053929376101574
		outer loop
			vertex 30 98.51310729980469 24.29908561706543
			vertex 35 98.62207794189453 23.40165138244629
			vertex 30 98.62207794189453 23.40165138244629
		endloop
	endfacet
	facet normal 0.9937123672060663 0 0.11196307990456676
		outer loop
			vertex 35 75 44.69517135620117
			vertex 35 130 44.69517135620117
			vertex 34.87464141845703 130 45.80777359008789
		endloop
	endfacet
	facet normal 0.9438831060692812 0 0.3302797027929602
		outer loop
			vertex 34.87464141845703 75 45.80777359008789
			vertex 34.87464141845703 130 45.80777359008789
			vertex 34.504844665527344 130 46.86458969116211
		endloop
	endfacet
	facet normal 0.9937123672060663 0 0.11196307990456676
		outer loop
			vertex 34.87464141845703 75 45.80777359008789
			vertex 35 75 44.69517135620117
			vertex 34.87464141845703 130 45.80777359008789
		endloop
	endfacet
	facet normal 0.8467233791783675 0 0.5320333816150699
		outer loop
			vertex 34.504844665527344 75 46.86458969116211
			vertex 34.504844665527344 130 46.86458969116211
			vertex 33.909156799316406 130 47.812618255615234
		endloop
	endfacet
	facet normal 0.9438831060692812 0 0.3302797027929602
		outer loop
			vertex 34.504844665527344 75 46.86458969116211
			vertex 34.87464141845703 75 45.80777359008789
			vertex 34.504844665527344 130 46.86458969116211
		endloop
	endfacet
	facet normal 0.7071084847155512 0 0.7071050776534399
		outer loop
			vertex 33.909156799316406 75 47.812618255615234
			vertex 33.909156799316406 130 47.812618255615234
			vertex 33.11745071411133 130 48.60432815551758
		endloop
	endfacet
	facet normal 0.8467233791783675 0 0.5320333816150699
		outer loop
			vertex 33.909156799316406 75 47.812618255615234
			vertex 34.504844665527344 75 46.86458969116211
			vertex 33.909156799316406 130 47.812618255615234
		endloop
	endfacet
	facet normal 0.5320318467873486 0 0.8467243435759026
		outer loop
			vertex 33.11745071411133 75 48.60432815551758
			vertex 33.11745071411133 130 48.60432815551758
			vertex 32.16941833496094 130 49.200016021728516
		endloop
	endfacet
	facet normal 0.7071084847155512 0 0.7071050776534399
		outer loop
			vertex 33.11745071411133 75 48.60432815551758
			vertex 33.909156799316406 75 47.812618255615234
			vertex 33.11745071411133 130 48.60432815551758
		endloop
	endfacet
	facet normal 0.33027719845596437 0 0.9438839823728761
		outer loop
			vertex 32.16941833496094 75 49.200016021728516
			vertex 32.16941833496094 130 49.200016021728516
			vertex 31.11260414123535 130 49.56980895996094
		endloop
	endfacet
	facet normal 0.5320318467873486 0 0.8467243435759026
		outer loop
			vertex 32.16941833496094 75 49.200016021728516
			vertex 33.11745071411133 75 48.60432815551758
			vertex 32.16941833496094 130 49.200016021728516
		endloop
	endfacet
	facet normal 0.33027719845596437 0 0.9438839823728761
		outer loop
			vertex 31.11260414123535 75 49.56980895996094
			vertex 32.16941833496094 75 49.200016021728516
			vertex 31.11260414123535 130 49.56980895996094
		endloop
	endfacet
	facet normal 0.11196623643064611 0.0005716025624304318 0.9937118471519132
		outer loop
			vertex 30.55982208251953 75 49.66373062133789
			vertex 31.11260414123535 130 49.56980895996094
			vertex 30 130 49.69517135620117
		endloop
	endfacet
	facet normal 0.16750659077759622 0 0.9858709560820155
		outer loop
			vertex 30.55982208251953 75 49.66373062133789
			vertex 31.11260414123535 75 49.56980895996094
			vertex 31.11260414123535 130 49.56980895996094
		endloop
	endfacet
	facet normal 0.05607364928541516 0 0.9984266351894948
		outer loop
			vertex 30 75 49.69517135620117
			vertex 30.55982208251953 75 49.66373062133789
			vertex 30 130 49.69517135620117
		endloop
	endfacet
	facet normal 0.05598570172619357 -0.05598570172619357 0.9968606735168419
		outer loop
			vertex 30 74.44017791748047 49.66373062133789
			vertex 30.55982208251953 75 49.66373062133789
			vertex 30 75 49.69517135620117
		endloop
	endfacet
	facet normal 0.16710746095917167 -0.06899176809016475 0.9835218515252074
		outer loop
			vertex 30.784543991088867 74.2154541015625 49.57051467895508
			vertex 31.11260414123535 75 49.56980895996094
			vertex 30.55982208251953 75 49.66373062133789
		endloop
	endfacet
	facet normal 0.06899135966939532 -0.16710802611031308 0.9835217841514662
		outer loop
			vertex 30.784543991088867 74.2154541015625 49.57051467895508
			vertex 30 74.44017791748047 49.66373062133789
			vertex 30 73.88739776611328 49.56980895996094
		endloop
	endfacet
	facet normal 0.09158204383802716 -0.09158204383802716 0.9915772579546686
		outer loop
			vertex 30.784543991088867 74.2154541015625 49.57051467895508
			vertex 30.55982208251953 75 49.66373062133789
			vertex 30 74.44017791748047 49.66373062133789
		endloop
	endfacet
	facet normal 0.3288209029314243 -0.09380396493215606 0.9397221025166802
		outer loop
			vertex 31.899810791015625 73.88023376464844 49.182579040527344
			vertex 32.16941833496094 75 49.200016021728516
			vertex 31.11260414123535 75 49.56980895996094
		endloop
	endfacet
	facet normal 0.5268001146514785 -0.13989385619559028 0.8383980845647947
		outer loop
			vertex 31.899810791015625 73.88023376464844 49.182579040527344
			vertex 33.11745071411133 75 48.60432815551758
			vertex 32.16941833496094 75 49.200016021728516
		endloop
	endfacet
	facet normal 0.29324121994545455 -0.12176669225125693 0.9482523185223907
		outer loop
			vertex 31.899810791015625 73.88023376464844 49.182579040527344
			vertex 31.11260414123535 75 49.56980895996094
			vertex 30.784543991088867 74.2154541015625 49.57051467895508
		endloop
	endfacet
	facet normal 0.7008389599144729 -0.13286925070080818 0.7008355830608244
		outer loop
			vertex 32.96084213256836 73.73928833007812 48.52192306518555
			vertex 33.909156799316406 75 47.812618255615234
			vertex 33.11745071411133 75 48.60432815551758
		endloop
	endfacet
	facet normal 0.513320703823196 -0.11931624741824409 0.8498620406445314
		outer loop
			vertex 32.96084213256836 73.73928833007812 48.52192306518555
			vertex 33.11745071411133 75 48.60432815551758
			vertex 31.899810791015625 73.88023376464844 49.182579040527344
		endloop
	endfacet
	facet normal 0.09380415835665909 -0.3288203681902729 0.9397222703215097
		outer loop
			vertex 31.119762420654297 73.10018920898438 49.182579040527344
			vertex 30 73.88739776611328 49.56980895996094
			vertex 30 72.83058166503906 49.200016021728516
		endloop
	endfacet
	facet normal 0.13989466761530323 -0.5268015733940227 0.8383970325820496
		outer loop
			vertex 31.119762420654297 73.10018920898438 49.182579040527344
			vertex 30 72.83058166503906 49.200016021728516
			vertex 30 71.88255310058594 48.60432815551758
		endloop
	endfacet
	facet normal 0.12176592993220317 -0.29324209839056725 0.9482521447585778
		outer loop
			vertex 31.119762420654297 73.10018920898438 49.182579040527344
			vertex 30.784543991088867 74.2154541015625 49.57051467895508
			vertex 30 73.88739776611328 49.56980895996094
		endloop
	endfacet
	facet normal 0.2501557616457279 -0.2501569849970006 0.935330731758909
		outer loop
			vertex 31.119762420654297 73.10018920898438 49.182579040527344
			vertex 31.899810791015625 73.88023376464844 49.182579040527344
			vertex 30.784543991088867 74.2154541015625 49.57051467895508
		endloop
	endfacet
	facet normal 0.8410937676122313 -0.1151225394691721 0.5284960501177193
		outer loop
			vertex 33.86149978637695 73.75489044189453 47.61724090576172
			vertex 34.504844665527344 75 46.86458969116211
			vertex 33.909156799316406 75 47.812618255615234
		endloop
	endfacet
	facet normal 0.7032326187571685 -0.13640476018618242 0.697751836482345
		outer loop
			vertex 33.86149978637695 73.75489044189453 47.61724090576172
			vertex 33.909156799316406 75 47.812618255615234
			vertex 32.96084213256836 73.73928833007812 48.52192306518555
		endloop
	endfacet
	facet normal 0.47343378401213515 -0.3065799348174335 0.8257537137205555
		outer loop
			vertex 32.1991081237793 72.80089569091797 48.610252380371094
			vertex 32.96084213256836 73.73928833007812 48.52192306518555
			vertex 31.899810791015625 73.88023376464844 49.182579040527344
		endloop
	endfacet
	facet normal 0.3580001277464601 -0.3580018784953096 0.8623633593372042
		outer loop
			vertex 32.1991081237793 72.80089569091797 48.610252380371094
			vertex 31.899810791015625 73.88023376464844 49.182579040527344
			vertex 31.119762420654297 73.10018920898438 49.182579040527344
		endloop
	endfacet
	facet normal 0.9399350040583726 -0.09136828086421768 0.3288981991402574
		outer loop
			vertex 34.51491928100586 73.86860656738281 46.5214958190918
			vertex 34.87464141845703 75 45.80777359008789
			vertex 34.504844665527344 75 46.86458969116211
		endloop
	endfacet
	facet normal 0.8565315406999519 -0.1427704377402599 0.4959539513842203
		outer loop
			vertex 34.51491928100586 73.86860656738281 46.5214958190918
			vertex 34.504844665527344 75 46.86458969116211
			vertex 33.86149978637695 73.75489044189453 47.61724090576172
		endloop
	endfacet
	facet normal 0.5645971054068104 -0.38982915472038304 0.7275048719398675
		outer loop
			vertex 33.181068420410156 72.70999908447266 47.79947280883789
			vertex 32.96084213256836 73.73928833007812 48.52192306518555
			vertex 32.1991081237793 72.80089569091797 48.610252380371094
		endloop
	endfacet
	facet normal 0.6735579965469553 -0.3226423951937255 0.6649973760183628
		outer loop
			vertex 33.181068420410156 72.70999908447266 47.79947280883789
			vertex 33.86149978637695 73.75489044189453 47.61724090576172
			vertex 32.96084213256836 73.73928833007812 48.52192306518555
		endloop
	endfacet
	facet normal 0.9913796781063843 -0.06847910248507622 0.11170025228494627
		outer loop
			vertex 34.862518310546875 74.01023864746094 45.30858612060547
			vertex 35 75 44.69517135620117
			vertex 34.87464141845703 75 45.80777359008789
		endloop
	endfacet
	facet normal 0.9928345509939331 -0.1118641750202722 0.04202333518069641
		outer loop
			vertex 34.862518310546875 74.01023864746094 45.30858612060547
			vertex 34.87464141845703 73.88739776611328 44.69517135620117
			vertex 35 75 44.69517135620117
		endloop
	endfacet
	facet normal 0.955880348481957 -0.14153412045937183 0.25741183370584336
		outer loop
			vertex 34.862518310546875 74.01023864746094 45.30858612060547
			vertex 34.87464141845703 75 45.80777359008789
			vertex 34.51491928100586 73.86860656738281 46.5214958190918
		endloop
	endfacet
	facet normal 0.1328691530775027 -0.700837280743707 0.700837280743707
		outer loop
			vertex 31.260711669921875 72.0391616821289 48.52192306518555
			vertex 30 71.88255310058594 48.60432815551758
			vertex 30 71.0908432006836 47.812618255615234
		endloop
	endfacet
	facet normal 0.3065792135328811 -0.47343441957069493 0.8257536171251806
		outer loop
			vertex 31.260711669921875 72.0391616821289 48.52192306518555
			vertex 32.1991081237793 72.80089569091797 48.610252380371094
			vertex 31.119762420654297 73.10018920898438 49.182579040527344
		endloop
	endfacet
	facet normal 0.11931633271299855 -0.5133217195805202 0.8498614151465043
		outer loop
			vertex 31.260711669921875 72.0391616821289 48.52192306518555
			vertex 31.119762420654297 73.10018920898438 49.182579040527344
			vertex 30 71.88255310058594 48.60432815551758
		endloop
	endfacet
	facet normal 0.7424377517949082 -0.38826264408200245 0.5459288451072855
		outer loop
			vertex 33.96346664428711 72.78399658203125 46.7880744934082
			vertex 33.86149978637695 73.75489044189453 47.61724090576172
			vertex 33.181068420410156 72.70999908447266 47.79947280883789
		endloop
	endfacet
	facet normal 0.8307358022221236 -0.3084850384823843 0.46337350802445204
		outer loop
			vertex 33.96346664428711 72.78399658203125 46.7880744934082
			vertex 34.51491928100586 73.86860656738281 46.5214958190918
			vertex 33.86149978637695 73.75489044189453 47.61724090576172
		endloop
	endfacet
	facet normal 0.516331876145791 -0.5163296657074289 0.6832313444114096
		outer loop
			vertex 32.29000473022461 71.81893157958984 47.79947280883789
			vertex 33.181068420410156 72.70999908447266 47.79947280883789
			vertex 32.1991081237793 72.80089569091797 48.610252380371094
		endloop
	endfacet
	facet normal 0.3898269194028877 -0.564596497500299 0.7275065414958477
		outer loop
			vertex 32.29000473022461 71.81893157958984 47.79947280883789
			vertex 32.1991081237793 72.80089569091797 48.610252380371094
			vertex 31.260711669921875 72.0391616821289 48.52192306518555
		endloop
	endfacet
	facet normal 0.9406118428534014 -0.32913503579367714 0.08318346769053911
		outer loop
			vertex 34.46696090698242 72.96006774902344 45.63589096069336
			vertex 34.504844665527344 72.83058166503906 44.69517135620117
			vertex 34.87464141845703 73.88739776611328 44.69517135620117
		endloop
	endfacet
	facet normal 0.9315721474892665 -0.2777889062483022 0.23453498158613426
		outer loop
			vertex 34.46696090698242 72.96006774902344 45.63589096069336
			vertex 34.862518310546875 74.01023864746094 45.30858612060547
			vertex 34.51491928100586 73.86860656738281 46.5214958190918
		endloop
	endfacet
	facet normal 0.9408691063140242 -0.32811357435255223 0.08430188081793782
		outer loop
			vertex 34.46696090698242 72.96006774902344 45.63589096069336
			vertex 34.87464141845703 73.88739776611328 44.69517135620117
			vertex 34.862518310546875 74.01023864746094 45.30858612060547
		endloop
	endfacet
	facet normal 0.8727097549092061 -0.3636400113339214 0.32579690889168855
		outer loop
			vertex 34.46696090698242 72.96006774902344 45.63589096069336
			vertex 34.51491928100586 73.86860656738281 46.5214958190918
			vertex 33.96346664428711 72.78399658203125 46.7880744934082
		endloop
	endfacet
	facet normal 0.6949186388527544 -0.517050919293964 0.49974636790306143
		outer loop
			vertex 33.18052673339844 71.81947326660156 46.87886428833008
			vertex 33.96346664428711 72.78399658203125 46.7880744934082
			vertex 33.181068420410156 72.70999908447266 47.79947280883789
		endloop
	endfacet
	facet normal 0.5837522369943307 -0.5837497379265832 0.5643310812588299
		outer loop
			vertex 33.18052673339844 71.81947326660156 46.87886428833008
			vertex 33.181068420410156 72.70999908447266 47.79947280883789
			vertex 32.29000473022461 71.81893157958984 47.79947280883789
		endloop
	endfacet
	facet normal 0.11511964870094268 -0.8410940512779123 0.5284962283572898
		outer loop
			vertex 31.245113372802734 71.13849639892578 47.61724090576172
			vertex 30 71.0908432006836 47.812618255615234
			vertex 30 70.49515533447266 46.86458969116211
		endloop
	endfacet
	facet normal 0.1364026198582873 -0.7032295618787604 0.6977553357700693
		outer loop
			vertex 31.245113372802734 71.13849639892578 47.61724090576172
			vertex 31.260711669921875 72.0391616821289 48.52192306518555
			vertex 30 71.0908432006836 47.812618255615234
		endloop
	endfacet
	facet normal 0.32264199540508554 -0.6735545840991337 0.6650010263451236
		outer loop
			vertex 31.245113372802734 71.13849639892578 47.61724090576172
			vertex 32.29000473022461 71.81893157958984 47.79947280883789
			vertex 31.260711669921875 72.0391616821289 48.52192306518555
		endloop
	endfacet
	facet normal 0.7024202901149526 -0.7024169056419779 0.11496184890290705
		outer loop
			vertex 33.83577346801758 71.99079895019531 45.804927825927734
			vertex 33.11745071411133 71.0908432006836 44.69517135620117
			vertex 33.909156799316406 71.88255310058594 44.69517135620117
		endloop
	endfacet
	facet normal 0.8418384242316287 -0.5289639504841229 0.1072623259837249
		outer loop
			vertex 33.83577346801758 71.99079895019531 45.804927825927734
			vertex 33.909156799316406 71.88255310058594 44.69517135620117
			vertex 34.504844665527344 72.83058166503906 44.69517135620117
		endloop
	endfacet
	facet normal 0.8416060437283459 -0.5294337949181966 0.10676668000101162
		outer loop
			vertex 33.83577346801758 71.99079895019531 45.804927825927734
			vertex 34.504844665527344 72.83058166503906 44.69517135620117
			vertex 34.46696090698242 72.96006774902344 45.63589096069336
		endloop
	endfacet
	facet normal 0.8250164266160275 -0.4873645902259638 0.28604833858563045
		outer loop
			vertex 33.83577346801758 71.99079895019531 45.804927825927734
			vertex 34.46696090698242 72.96006774902344 45.63589096069336
			vertex 33.96346664428711 72.78399658203125 46.7880744934082
		endloop
	endfacet
	facet normal 0.7403205481637373 -0.5669417884852601 0.36125128987406846
		outer loop
			vertex 33.83577346801758 71.99079895019531 45.804927825927734
			vertex 33.96346664428711 72.78399658203125 46.7880744934082
			vertex 33.18052673339844 71.81947326660156 46.87886428833008
		endloop
	endfacet
	facet normal 0.5170536828149617 -0.6949161999635509 0.4997469000561215
		outer loop
			vertex 32.216007232666016 71.03652954101562 46.7880744934082
			vertex 33.18052673339844 71.81947326660156 46.87886428833008
			vertex 32.29000473022461 71.81893157958984 47.79947280883789
		endloop
	endfacet
	facet normal 0.3882639969660005 -0.7424360347184193 0.5459302180788089
		outer loop
			vertex 32.216007232666016 71.03652954101562 46.7880744934082
			vertex 32.29000473022461 71.81893157958984 47.79947280883789
			vertex 31.245113372802734 71.13849639892578 47.61724090576172
		endloop
	endfacet
	facet normal 0.5289621620040917 -0.8418389652873977 0.10726689932966584
		outer loop
			vertex 33.00920104980469 71.16423034667969 45.804927825927734
			vertex 32.16941833496094 70.49515533447266 44.69517135620117
			vertex 33.11745071411133 71.0908432006836 44.69517135620117
		endloop
	endfacet
	facet normal 0.5669462391908008 -0.7403191774979049 0.36124711389329184
		outer loop
			vertex 33.00920104980469 71.16423034667969 45.804927825927734
			vertex 33.18052673339844 71.81947326660156 46.87886428833008
			vertex 32.216007232666016 71.03652954101562 46.7880744934082
		endloop
	endfacet
	facet normal 0.7024165868788026 -0.7024198286020206 0.1149666163033503
		outer loop
			vertex 33.00920104980469 71.16423034667969 45.804927825927734
			vertex 33.11745071411133 71.0908432006836 44.69517135620117
			vertex 33.83577346801758 71.99079895019531 45.804927825927734
		endloop
	endfacet
	facet normal 0.6737324912217661 -0.6737356005649968 0.3035866775789675
		outer loop
			vertex 33.00920104980469 71.16423034667969 45.804927825927734
			vertex 33.83577346801758 71.99079895019531 45.804927825927734
			vertex 33.18052673339844 71.81947326660156 46.87886428833008
		endloop
	endfacet
	facet normal 0.091371270815431 -0.9399347451146879 0.32889810853174595
		outer loop
			vertex 31.13139533996582 70.4850845336914 46.5214958190918
			vertex 30 70.49515533447266 46.86458969116211
			vertex 30 70.12535858154297 45.80777359008789
		endloop
	endfacet
	facet normal 0.14277160806163375 -0.856534121817931 0.4959491567621437
		outer loop
			vertex 31.13139533996582 70.4850845336914 46.5214958190918
			vertex 31.245113372802734 71.13849639892578 47.61724090576172
			vertex 30 70.49515533447266 46.86458969116211
		endloop
	endfacet
	facet normal 0.3084813814562714 -0.8307393082127391 0.463369657061239
		outer loop
			vertex 31.13139533996582 70.4850845336914 46.5214958190918
			vertex 32.216007232666016 71.03652954101562 46.7880744934082
			vertex 31.245113372802734 71.13849639892578 47.61724090576172
		endloop
	endfacet
	facet normal 0.3291354587986156 -0.9406113541048223 0.08318732049127063
		outer loop
			vertex 32.03993225097656 70.53304290771484 45.63589096069336
			vertex 31.11260414123535 70.12535858154297 44.69517135620117
			vertex 32.16941833496094 70.49515533447266 44.69517135620117
		endloop
	endfacet
	facet normal 0.5294331882196627 -0.8416060032338522 0.10677000764402382
		outer loop
			vertex 32.03993225097656 70.53304290771484 45.63589096069336
			vertex 32.16941833496094 70.49515533447266 44.69517135620117
			vertex 33.00920104980469 71.16423034667969 45.804927825927734
		endloop
	endfacet
	facet normal 0.4873665705331325 -0.8250176325479275 0.2860414863473237
		outer loop
			vertex 32.03993225097656 70.53304290771484 45.63589096069336
			vertex 33.00920104980469 71.16423034667969 45.804927825927734
			vertex 32.216007232666016 71.03652954101562 46.7880744934082
		endloop
	endfacet
	facet normal 0.36363617923281377 -0.8727131809024737 0.32579200885234616
		outer loop
			vertex 32.03993225097656 70.53304290771484 45.63589096069336
			vertex 32.216007232666016 71.03652954101562 46.7880744934082
			vertex 31.13139533996582 70.4850845336914 46.5214958190918
		endloop
	endfacet
	facet normal 0.27779191547891163 -0.9315706024770979 0.23453755412516417
		outer loop
			vertex 30.989765167236328 70.13748168945312 45.30858612060547
			vertex 32.03993225097656 70.53304290771484 45.63589096069336
			vertex 31.13139533996582 70.4850845336914 46.5214958190918
		endloop
	endfacet
	facet normal 0.0684788397944241 -0.9913796960241238 0.11170025430376516
		outer loop
			vertex 30.989765167236328 70.13748168945312 45.30858612060547
			vertex 30 70.12535858154297 45.80777359008789
			vertex 30 70 44.69517135620117
		endloop
	endfacet
	facet normal 0.11186398746573183 -0.9928345884067923 0.04202295053161041
		outer loop
			vertex 30.989765167236328 70.13748168945312 45.30858612060547
			vertex 30 70 44.69517135620117
			vertex 31.11260414123535 70.12535858154297 44.69517135620117
		endloop
	endfacet
	facet normal 0.1415350094461867 -0.9558794450108908 0.2574146998652934
		outer loop
			vertex 30.989765167236328 70.13748168945312 45.30858612060547
			vertex 31.13139533996582 70.4850845336914 46.5214958190918
			vertex 30 70.12535858154297 45.80777359008789
		endloop
	endfacet
	facet normal 0.32811771558717606 -0.9408676817425128 0.0843016617293095
		outer loop
			vertex 30.989765167236328 70.13748168945312 45.30858612060547
			vertex 31.11260414123535 70.12535858154297 44.69517135620117
			vertex 32.03993225097656 70.53304290771484 45.63589096069336
		endloop
	endfacet
	facet normal 0 -0.9937123672060663 0.11196307990456675
		outer loop
			vertex -30 70.12535858154297 45.80777359008789
			vertex 30 70 44.69517135620117
			vertex 30 70.12535858154297 45.80777359008789
		endloop
	endfacet
	facet normal 0 -0.9937123672060663 0.11196307990456675
		outer loop
			vertex -30 70.12535858154297 45.80777359008789
			vertex -30 70 44.69517135620117
			vertex 30 70 44.69517135620117
		endloop
	endfacet
	facet normal 0 -0.9438831060692812 0.3302797027929602
		outer loop
			vertex -30 70.49515533447266 46.86458969116211
			vertex 30 70.12535858154297 45.80777359008789
			vertex 30 70.49515533447266 46.86458969116211
		endloop
	endfacet
	facet normal 0 -0.9438831060692812 0.3302797027929602
		outer loop
			vertex -30 70.49515533447266 46.86458969116211
			vertex -30 70.12535858154297 45.80777359008789
			vertex 30 70.12535858154297 45.80777359008789
		endloop
	endfacet
	facet normal 0 -0.8467233791783676 0.5320333816150699
		outer loop
			vertex -30 71.0908432006836 47.812618255615234
			vertex 30 70.49515533447266 46.86458969116211
			vertex 30 71.0908432006836 47.812618255615234
		endloop
	endfacet
	facet normal 0 -0.8467233791783676 0.5320333816150699
		outer loop
			vertex -30 71.0908432006836 47.812618255615234
			vertex -30 70.49515533447266 46.86458969116211
			vertex 30 70.49515533447266 46.86458969116211
		endloop
	endfacet
	facet normal 0 -0.7071067811865476 0.7071067811865476
		outer loop
			vertex -30 71.88255310058594 48.60432815551758
			vertex 30 71.0908432006836 47.812618255615234
			vertex 30 71.88255310058594 48.60432815551758
		endloop
	endfacet
	facet normal 0 -0.7071067811865476 0.7071067811865476
		outer loop
			vertex -30 71.88255310058594 48.60432815551758
			vertex -30 71.0908432006836 47.812618255615234
			vertex 30 71.0908432006836 47.812618255615234
		endloop
	endfacet
	facet normal 0 -0.5320333816150699 0.8467233791783676
		outer loop
			vertex -30 72.83058166503906 49.200016021728516
			vertex 30 71.88255310058594 48.60432815551758
			vertex 30 72.83058166503906 49.200016021728516
		endloop
	endfacet
	facet normal 0 -0.5320333816150699 0.8467233791783676
		outer loop
			vertex -30 72.83058166503906 49.200016021728516
			vertex -30 71.88255310058594 48.60432815551758
			vertex 30 71.88255310058594 48.60432815551758
		endloop
	endfacet
	facet normal 0 -0.3302766673922682 0.9438841681987558
		outer loop
			vertex -30 73.88739776611328 49.56980895996094
			vertex 30 72.83058166503906 49.200016021728516
			vertex 30 73.88739776611328 49.56980895996094
		endloop
	endfacet
	facet normal 0 -0.3302766673922682 0.9438841681987558
		outer loop
			vertex -30 73.88739776611328 49.56980895996094
			vertex -30 72.83058166503906 49.200016021728516
			vertex 30 72.83058166503906 49.200016021728516
		endloop
	endfacet
	facet normal 0 -0.16750715253605844 0.9858708606350335
		outer loop
			vertex -30 74.44017791748047 49.66373062133789
			vertex 30 73.88739776611328 49.56980895996094
			vertex 30 74.44017791748047 49.66373062133789
		endloop
	endfacet
	facet normal 0 -0.16750715253605844 0.9858708606350335
		outer loop
			vertex -30 74.44017791748047 49.66373062133789
			vertex -30 73.88739776611328 49.56980895996094
			vertex 30 73.88739776611328 49.56980895996094
		endloop
	endfacet
	facet normal 0 -0.05607364928541515 0.9984266351894947
		outer loop
			vertex -30 75 49.69517135620117
			vertex 30 74.44017791748047 49.66373062133789
			vertex 30 75 49.69517135620117
		endloop
	endfacet
	facet normal 0 -0.05607364928541515 0.9984266351894947
		outer loop
			vertex -30 75 49.69517135620117
			vertex -30 74.44017791748047 49.66373062133789
			vertex 30 74.44017791748047 49.66373062133789
		endloop
	endfacet
	facet normal 0 0 1
		outer loop
			vertex 26.29091453552246 123.9317398071289 49.69517135620117
			vertex 30 130 49.69517135620117
			vertex 26.21174430847168 124.01091003417969 49.69517135620117
		endloop
	endfacet
	facet normal 0 0 1
		outer loop
			vertex 26.350482940673828 123.8369369506836 49.69517135620117
			vertex 30 130 49.69517135620117
			vertex 26.29091453552246 123.9317398071289 49.69517135620117
		endloop
	endfacet
	facet normal 0 0 1
		outer loop
			vertex 26.116941452026367 124.07048034667969 49.69517135620117
			vertex 26.21174430847168 124.01091003417969 49.69517135620117
			vertex 30 130 49.69517135620117
		endloop
	endfacet
	facet normal 0 0 1
		outer loop
			vertex 26.387462615966797 123.73125457763672 49.69517135620117
			vertex 30 130 49.69517135620117
			vertex 26.350482940673828 123.8369369506836 49.69517135620117
		endloop
	endfacet
	facet normal 0 0 1
		outer loop
			vertex 26.011259078979492 124.10746002197266 49.69517135620117
			vertex 26.116941452026367 124.07048034667969 49.69517135620117
			vertex 30 130 49.69517135620117
		endloop
	endfacet
	facet normal 0 0 1
		outer loop
			vertex 25.899999618530273 124.1199951171875 49.69517135620117
			vertex 26.011259078979492 124.10746002197266 49.69517135620117
			vertex 30 130 49.69517135620117
		endloop
	endfacet
	facet normal 0 0 1
		outer loop
			vertex 26.399999618530273 123.6199951171875 49.69517135620117
			vertex 30 130 49.69517135620117
			vertex 26.387462615966797 123.73125457763672 49.69517135620117
		endloop
	endfacet
	facet normal 0 0 1
		outer loop
			vertex 12.907197952270508 124.1199951171875 49.69517135620117
			vertex 25.899999618530273 124.1199951171875 49.69517135620117
			vertex 30 130 49.69517135620117
		endloop
	endfacet
	facet normal 0 0 1
		outer loop
			vertex 26.399999618530273 110.6199951171875 49.69517135620117
			vertex 30 130 49.69517135620117
			vertex 26.399999618530273 123.6199951171875 49.69517135620117
		endloop
	endfacet
	facet normal 0 0 1
		outer loop
			vertex 7.290915012359619 123.9317398071289 49.69517135620117
			vertex 12.516282081604004 123.9317398071289 49.69517135620117
			vertex 12.595453262329102 124.01091003417969 49.69517135620117
		endloop
	endfacet
	facet normal 0 0 1
		outer loop
			vertex 7.21174430847168 124.01091003417969 49.69517135620117
			vertex 7.290915012359619 123.9317398071289 49.69517135620117
			vertex 12.595453262329102 124.01091003417969 49.69517135620117
		endloop
	endfacet
	facet normal 0 0 1
		outer loop
			vertex 7.21174430847168 124.01091003417969 49.69517135620117
			vertex 12.595453262329102 124.01091003417969 49.69517135620117
			vertex 12.690256118774414 124.07048034667969 49.69517135620117
		endloop
	endfacet
	facet normal 0 0 1
		outer loop
			vertex 7.3504838943481445 123.8369369506836 49.69517135620117
			vertex 12.516282081604004 123.9317398071289 49.69517135620117
			vertex 7.290915012359619 123.9317398071289 49.69517135620117
		endloop
	endfacet
	facet normal 0 0 1
		outer loop
			vertex 7.3504838943481445 123.8369369506836 49.69517135620117
			vertex 12.456713676452637 123.8369369506836 49.69517135620117
			vertex 12.516282081604004 123.9317398071289 49.69517135620117
		endloop
	endfacet
	facet normal 0 0 1
		outer loop
			vertex 7.116941452026367 124.07048034667969 49.69517135620117
			vertex 7.21174430847168 124.01091003417969 49.69517135620117
			vertex 12.690256118774414 124.07048034667969 49.69517135620117
		endloop
	endfacet
	facet normal 0 0 1
		outer loop
			vertex 7.011260032653809 124.10746002197266 49.69517135620117
			vertex 7.116941452026367 124.07048034667969 49.69517135620117
			vertex 12.690256118774414 124.07048034667969 49.69517135620117
		endloop
	endfacet
	facet normal 0 0 1
		outer loop
			vertex 7.011260032653809 124.10746002197266 49.69517135620117
			vertex 12.690256118774414 124.07048034667969 49.69517135620117
			vertex 12.795937538146973 124.10746002197266 49.69517135620117
		endloop
	endfacet
	facet normal 0 0 1
		outer loop
			vertex 7.011260032653809 124.10746002197266 49.69517135620117
			vertex 12.795937538146973 124.10746002197266 49.69517135620117
			vertex 12.907197952270508 124.1199951171875 49.69517135620117
		endloop
	endfacet
	facet normal 0 0 1
		outer loop
			vertex 7.387463569641113 123.73125457763672 49.69517135620117
			vertex 12.456713676452637 123.8369369506836 49.69517135620117
			vertex 7.3504838943481445 123.8369369506836 49.69517135620117
		endloop
	endfacet
	facet normal 0 0 1
		outer loop
			vertex 7.387463569641113 123.73125457763672 49.69517135620117
			vertex 12.407197952270508 123.6199951171875 49.69517135620117
			vertex 12.419734001159668 123.73125457763672 49.69517135620117
		endloop
	endfacet
	facet normal 0 0 1
		outer loop
			vertex 7.387463569641113 123.73125457763672 49.69517135620117
			vertex 12.419734001159668 123.73125457763672 49.69517135620117
			vertex 12.456713676452637 123.8369369506836 49.69517135620117
		endloop
	endfacet
	facet normal 0 0 1
		outer loop
			vertex 7.399999618530273 123.6199951171875 49.69517135620117
			vertex 12.407197952270508 123.6199951171875 49.69517135620117
			vertex 7.387463569641113 123.73125457763672 49.69517135620117
		endloop
	endfacet
	facet normal 0 0 1
		outer loop
			vertex 6.899999618530273 124.1199951171875 49.69517135620117
			vertex 12.907197952270508 124.1199951171875 49.69517135620117
			vertex 30 130 49.69517135620117
		endloop
	endfacet
	facet normal 0 0 1
		outer loop
			vertex 6.899999618530273 124.1199951171875 49.69517135620117
			vertex 7.011260032653809 124.10746002197266 49.69517135620117
			vertex 12.907197952270508 124.1199951171875 49.69517135620117
		endloop
	endfacet
	facet normal 0 0 1
		outer loop
			vertex 26.29091453552246 98.9317398071289 49.69517135620117
			vertex 26.21174430847168 110.22908020019531 49.69517135620117
			vertex 26.21174430847168 99.01091003417969 49.69517135620117
		endloop
	endfacet
	facet normal 0 0 1
		outer loop
			vertex 26.29091453552246 98.9317398071289 49.69517135620117
			vertex 26.29091453552246 110.3082504272461 49.69517135620117
			vertex 26.21174430847168 110.22908020019531 49.69517135620117
		endloop
	endfacet
	facet normal 0 0 1
		outer loop
			vertex 26.116941452026367 99.07048034667969 49.69517135620117
			vertex 26.21174430847168 99.01091003417969 49.69517135620117
			vertex 26.21174430847168 110.22908020019531 49.69517135620117
		endloop
	endfacet
	facet normal 0 0 1
		outer loop
			vertex 26.116941452026367 99.07048034667969 49.69517135620117
			vertex 26.21174430847168 110.22908020019531 49.69517135620117
			vertex 26.116941452026367 110.16951751708984 49.69517135620117
		endloop
	endfacet
	facet normal 0 0 1
		outer loop
			vertex 26.116941452026367 99.07048034667969 49.69517135620117
			vertex 26.116941452026367 110.16951751708984 49.69517135620117
			vertex 26.011259078979492 110.13253784179688 49.69517135620117
		endloop
	endfacet
	facet normal 0 0 1
		outer loop
			vertex 26.350482940673828 98.8369369506836 49.69517135620117
			vertex 26.29091453552246 110.3082504272461 49.69517135620117
			vertex 26.29091453552246 98.9317398071289 49.69517135620117
		endloop
	endfacet
	facet normal 0 0 1
		outer loop
			vertex 26.350482940673828 98.8369369506836 49.69517135620117
			vertex 26.350482940673828 110.4030532836914 49.69517135620117
			vertex 26.29091453552246 110.3082504272461 49.69517135620117
		endloop
	endfacet
	facet normal 0 0 1
		outer loop
			vertex 26.011259078979492 99.10746002197266 49.69517135620117
			vertex 26.116941452026367 99.07048034667969 49.69517135620117
			vertex 26.011259078979492 110.13253784179688 49.69517135620117
		endloop
	endfacet
	facet normal 0 0 1
		outer loop
			vertex 26.387462615966797 98.73125457763672 49.69517135620117
			vertex 26.350482940673828 110.4030532836914 49.69517135620117
			vertex 26.350482940673828 98.8369369506836 49.69517135620117
		endloop
	endfacet
	facet normal 0 0 1
		outer loop
			vertex 26.387462615966797 98.73125457763672 49.69517135620117
			vertex 26.399999618530273 110.6199951171875 49.69517135620117
			vertex 26.387462615966797 110.50873565673828 49.69517135620117
		endloop
	endfacet
	facet normal 0 0 1
		outer loop
			vertex 26.387462615966797 98.73125457763672 49.69517135620117
			vertex 26.387462615966797 110.50873565673828 49.69517135620117
			vertex 26.350482940673828 110.4030532836914 49.69517135620117
		endloop
	endfacet
	facet normal 0 0 1
		outer loop
			vertex 25.899999618530273 99.1199951171875 49.69517135620117
			vertex 26.011259078979492 99.10746002197266 49.69517135620117
			vertex 26.011259078979492 110.13253784179688 49.69517135620117
		endloop
	endfacet
	facet normal 0 0 1
		outer loop
			vertex 25.899999618530273 99.1199951171875 49.69517135620117
			vertex 26.011259078979492 110.13253784179688 49.69517135620117
			vertex 25.899999618530273 110.1199951171875 49.69517135620117
		endloop
	endfacet
	facet normal 0 0 1
		outer loop
			vertex 26.399999618530273 98.6199951171875 49.69517135620117
			vertex 30 130 49.69517135620117
			vertex 26.399999618530273 110.6199951171875 49.69517135620117
		endloop
	endfacet
	facet normal 0 0 1
		outer loop
			vertex 26.399999618530273 98.6199951171875 49.69517135620117
			vertex 26.399999618530273 110.6199951171875 49.69517135620117
			vertex 26.387462615966797 98.73125457763672 49.69517135620117
		endloop
	endfacet
	facet normal 0 0 1
		outer loop
			vertex 12.907197952270508 110.1199951171875 49.69517135620117
			vertex 25.899999618530273 99.1199951171875 49.69517135620117
			vertex 25.899999618530273 110.1199951171875 49.69517135620117
		endloop
	endfacet
	facet normal 0 0 1
		outer loop
			vertex -6.092802047729492 124.1199951171875 49.69517135620117
			vertex 6.899999618530273 124.1199951171875 49.69517135620117
			vertex 30 130 49.69517135620117
		endloop
	endfacet
	facet normal 0 0 1
		outer loop
			vertex 7.399999618530273 110.6199951171875 49.69517135620117
			vertex 12.407197952270508 123.6199951171875 49.69517135620117
			vertex 7.399999618530273 123.6199951171875 49.69517135620117
		endloop
	endfacet
	facet normal 0 0 1
		outer loop
			vertex 7.399999618530273 110.6199951171875 49.69517135620117
			vertex 12.407197952270508 110.6199951171875 49.69517135620117
			vertex 12.407197952270508 123.6199951171875 49.69517135620117
		endloop
	endfacet
	facet normal 0 0 1
		outer loop
			vertex 7.399999618530273 110.6199951171875 49.69517135620117
			vertex 12.419734001159668 110.50873565673828 49.69517135620117
			vertex 12.407197952270508 110.6199951171875 49.69517135620117
		endloop
	endfacet
	facet normal 0 0 1
		outer loop
			vertex 7.387463569641113 110.50873565673828 49.69517135620117
			vertex 12.419734001159668 110.50873565673828 49.69517135620117
			vertex 7.399999618530273 110.6199951171875 49.69517135620117
		endloop
	endfacet
	facet normal 0 0 1
		outer loop
			vertex 7.3504838943481445 110.4030532836914 49.69517135620117
			vertex 12.419734001159668 110.50873565673828 49.69517135620117
			vertex 7.387463569641113 110.50873565673828 49.69517135620117
		endloop
	endfacet
	facet normal 0 0 1
		outer loop
			vertex 7.3504838943481445 110.4030532836914 49.69517135620117
			vertex 12.456713676452637 110.4030532836914 49.69517135620117
			vertex 12.419734001159668 110.50873565673828 49.69517135620117
		endloop
	endfacet
	facet normal 0 0 1
		outer loop
			vertex 7.290915012359619 110.3082504272461 49.69517135620117
			vertex 12.456713676452637 110.4030532836914 49.69517135620117
			vertex 7.3504838943481445 110.4030532836914 49.69517135620117
		endloop
	endfacet
	facet normal 0 0 1
		outer loop
			vertex 7.290915012359619 110.3082504272461 49.69517135620117
			vertex 12.595453262329102 110.22908020019531 49.69517135620117
			vertex 12.516282081604004 110.3082504272461 49.69517135620117
		endloop
	endfacet
	facet normal 0 0 1
		outer loop
			vertex 7.290915012359619 110.3082504272461 49.69517135620117
			vertex 12.516282081604004 110.3082504272461 49.69517135620117
			vertex 12.456713676452637 110.4030532836914 49.69517135620117
		endloop
	endfacet
	facet normal 0 0 1
		outer loop
			vertex 7.21174430847168 110.22908020019531 49.69517135620117
			vertex 12.595453262329102 110.22908020019531 49.69517135620117
			vertex 7.290915012359619 110.3082504272461 49.69517135620117
		endloop
	endfacet
	facet normal 0 0 1
		outer loop
			vertex 7.116941452026367 110.16951751708984 49.69517135620117
			vertex 12.595453262329102 110.22908020019531 49.69517135620117
			vertex 7.21174430847168 110.22908020019531 49.69517135620117
		endloop
	endfacet
	facet normal 0 0 1
		outer loop
			vertex 7.116941452026367 110.16951751708984 49.69517135620117
			vertex 12.690256118774414 110.16951751708984 49.69517135620117
			vertex 12.595453262329102 110.22908020019531 49.69517135620117
		endloop
	endfacet
	facet normal 0 0 1
		outer loop
			vertex -11.888256072998047 124.01091003417969 49.69517135620117
			vertex -11.80908489227295 123.9317398071289 49.69517135620117
			vertex -6.483717918395996 123.9317398071289 49.69517135620117
		endloop
	endfacet
	facet normal 0 0 1
		outer loop
			vertex -11.888256072998047 124.01091003417969 49.69517135620117
			vertex -6.483717918395996 123.9317398071289 49.69517135620117
			vertex -6.404546737670898 124.01091003417969 49.69517135620117
		endloop
	endfacet
	facet normal 0 0 1
		outer loop
			vertex -11.888256072998047 124.01091003417969 49.69517135620117
			vertex -6.404546737670898 124.01091003417969 49.69517135620117
			vertex -6.309743881225586 124.07048034667969 49.69517135620117
		endloop
	endfacet
	facet normal 0 0 1
		outer loop
			vertex -11.749516487121582 123.8369369506836 49.69517135620117
			vertex -6.483717918395996 123.9317398071289 49.69517135620117
			vertex -11.80908489227295 123.9317398071289 49.69517135620117
		endloop
	endfacet
	facet normal 0 0 1
		outer loop
			vertex -11.749516487121582 123.8369369506836 49.69517135620117
			vertex -6.580265998840332 123.73125457763672 49.69517135620117
			vertex -6.543286323547363 123.8369369506836 49.69517135620117
		endloop
	endfacet
	facet normal 0 0 1
		outer loop
			vertex -11.749516487121582 123.8369369506836 49.69517135620117
			vertex -6.543286323547363 123.8369369506836 49.69517135620117
			vertex -6.483717918395996 123.9317398071289 49.69517135620117
		endloop
	endfacet
	facet normal 0 0 1
		outer loop
			vertex -11.98305892944336 124.07048034667969 49.69517135620117
			vertex -11.888256072998047 124.01091003417969 49.69517135620117
			vertex -6.309743881225586 124.07048034667969 49.69517135620117
		endloop
	endfacet
	facet normal 0 0 1
		outer loop
			vertex 12.907197952270508 99.1199951171875 49.69517135620117
			vertex 25.899999618530273 99.1199951171875 49.69517135620117
			vertex 12.907197952270508 110.1199951171875 49.69517135620117
		endloop
	endfacet
	facet normal 0 0 1
		outer loop
			vertex -11.712536811828613 123.73125457763672 49.69517135620117
			vertex -6.580265998840332 123.73125457763672 49.69517135620117
			vertex -11.749516487121582 123.8369369506836 49.69517135620117
		endloop
	endfacet
	facet normal 0 0 1
		outer loop
			vertex -12.088740348815918 124.10746002197266 49.69517135620117
			vertex -11.98305892944336 124.07048034667969 49.69517135620117
			vertex -6.309743881225586 124.07048034667969 49.69517135620117
		endloop
	endfacet
	facet normal 0 0 1
		outer loop
			vertex -12.088740348815918 124.10746002197266 49.69517135620117
			vertex -6.309743881225586 124.07048034667969 49.69517135620117
			vertex -6.204062461853027 124.10746002197266 49.69517135620117
		endloop
	endfacet
	facet normal 0 0 1
		outer loop
			vertex -12.088740348815918 124.10746002197266 49.69517135620117
			vertex -6.204062461853027 124.10746002197266 49.69517135620117
			vertex -6.092802047729492 124.1199951171875 49.69517135620117
		endloop
	endfacet
	facet normal 0 0 1
		outer loop
			vertex -12.200000762939453 124.1199951171875 49.69517135620117
			vertex -12.088740348815918 124.10746002197266 49.69517135620117
			vertex -6.092802047729492 124.1199951171875 49.69517135620117
		endloop
	endfacet
	facet normal 0 0 1
		outer loop
			vertex -11.700000762939453 123.6199951171875 49.69517135620117
			vertex -6.580265998840332 123.73125457763672 49.69517135620117
			vertex -11.712536811828613 123.73125457763672 49.69517135620117
		endloop
	endfacet
	facet normal 0 0 1
		outer loop
			vertex -11.700000762939453 123.6199951171875 49.69517135620117
			vertex -6.592802047729492 123.6199951171875 49.69517135620117
			vertex -6.580265998840332 123.73125457763672 49.69517135620117
		endloop
	endfacet
	facet normal 0 0 1
		outer loop
			vertex 12.795937538146973 99.10746002197266 49.69517135620117
			vertex 12.907197952270508 99.1199951171875 49.69517135620117
			vertex 12.907197952270508 110.1199951171875 49.69517135620117
		endloop
	endfacet
	facet normal 0 0 1
		outer loop
			vertex 12.795937538146973 99.10746002197266 49.69517135620117
			vertex 12.907197952270508 110.1199951171875 49.69517135620117
			vertex 12.795937538146973 110.13253784179688 49.69517135620117
		endloop
	endfacet
	facet normal 0 0 1
		outer loop
			vertex 12.795937538146973 99.10746002197266 49.69517135620117
			vertex 12.795937538146973 110.13253784179688 49.69517135620117
			vertex 12.690256118774414 110.16951751708984 49.69517135620117
		endloop
	endfacet
	facet normal 0 0 1
		outer loop
			vertex 12.690256118774414 99.07048034667969 49.69517135620117
			vertex 12.690256118774414 110.16951751708984 49.69517135620117
			vertex 7.116941452026367 110.16951751708984 49.69517135620117
		endloop
	endfacet
	facet normal 0 0 1
		outer loop
			vertex 12.690256118774414 99.07048034667969 49.69517135620117
			vertex 12.795937538146973 99.10746002197266 49.69517135620117
			vertex 12.690256118774414 110.16951751708984 49.69517135620117
		endloop
	endfacet
	facet normal 0 0 1
		outer loop
			vertex 7.248113632202148 98.9317398071289 49.69517135620117
			vertex 12.456713676452637 98.8369369506836 49.69517135620117
			vertex 12.516282081604004 98.9317398071289 49.69517135620117
		endloop
	endfacet
	facet normal 0 0 1
		outer loop
			vertex 7.248113632202148 98.9317398071289 49.69517135620117
			vertex 12.516282081604004 98.9317398071289 49.69517135620117
			vertex 12.595453262329102 99.01091003417969 49.69517135620117
		endloop
	endfacet
	facet normal 0 0 1
		outer loop
			vertex 7.168942928314209 99.01091003417969 49.69517135620117
			vertex 7.248113632202148 98.9317398071289 49.69517135620117
			vertex 12.595453262329102 99.01091003417969 49.69517135620117
		endloop
	endfacet
	facet normal 0 0 1
		outer loop
			vertex 7.0741400718688965 99.07048034667969 49.69517135620117
			vertex 12.690256118774414 99.07048034667969 49.69517135620117
			vertex 7.116941452026367 110.16951751708984 49.69517135620117
		endloop
	endfacet
	facet normal 0 0 1
		outer loop
			vertex 7.0741400718688965 99.07048034667969 49.69517135620117
			vertex 7.116941452026367 110.16951751708984 49.69517135620117
			vertex 7.011260032653809 110.13253784179688 49.69517135620117
		endloop
	endfacet
	facet normal 0 0 1
		outer loop
			vertex 7.0741400718688965 99.07048034667969 49.69517135620117
			vertex 12.595453262329102 99.01091003417969 49.69517135620117
			vertex 12.690256118774414 99.07048034667969 49.69517135620117
		endloop
	endfacet
	facet normal 0 0 1
		outer loop
			vertex 7.0741400718688965 99.07048034667969 49.69517135620117
			vertex 7.168942928314209 99.01091003417969 49.69517135620117
			vertex 12.595453262329102 99.01091003417969 49.69517135620117
		endloop
	endfacet
	facet normal 0 0 1
		outer loop
			vertex 7.307682514190674 98.8369369506836 49.69517135620117
			vertex 12.456713676452637 98.8369369506836 49.69517135620117
			vertex 7.248113632202148 98.9317398071289 49.69517135620117
		endloop
	endfacet
	facet normal 0 0 1
		outer loop
			vertex 7.344661712646484 98.73125457763672 49.69517135620117
			vertex 12.419734001159668 98.73125457763672 49.69517135620117
			vertex 12.456713676452637 98.8369369506836 49.69517135620117
		endloop
	endfacet
	facet normal 0 0 1
		outer loop
			vertex 7.344661712646484 98.73125457763672 49.69517135620117
			vertex 12.456713676452637 98.8369369506836 49.69517135620117
			vertex 7.307682514190674 98.8369369506836 49.69517135620117
		endloop
	endfacet
	facet normal 0 0 1
		outer loop
			vertex 6.968458652496338 99.10746002197266 49.69517135620117
			vertex 7.0741400718688965 99.07048034667969 49.69517135620117
			vertex 7.011260032653809 110.13253784179688 49.69517135620117
		endloop
	endfacet
	facet normal 0 0 1
		outer loop
			vertex 6.968458652496338 99.10746002197266 49.69517135620117
			vertex 7.011260032653809 110.13253784179688 49.69517135620117
			vertex 6.899999618530273 110.1199951171875 49.69517135620117
		endloop
	endfacet
	facet normal 0 0 1
		outer loop
			vertex 6.8571977615356445 99.1199951171875 49.69517135620117
			vertex 6.968458652496338 99.10746002197266 49.69517135620117
			vertex 6.899999618530273 110.1199951171875 49.69517135620117
		endloop
	endfacet
	facet normal 0 0 1
		outer loop
			vertex 7.3571977615356445 98.6199951171875 49.69517135620117
			vertex 12.419734001159668 98.73125457763672 49.69517135620117
			vertex 7.344661712646484 98.73125457763672 49.69517135620117
		endloop
	endfacet
	facet normal 0 0 1
		outer loop
			vertex 7.3571977615356445 98.6199951171875 49.69517135620117
			vertex 12.407197952270508 98.6199951171875 49.69517135620117
			vertex 12.419734001159668 98.73125457763672 49.69517135620117
		endloop
	endfacet
	facet normal 0 0 1
		outer loop
			vertex 30 75 49.69517135620117
			vertex 26.399999618530273 98.6199951171875 49.69517135620117
			vertex 26.399999618530273 85.6199951171875 49.69517135620117
		endloop
	endfacet
	facet normal 0 0 1
		outer loop
			vertex 30 75 49.69517135620117
			vertex 26.399999618530273 85.6199951171875 49.69517135620117
			vertex 26.387462615966797 85.50873565673828 49.69517135620117
		endloop
	endfacet
	facet normal 0 0 1
		outer loop
			vertex 30 75 49.69517135620117
			vertex 26.387462615966797 85.50873565673828 49.69517135620117
			vertex 26.350482940673828 85.4030532836914 49.69517135620117
		endloop
	endfacet
	facet normal 0 0 1
		outer loop
			vertex 30 75 49.69517135620117
			vertex 26.350482940673828 85.4030532836914 49.69517135620117
			vertex 26.29091453552246 85.3082504272461 49.69517135620117
		endloop
	endfacet
	facet normal 0 0 1
		outer loop
			vertex 30 75 49.69517135620117
			vertex 26.29091453552246 85.3082504272461 49.69517135620117
			vertex 26.21174430847168 85.22908020019531 49.69517135620117
		endloop
	endfacet
	facet normal 0 0 1
		outer loop
			vertex 30 75 49.69517135620117
			vertex 26.21174430847168 85.22908020019531 49.69517135620117
			vertex 26.116941452026367 85.16951751708984 49.69517135620117
		endloop
	endfacet
	facet normal 0 0 1
		outer loop
			vertex 30 75 49.69517135620117
			vertex 26.116941452026367 85.16951751708984 49.69517135620117
			vertex 26.011259078979492 85.13253784179688 49.69517135620117
		endloop
	endfacet
	facet normal 0 0 1
		outer loop
			vertex 30 75 49.69517135620117
			vertex 26.011259078979492 85.13253784179688 49.69517135620117
			vertex 25.899999618530273 85.1199951171875 49.69517135620117
		endloop
	endfacet
	facet normal 0 0 1
		outer loop
			vertex -6.592802047729492 110.6199951171875 49.69517135620117
			vertex -6.592802047729492 123.6199951171875 49.69517135620117
			vertex -11.700000762939453 123.6199951171875 49.69517135620117
		endloop
	endfacet
	facet normal 0 0 1
		outer loop
			vertex -6.092802047729492 110.1199951171875 49.69517135620117
			vertex 6.8571977615356445 99.1199951171875 49.69517135620117
			vertex 6.899999618530273 110.1199951171875 49.69517135620117
		endloop
	endfacet
	facet normal 0 0 1
		outer loop
			vertex -30 130 49.69517135620117
			vertex -12.200000762939453 124.1199951171875 49.69517135620117
			vertex -6.092802047729492 124.1199951171875 49.69517135620117
		endloop
	endfacet
	facet normal 0 0 1
		outer loop
			vertex -30 130 49.69517135620117
			vertex -6.092802047729492 124.1199951171875 49.69517135620117
			vertex 30 130 49.69517135620117
		endloop
	endfacet
	facet normal 0 0 1
		outer loop
			vertex -25.19280242919922 124.1199951171875 49.69517135620117
			vertex -12.200000762939453 124.1199951171875 49.69517135620117
			vertex -30 130 49.69517135620117
		endloop
	endfacet
	facet normal 0 0 1
		outer loop
			vertex -11.700000762939453 110.6199951171875 49.69517135620117
			vertex -6.592802047729492 110.6199951171875 49.69517135620117
			vertex -11.700000762939453 123.6199951171875 49.69517135620117
		endloop
	endfacet
	facet normal 0 0 1
		outer loop
			vertex -25.304061889648438 124.10746002197266 49.69517135620117
			vertex -25.19280242919922 124.1199951171875 49.69517135620117
			vertex -30 130 49.69517135620117
		endloop
	endfacet
	facet normal 0 0 1
		outer loop
			vertex -11.712536811828613 110.50873565673828 49.69517135620117
			vertex -6.580265998840332 110.50873565673828 49.69517135620117
			vertex -6.592802047729492 110.6199951171875 49.69517135620117
		endloop
	endfacet
	facet normal 0 0 1
		outer loop
			vertex -11.712536811828613 110.50873565673828 49.69517135620117
			vertex -6.592802047729492 110.6199951171875 49.69517135620117
			vertex -11.700000762939453 110.6199951171875 49.69517135620117
		endloop
	endfacet
	facet normal 0 0 1
		outer loop
			vertex -25.409744262695312 124.07048034667969 49.69517135620117
			vertex -25.304061889648438 124.10746002197266 49.69517135620117
			vertex -30 130 49.69517135620117
		endloop
	endfacet
	facet normal 0 0 1
		outer loop
			vertex -11.749516487121582 110.4030532836914 49.69517135620117
			vertex -6.580265998840332 110.50873565673828 49.69517135620117
			vertex -11.712536811828613 110.50873565673828 49.69517135620117
		endloop
	endfacet
	facet normal 0 0 1
		outer loop
			vertex -11.749516487121582 110.4030532836914 49.69517135620117
			vertex -6.543286323547363 110.4030532836914 49.69517135620117
			vertex -6.580265998840332 110.50873565673828 49.69517135620117
		endloop
	endfacet
	facet normal 0 0 1
		outer loop
			vertex -25.504547119140625 124.01091003417969 49.69517135620117
			vertex -25.409744262695312 124.07048034667969 49.69517135620117
			vertex -30 130 49.69517135620117
		endloop
	endfacet
	facet normal 0 0 1
		outer loop
			vertex -11.80908489227295 110.3082504272461 49.69517135620117
			vertex -6.543286323547363 110.4030532836914 49.69517135620117
			vertex -11.749516487121582 110.4030532836914 49.69517135620117
		endloop
	endfacet
	facet normal 0 0 1
		outer loop
			vertex -11.80908489227295 110.3082504272461 49.69517135620117
			vertex -6.483717918395996 110.3082504272461 49.69517135620117
			vertex -6.543286323547363 110.4030532836914 49.69517135620117
		endloop
	endfacet
	facet normal 0 0 1
		outer loop
			vertex -25.583717346191406 123.9317398071289 49.69517135620117
			vertex -25.504547119140625 124.01091003417969 49.69517135620117
			vertex -30 130 49.69517135620117
		endloop
	endfacet
	facet normal 0 0 1
		outer loop
			vertex -11.888256072998047 110.22908020019531 49.69517135620117
			vertex -6.483717918395996 110.3082504272461 49.69517135620117
			vertex -11.80908489227295 110.3082504272461 49.69517135620117
		endloop
	endfacet
	facet normal 0 0 1
		outer loop
			vertex -11.888256072998047 110.22908020019531 49.69517135620117
			vertex -6.404546737670898 110.22908020019531 49.69517135620117
			vertex -6.483717918395996 110.3082504272461 49.69517135620117
		endloop
	endfacet
	facet normal 0 0 1
		outer loop
			vertex -25.643285751342773 123.8369369506836 49.69517135620117
			vertex -25.583717346191406 123.9317398071289 49.69517135620117
			vertex -30 130 49.69517135620117
		endloop
	endfacet
	facet normal 0 0 1
		outer loop
			vertex -11.98305892944336 110.16951751708984 49.69517135620117
			vertex -6.404546737670898 110.22908020019531 49.69517135620117
			vertex -11.888256072998047 110.22908020019531 49.69517135620117
		endloop
	endfacet
	facet normal 0 0 1
		outer loop
			vertex -11.98305892944336 110.16951751708984 49.69517135620117
			vertex -6.309743881225586 110.16951751708984 49.69517135620117
			vertex -6.404546737670898 110.22908020019531 49.69517135620117
		endloop
	endfacet
	facet normal 0 0 1
		outer loop
			vertex -25.680265426635742 123.73125457763672 49.69517135620117
			vertex -25.643285751342773 123.8369369506836 49.69517135620117
			vertex -30 130 49.69517135620117
		endloop
	endfacet
	facet normal 0 0 1
		outer loop
			vertex 12.907197952270508 85.1199951171875 49.69517135620117
			vertex 30 75 49.69517135620117
			vertex 25.899999618530273 85.1199951171875 49.69517135620117
		endloop
	endfacet
	facet normal 0 0 1
		outer loop
			vertex 12.795937538146973 85.13253784179688 49.69517135620117
			vertex 30 75 49.69517135620117
			vertex 12.907197952270508 85.1199951171875 49.69517135620117
		endloop
	endfacet
	facet normal 0 0 1
		outer loop
			vertex -25.69280242919922 123.6199951171875 49.69517135620117
			vertex -25.680265426635742 123.73125457763672 49.69517135620117
			vertex -30 130 49.69517135620117
		endloop
	endfacet
	facet normal 0 0 1
		outer loop
			vertex 7.3571977615356445 85.6199951171875 49.69517135620117
			vertex 12.407197952270508 85.6199951171875 49.69517135620117
			vertex 12.407197952270508 98.6199951171875 49.69517135620117
		endloop
	endfacet
	facet normal 0 0 1
		outer loop
			vertex 7.3571977615356445 85.6199951171875 49.69517135620117
			vertex 12.407197952270508 98.6199951171875 49.69517135620117
			vertex 7.3571977615356445 98.6199951171875 49.69517135620117
		endloop
	endfacet
	facet normal 0 0 1
		outer loop
			vertex -6.1428022384643555 99.1199951171875 49.69517135620117
			vertex 6.8571977615356445 99.1199951171875 49.69517135620117
			vertex -6.092802047729492 110.1199951171875 49.69517135620117
		endloop
	endfacet
	facet normal 0 0 1
		outer loop
			vertex -6.1428022384643555 99.1199951171875 49.69517135620117
			vertex -6.092802047729492 110.1199951171875 49.69517135620117
			vertex -6.204062461853027 110.13253784179688 49.69517135620117
		endloop
	endfacet
	facet normal 0 0 1
		outer loop
			vertex 7.344661712646484 85.50873565673828 49.69517135620117
			vertex 12.407197952270508 85.6199951171875 49.69517135620117
			vertex 7.3571977615356445 85.6199951171875 49.69517135620117
		endloop
	endfacet
	facet normal 0 0 1
		outer loop
			vertex 7.344661712646484 85.50873565673828 49.69517135620117
			vertex 12.456713676452637 85.4030532836914 49.69517135620117
			vertex 12.419734001159668 85.50873565673828 49.69517135620117
		endloop
	endfacet
	facet normal 0 0 1
		outer loop
			vertex 7.344661712646484 85.50873565673828 49.69517135620117
			vertex 12.419734001159668 85.50873565673828 49.69517135620117
			vertex 12.407197952270508 85.6199951171875 49.69517135620117
		endloop
	endfacet
	facet normal 0 0 1
		outer loop
			vertex -6.254062652587891 99.10746002197266 49.69517135620117
			vertex -6.1428022384643555 99.1199951171875 49.69517135620117
			vertex -6.204062461853027 110.13253784179688 49.69517135620117
		endloop
	endfacet
	facet normal 0 0 1
		outer loop
			vertex -6.254062652587891 99.10746002197266 49.69517135620117
			vertex -6.204062461853027 110.13253784179688 49.69517135620117
			vertex -6.309743881225586 110.16951751708984 49.69517135620117
		endloop
	endfacet
	facet normal 0 0 1
		outer loop
			vertex 7.307682514190674 85.4030532836914 49.69517135620117
			vertex 12.456713676452637 85.4030532836914 49.69517135620117
			vertex 7.344661712646484 85.50873565673828 49.69517135620117
		endloop
	endfacet
	facet normal 0 0 1
		outer loop
			vertex -6.359744071960449 99.07048034667969 49.69517135620117
			vertex -6.254062652587891 99.10746002197266 49.69517135620117
			vertex -6.309743881225586 110.16951751708984 49.69517135620117
		endloop
	endfacet
	facet normal 0 0 1
		outer loop
			vertex -6.359744071960449 99.07048034667969 49.69517135620117
			vertex -6.309743881225586 110.16951751708984 49.69517135620117
			vertex -11.98305892944336 110.16951751708984 49.69517135620117
		endloop
	endfacet
	facet normal 0 0 1
		outer loop
			vertex 7.248113632202148 85.3082504272461 49.69517135620117
			vertex 12.456713676452637 85.4030532836914 49.69517135620117
			vertex 7.307682514190674 85.4030532836914 49.69517135620117
		endloop
	endfacet
	facet normal 0 0 1
		outer loop
			vertex 7.248113632202148 85.3082504272461 49.69517135620117
			vertex 12.595453262329102 85.22908020019531 49.69517135620117
			vertex 12.516282081604004 85.3082504272461 49.69517135620117
		endloop
	endfacet
	facet normal 0 0 1
		outer loop
			vertex 7.248113632202148 85.3082504272461 49.69517135620117
			vertex 12.516282081604004 85.3082504272461 49.69517135620117
			vertex 12.456713676452637 85.4030532836914 49.69517135620117
		endloop
	endfacet
	facet normal 0 0 1
		outer loop
			vertex 7.168942928314209 85.22908020019531 49.69517135620117
			vertex 12.595453262329102 85.22908020019531 49.69517135620117
			vertex 7.248113632202148 85.3082504272461 49.69517135620117
		endloop
	endfacet
	facet normal 0 0 1
		outer loop
			vertex 7.0741400718688965 85.16951751708984 49.69517135620117
			vertex 12.690256118774414 85.16951751708984 49.69517135620117
			vertex 12.595453262329102 85.22908020019531 49.69517135620117
		endloop
	endfacet
	facet normal 0 0 1
		outer loop
			vertex 7.0741400718688965 85.16951751708984 49.69517135620117
			vertex 12.595453262329102 85.22908020019531 49.69517135620117
			vertex 7.168942928314209 85.22908020019531 49.69517135620117
		endloop
	endfacet
	facet normal 0 0 1
		outer loop
			vertex 6.968458652496338 85.13253784179688 49.69517135620117
			vertex 30 75 49.69517135620117
			vertex 12.795937538146973 85.13253784179688 49.69517135620117
		endloop
	endfacet
	facet normal 0 0 1
		outer loop
			vertex 6.968458652496338 85.13253784179688 49.69517135620117
			vertex 12.795937538146973 85.13253784179688 49.69517135620117
			vertex 12.690256118774414 85.16951751708984 49.69517135620117
		endloop
	endfacet
	facet normal 0 0 1
		outer loop
			vertex 6.968458652496338 85.13253784179688 49.69517135620117
			vertex 12.690256118774414 85.16951751708984 49.69517135620117
			vertex 7.0741400718688965 85.16951751708984 49.69517135620117
		endloop
	endfacet
	facet normal 0 0 1
		outer loop
			vertex 6.8571977615356445 85.1199951171875 49.69517135620117
			vertex 30 75 49.69517135620117
			vertex 6.968458652496338 85.13253784179688 49.69517135620117
		endloop
	endfacet
	facet normal 0 0 1
		outer loop
			vertex -11.881056785583496 99.01091003417969 49.69517135620117
			vertex -6.533717632293701 98.9317398071289 49.69517135620117
			vertex -6.454546928405762 99.01091003417969 49.69517135620117
		endloop
	endfacet
	facet normal 0 0 1
		outer loop
			vertex -11.881056785583496 99.01091003417969 49.69517135620117
			vertex -11.801886558532715 98.9317398071289 49.69517135620117
			vertex -6.533717632293701 98.9317398071289 49.69517135620117
		endloop
	endfacet
	facet normal 0 0 1
		outer loop
			vertex -11.742317199707031 98.8369369506836 49.69517135620117
			vertex -6.593286514282227 98.8369369506836 49.69517135620117
			vertex -6.533717632293701 98.9317398071289 49.69517135620117
		endloop
	endfacet
	facet normal 0 0 1
		outer loop
			vertex -11.742317199707031 98.8369369506836 49.69517135620117
			vertex -6.533717632293701 98.9317398071289 49.69517135620117
			vertex -11.801886558532715 98.9317398071289 49.69517135620117
		endloop
	endfacet
	facet normal 0 0 1
		outer loop
			vertex -11.975860595703125 99.07048034667969 49.69517135620117
			vertex -6.454546928405762 99.01091003417969 49.69517135620117
			vertex -6.359744071960449 99.07048034667969 49.69517135620117
		endloop
	endfacet
	facet normal 0 0 1
		outer loop
			vertex -11.975860595703125 99.07048034667969 49.69517135620117
			vertex -6.359744071960449 99.07048034667969 49.69517135620117
			vertex -11.98305892944336 110.16951751708984 49.69517135620117
		endloop
	endfacet
	facet normal 0 0 1
		outer loop
			vertex -11.975860595703125 99.07048034667969 49.69517135620117
			vertex -11.881056785583496 99.01091003417969 49.69517135620117
			vertex -6.454546928405762 99.01091003417969 49.69517135620117
		endloop
	endfacet
	facet normal 0 0 1
		outer loop
			vertex -12.081542015075684 99.10746002197266 49.69517135620117
			vertex -11.98305892944336 110.16951751708984 49.69517135620117
			vertex -12.088740348815918 110.13253784179688 49.69517135620117
		endloop
	endfacet
	facet normal 0 0 1
		outer loop
			vertex -12.081542015075684 99.10746002197266 49.69517135620117
			vertex -11.975860595703125 99.07048034667969 49.69517135620117
			vertex -11.98305892944336 110.16951751708984 49.69517135620117
		endloop
	endfacet
	facet normal 0 0 1
		outer loop
			vertex -11.705338478088379 98.73125457763672 49.69517135620117
			vertex -6.630266189575195 98.73125457763672 49.69517135620117
			vertex -6.593286514282227 98.8369369506836 49.69517135620117
		endloop
	endfacet
	facet normal 0 0 1
		outer loop
			vertex -11.705338478088379 98.73125457763672 49.69517135620117
			vertex -6.593286514282227 98.8369369506836 49.69517135620117
			vertex -11.742317199707031 98.8369369506836 49.69517135620117
		endloop
	endfacet
	facet normal 0 0 1
		outer loop
			vertex -12.192802429199219 99.1199951171875 49.69517135620117
			vertex -12.088740348815918 110.13253784179688 49.69517135620117
			vertex -12.200000762939453 110.1199951171875 49.69517135620117
		endloop
	endfacet
	facet normal 0 0 1
		outer loop
			vertex -12.192802429199219 99.1199951171875 49.69517135620117
			vertex -12.081542015075684 99.10746002197266 49.69517135620117
			vertex -12.088740348815918 110.13253784179688 49.69517135620117
		endloop
	endfacet
	facet normal 0 0 1
		outer loop
			vertex -11.692802429199219 98.6199951171875 49.69517135620117
			vertex -6.6428022384643555 98.6199951171875 49.69517135620117
			vertex -6.630266189575195 98.73125457763672 49.69517135620117
		endloop
	endfacet
	facet normal 0 0 1
		outer loop
			vertex -11.692802429199219 98.6199951171875 49.69517135620117
			vertex -6.630266189575195 98.73125457763672 49.69517135620117
			vertex -11.705338478088379 98.73125457763672 49.69517135620117
		endloop
	endfacet
	facet normal 0 0 1
		outer loop
			vertex -25.69280242919922 110.6199951171875 49.69517135620117
			vertex -25.69280242919922 123.6199951171875 49.69517135620117
			vertex -30 130 49.69517135620117
		endloop
	endfacet
	facet normal 0 0 1
		outer loop
			vertex -11.692802429199219 85.6199951171875 49.69517135620117
			vertex -6.6428022384643555 98.6199951171875 49.69517135620117
			vertex -11.692802429199219 98.6199951171875 49.69517135620117
		endloop
	endfacet
	facet normal 0 0 1
		outer loop
			vertex -11.692802429199219 85.6199951171875 49.69517135620117
			vertex -6.6428022384643555 85.6199951171875 49.69517135620117
			vertex -6.6428022384643555 98.6199951171875 49.69517135620117
		endloop
	endfacet
	facet normal 0 0 1
		outer loop
			vertex -25.200000762939453 99.1199951171875 49.69517135620117
			vertex -12.192802429199219 99.1199951171875 49.69517135620117
			vertex -12.200000762939453 110.1199951171875 49.69517135620117
		endloop
	endfacet
	facet normal 0 0 1
		outer loop
			vertex -25.200000762939453 99.1199951171875 49.69517135620117
			vertex -12.200000762939453 110.1199951171875 49.69517135620117
			vertex -25.19280242919922 110.1199951171875 49.69517135620117
		endloop
	endfacet
	facet normal 0 0 1
		outer loop
			vertex -25.200000762939453 99.1199951171875 49.69517135620117
			vertex -25.19280242919922 110.1199951171875 49.69517135620117
			vertex -25.304061889648438 110.13253784179688 49.69517135620117
		endloop
	endfacet
	facet normal 0 0 1
		outer loop
			vertex -11.705338478088379 85.50873565673828 49.69517135620117
			vertex -6.593286514282227 85.4030532836914 49.69517135620117
			vertex -6.630266189575195 85.50873565673828 49.69517135620117
		endloop
	endfacet
	facet normal 0 0 1
		outer loop
			vertex -11.705338478088379 85.50873565673828 49.69517135620117
			vertex -6.630266189575195 85.50873565673828 49.69517135620117
			vertex -6.6428022384643555 85.6199951171875 49.69517135620117
		endloop
	endfacet
	facet normal 0 0 1
		outer loop
			vertex -11.705338478088379 85.50873565673828 49.69517135620117
			vertex -6.6428022384643555 85.6199951171875 49.69517135620117
			vertex -11.692802429199219 85.6199951171875 49.69517135620117
		endloop
	endfacet
	facet normal 0 0 1
		outer loop
			vertex -25.311260223388672 99.10746002197266 49.69517135620117
			vertex -25.200000762939453 99.1199951171875 49.69517135620117
			vertex -25.304061889648438 110.13253784179688 49.69517135620117
		endloop
	endfacet
	facet normal 0 0 1
		outer loop
			vertex -25.311260223388672 99.10746002197266 49.69517135620117
			vertex -25.304061889648438 110.13253784179688 49.69517135620117
			vertex -25.409744262695312 110.16951751708984 49.69517135620117
		endloop
	endfacet
	facet normal 0 0 1
		outer loop
			vertex -11.742317199707031 85.4030532836914 49.69517135620117
			vertex -6.593286514282227 85.4030532836914 49.69517135620117
			vertex -11.705338478088379 85.50873565673828 49.69517135620117
		endloop
	endfacet
	facet normal 0 0 1
		outer loop
			vertex -25.416942596435547 99.07048034667969 49.69517135620117
			vertex -25.409744262695312 110.16951751708984 49.69517135620117
			vertex -25.504547119140625 110.22908020019531 49.69517135620117
		endloop
	endfacet
	facet normal 0 0 1
		outer loop
			vertex -25.416942596435547 99.07048034667969 49.69517135620117
			vertex -25.311260223388672 99.10746002197266 49.69517135620117
			vertex -25.409744262695312 110.16951751708984 49.69517135620117
		endloop
	endfacet
	facet normal 0 0 1
		outer loop
			vertex -11.801886558532715 85.3082504272461 49.69517135620117
			vertex -6.533717632293701 85.3082504272461 49.69517135620117
			vertex -6.593286514282227 85.4030532836914 49.69517135620117
		endloop
	endfacet
	facet normal 0 0 1
		outer loop
			vertex -11.801886558532715 85.3082504272461 49.69517135620117
			vertex -6.593286514282227 85.4030532836914 49.69517135620117
			vertex -11.742317199707031 85.4030532836914 49.69517135620117
		endloop
	endfacet
	facet normal 0 0 1
		outer loop
			vertex -25.51174545288086 99.01091003417969 49.69517135620117
			vertex -25.416942596435547 99.07048034667969 49.69517135620117
			vertex -25.504547119140625 110.22908020019531 49.69517135620117
		endloop
	endfacet
	facet normal 0 0 1
		outer loop
			vertex -25.51174545288086 99.01091003417969 49.69517135620117
			vertex -25.504547119140625 110.22908020019531 49.69517135620117
			vertex -25.583717346191406 110.3082504272461 49.69517135620117
		endloop
	endfacet
	facet normal 0 0 1
		outer loop
			vertex -11.881056785583496 85.22908020019531 49.69517135620117
			vertex -6.454546928405762 85.22908020019531 49.69517135620117
			vertex -6.533717632293701 85.3082504272461 49.69517135620117
		endloop
	endfacet
	facet normal 0 0 1
		outer loop
			vertex -11.881056785583496 85.22908020019531 49.69517135620117
			vertex -6.533717632293701 85.3082504272461 49.69517135620117
			vertex -11.801886558532715 85.3082504272461 49.69517135620117
		endloop
	endfacet
	facet normal 0 0 1
		outer loop
			vertex -25.59091567993164 98.9317398071289 49.69517135620117
			vertex -25.51174545288086 99.01091003417969 49.69517135620117
			vertex -25.583717346191406 110.3082504272461 49.69517135620117
		endloop
	endfacet
	facet normal 0 0 1
		outer loop
			vertex -25.59091567993164 98.9317398071289 49.69517135620117
			vertex -25.583717346191406 110.3082504272461 49.69517135620117
			vertex -25.643285751342773 110.4030532836914 49.69517135620117
		endloop
	endfacet
	facet normal 0 0 1
		outer loop
			vertex -11.975860595703125 85.16951751708984 49.69517135620117
			vertex -6.359744071960449 85.16951751708984 49.69517135620117
			vertex -6.454546928405762 85.22908020019531 49.69517135620117
		endloop
	endfacet
	facet normal 0 0 1
		outer loop
			vertex -11.975860595703125 85.16951751708984 49.69517135620117
			vertex -6.454546928405762 85.22908020019531 49.69517135620117
			vertex -11.881056785583496 85.22908020019531 49.69517135620117
		endloop
	endfacet
	facet normal 0 0 1
		outer loop
			vertex -25.650484085083008 98.8369369506836 49.69517135620117
			vertex -25.59091567993164 98.9317398071289 49.69517135620117
			vertex -25.643285751342773 110.4030532836914 49.69517135620117
		endloop
	endfacet
	facet normal 0 0 1
		outer loop
			vertex -25.650484085083008 98.8369369506836 49.69517135620117
			vertex -25.643285751342773 110.4030532836914 49.69517135620117
			vertex -25.680265426635742 110.50873565673828 49.69517135620117
		endloop
	endfacet
	facet normal 0 0 1
		outer loop
			vertex -12.081542015075684 85.13253784179688 49.69517135620117
			vertex -6.254062652587891 85.13253784179688 49.69517135620117
			vertex -6.359744071960449 85.16951751708984 49.69517135620117
		endloop
	endfacet
	facet normal 0 0 1
		outer loop
			vertex -12.081542015075684 85.13253784179688 49.69517135620117
			vertex -6.359744071960449 85.16951751708984 49.69517135620117
			vertex -11.975860595703125 85.16951751708984 49.69517135620117
		endloop
	endfacet
	facet normal 0 0 1
		outer loop
			vertex -25.687463760375977 98.73125457763672 49.69517135620117
			vertex -25.680265426635742 110.50873565673828 49.69517135620117
			vertex -25.69280242919922 110.6199951171875 49.69517135620117
		endloop
	endfacet
	facet normal 0 0 1
		outer loop
			vertex -25.687463760375977 98.73125457763672 49.69517135620117
			vertex -25.650484085083008 98.8369369506836 49.69517135620117
			vertex -25.680265426635742 110.50873565673828 49.69517135620117
		endloop
	endfacet
	facet normal 0 0 1
		outer loop
			vertex -25.700000762939453 98.6199951171875 49.69517135620117
			vertex -25.69280242919922 110.6199951171875 49.69517135620117
			vertex -30 130 49.69517135620117
		endloop
	endfacet
	facet normal 0 0 1
		outer loop
			vertex -25.700000762939453 98.6199951171875 49.69517135620117
			vertex -25.687463760375977 98.73125457763672 49.69517135620117
			vertex -25.69280242919922 110.6199951171875 49.69517135620117
		endloop
	endfacet
	facet normal 0 0 1
		outer loop
			vertex -30 75 49.69517135620117
			vertex -6.1428022384643555 85.1199951171875 49.69517135620117
			vertex -6.254062652587891 85.13253784179688 49.69517135620117
		endloop
	endfacet
	facet normal 0 0 1
		outer loop
			vertex -30 75 49.69517135620117
			vertex -12.081542015075684 85.13253784179688 49.69517135620117
			vertex -12.192802429199219 85.1199951171875 49.69517135620117
		endloop
	endfacet
	facet normal 0 0 1
		outer loop
			vertex -30 75 49.69517135620117
			vertex -12.192802429199219 85.1199951171875 49.69517135620117
			vertex -25.200000762939453 85.1199951171875 49.69517135620117
		endloop
	endfacet
	facet normal 0 0 1
		outer loop
			vertex -30 75 49.69517135620117
			vertex -25.200000762939453 85.1199951171875 49.69517135620117
			vertex -25.311260223388672 85.13253784179688 49.69517135620117
		endloop
	endfacet
	facet normal 0 0 1
		outer loop
			vertex -30 75 49.69517135620117
			vertex -25.311260223388672 85.13253784179688 49.69517135620117
			vertex -25.416942596435547 85.16951751708984 49.69517135620117
		endloop
	endfacet
	facet normal 0 0 1
		outer loop
			vertex -30 75 49.69517135620117
			vertex -25.416942596435547 85.16951751708984 49.69517135620117
			vertex -25.51174545288086 85.22908020019531 49.69517135620117
		endloop
	endfacet
	facet normal 0 0 1
		outer loop
			vertex -30 75 49.69517135620117
			vertex -25.51174545288086 85.22908020019531 49.69517135620117
			vertex -25.59091567993164 85.3082504272461 49.69517135620117
		endloop
	endfacet
	facet normal 0 0 1
		outer loop
			vertex -30 75 49.69517135620117
			vertex -25.59091567993164 85.3082504272461 49.69517135620117
			vertex -25.650484085083008 85.4030532836914 49.69517135620117
		endloop
	endfacet
	facet normal 0 0 1
		outer loop
			vertex -30 75 49.69517135620117
			vertex -25.650484085083008 85.4030532836914 49.69517135620117
			vertex -25.687463760375977 85.50873565673828 49.69517135620117
		endloop
	endfacet
	facet normal 0 0 1
		outer loop
			vertex -30 75 49.69517135620117
			vertex -25.687463760375977 85.50873565673828 49.69517135620117
			vertex -25.700000762939453 85.6199951171875 49.69517135620117
		endloop
	endfacet
	facet normal 0 0 1
		outer loop
			vertex -30 75 49.69517135620117
			vertex -25.700000762939453 85.6199951171875 49.69517135620117
			vertex -25.700000762939453 98.6199951171875 49.69517135620117
		endloop
	endfacet
	facet normal 0 0 1
		outer loop
			vertex -30 75 49.69517135620117
			vertex -6.254062652587891 85.13253784179688 49.69517135620117
			vertex -12.081542015075684 85.13253784179688 49.69517135620117
		endloop
	endfacet
	facet normal 0 0 1
		outer loop
			vertex 30 75 49.69517135620117
			vertex 30 130 49.69517135620117
			vertex 26.399999618530273 98.6199951171875 49.69517135620117
		endloop
	endfacet
	facet normal 0 0 1
		outer loop
			vertex -30 130 49.69517135620117
			vertex -30 75 49.69517135620117
			vertex -25.700000762939453 98.6199951171875 49.69517135620117
		endloop
	endfacet
	facet normal 0 0 1
		outer loop
			vertex -30 75 49.69517135620117
			vertex 30 75 49.69517135620117
			vertex -6.1428022384643555 85.1199951171875 49.69517135620117
		endloop
	endfacet
	facet normal 0 0 1
		outer loop
			vertex -6.1428022384643555 85.1199951171875 49.69517135620117
			vertex 30 75 49.69517135620117
			vertex 6.8571977615356445 85.1199951171875 49.69517135620117
		endloop
	endfacet
	facet normal 0 1 0
		outer loop
			vertex -30 130 44.69517135620117
			vertex -31.11260414123535 130 49.56980895996094
			vertex -30 130 49.69517135620117
		endloop
	endfacet
	facet normal 0 1 0
		outer loop
			vertex -30 130 44.69517135620117
			vertex -32.16941833496094 130 49.200016021728516
			vertex -31.11260414123535 130 49.56980895996094
		endloop
	endfacet
	facet normal 0 1 0
		outer loop
			vertex -30 130 44.69517135620117
			vertex -33.11745071411133 130 48.60432815551758
			vertex -32.16941833496094 130 49.200016021728516
		endloop
	endfacet
	facet normal 0 1 0
		outer loop
			vertex -30 130 44.69517135620117
			vertex -33.909156799316406 130 47.812618255615234
			vertex -33.11745071411133 130 48.60432815551758
		endloop
	endfacet
	facet normal 0 1 0
		outer loop
			vertex -30 130 44.69517135620117
			vertex -34.504844665527344 130 46.86458969116211
			vertex -33.909156799316406 130 47.812618255615234
		endloop
	endfacet
	facet normal 0 1 0
		outer loop
			vertex -30 130 44.69517135620117
			vertex -34.87464141845703 130 45.80777359008789
			vertex -34.504844665527344 130 46.86458969116211
		endloop
	endfacet
	facet normal 0 1 0
		outer loop
			vertex -30 130 44.69517135620117
			vertex -35 130 44.69517135620117
			vertex -34.87464141845703 130 45.80777359008789
		endloop
	endfacet
	facet normal 0 1 0
		outer loop
			vertex -30 130 4.6951704025268555
			vertex -35 130 -0.304829478263855
			vertex -35 130 44.69517135620117
		endloop
	endfacet
	facet normal 0 1 0
		outer loop
			vertex -30 130 4.6951704025268555
			vertex -35 130 44.69517135620117
			vertex -30 130 44.69517135620117
		endloop
	endfacet
	facet normal 0 1 0
		outer loop
			vertex 30 130 44.69517135620117
			vertex 32.16941833496094 130 49.200016021728516
			vertex 33.11745071411133 130 48.60432815551758
		endloop
	endfacet
	facet normal 0 1 0
		outer loop
			vertex 30 130 44.69517135620117
			vertex 31.11260414123535 130 49.56980895996094
			vertex 32.16941833496094 130 49.200016021728516
		endloop
	endfacet
	facet normal 0 1 0
		outer loop
			vertex 30 130 44.69517135620117
			vertex 30 130 49.69517135620117
			vertex 31.11260414123535 130 49.56980895996094
		endloop
	endfacet
	facet normal 0 1 0
		outer loop
			vertex 30 130 44.69517135620117
			vertex -30 130 49.69517135620117
			vertex 30 130 49.69517135620117
		endloop
	endfacet
	facet normal 0 1 0
		outer loop
			vertex 30 130 44.69517135620117
			vertex -30 130 44.69517135620117
			vertex -30 130 49.69517135620117
		endloop
	endfacet
	facet normal 0 1 0
		outer loop
			vertex 33.909156799316406 130 47.812618255615234
			vertex 30 130 44.69517135620117
			vertex 33.11745071411133 130 48.60432815551758
		endloop
	endfacet
	facet normal 0 1 0
		outer loop
			vertex 34.504844665527344 130 46.86458969116211
			vertex 30 130 44.69517135620117
			vertex 33.909156799316406 130 47.812618255615234
		endloop
	endfacet
	facet normal 0 1 0
		outer loop
			vertex 34.87464141845703 130 45.80777359008789
			vertex 30 130 44.69517135620117
			vertex 34.504844665527344 130 46.86458969116211
		endloop
	endfacet
	facet normal 0 1 0
		outer loop
			vertex 35 130 44.69517135620117
			vertex 30 130 44.69517135620117
			vertex 34.87464141845703 130 45.80777359008789
		endloop
	endfacet
	facet normal 0 1 0
		outer loop
			vertex 30 130 4.6951704025268555
			vertex 30 130 44.69517135620117
			vertex 35 130 44.69517135620117
		endloop
	endfacet
	facet normal 0 1 0
		outer loop
			vertex 35 130 -0.304829478263855
			vertex 30 130 4.6951704025268555
			vertex 35 130 44.69517135620117
		endloop
	endfacet
	facet normal 0 1 0
		outer loop
			vertex 35 130 -0.304829478263855
			vertex -35 130 -0.304829478263855
			vertex -30 130 4.6951704025268555
		endloop
	endfacet
	facet normal 0 1 0
		outer loop
			vertex 35 130 -0.304829478263855
			vertex -30 130 4.6951704025268555
			vertex 30 130 4.6951704025268555
		endloop
	endfacet
	facet normal -0.11196623643064611 0.0005716025624304318 0.9937118471519132
		outer loop
			vertex -30.55982208251953 75 49.66373062133789
			vertex -30 130 49.69517135620117
			vertex -31.11260414123535 130 49.56980895996094
		endloop
	endfacet
	facet normal -0.05607364928541516 0 0.9984266351894948
		outer loop
			vertex -30.55982208251953 75 49.66373062133789
			vertex -30 75 49.69517135620117
			vertex -30 130 49.69517135620117
		endloop
	endfacet
	facet normal -0.33027719845596437 0 0.9438839823728761
		outer loop
			vertex -31.11260414123535 75 49.56980895996094
			vertex -31.11260414123535 130 49.56980895996094
			vertex -32.16941833496094 130 49.200016021728516
		endloop
	endfacet
	facet normal -0.16750659077759622 0 0.9858709560820155
		outer loop
			vertex -31.11260414123535 75 49.56980895996094
			vertex -30.55982208251953 75 49.66373062133789
			vertex -31.11260414123535 130 49.56980895996094
		endloop
	endfacet
	facet normal -0.5320318467873486 0 0.8467243435759026
		outer loop
			vertex -32.16941833496094 75 49.200016021728516
			vertex -32.16941833496094 130 49.200016021728516
			vertex -33.11745071411133 130 48.60432815551758
		endloop
	endfacet
	facet normal -0.33027719845596437 0 0.9438839823728761
		outer loop
			vertex -32.16941833496094 75 49.200016021728516
			vertex -31.11260414123535 75 49.56980895996094
			vertex -32.16941833496094 130 49.200016021728516
		endloop
	endfacet
	facet normal -0.7071084847155512 0 0.7071050776534399
		outer loop
			vertex -33.11745071411133 75 48.60432815551758
			vertex -33.11745071411133 130 48.60432815551758
			vertex -33.909156799316406 130 47.812618255615234
		endloop
	endfacet
	facet normal -0.5320318467873486 0 0.8467243435759026
		outer loop
			vertex -33.11745071411133 75 48.60432815551758
			vertex -32.16941833496094 75 49.200016021728516
			vertex -33.11745071411133 130 48.60432815551758
		endloop
	endfacet
	facet normal -0.8467233791783675 0 0.5320333816150699
		outer loop
			vertex -33.909156799316406 75 47.812618255615234
			vertex -33.909156799316406 130 47.812618255615234
			vertex -34.504844665527344 130 46.86458969116211
		endloop
	endfacet
	facet normal -0.7071084847155512 0 0.7071050776534399
		outer loop
			vertex -33.909156799316406 75 47.812618255615234
			vertex -33.11745071411133 75 48.60432815551758
			vertex -33.909156799316406 130 47.812618255615234
		endloop
	endfacet
	facet normal -0.9438831060692812 0 0.3302797027929602
		outer loop
			vertex -34.504844665527344 75 46.86458969116211
			vertex -34.504844665527344 130 46.86458969116211
			vertex -34.87464141845703 130 45.80777359008789
		endloop
	endfacet
	facet normal -0.8467233791783675 0 0.5320333816150699
		outer loop
			vertex -34.504844665527344 75 46.86458969116211
			vertex -33.909156799316406 75 47.812618255615234
			vertex -34.504844665527344 130 46.86458969116211
		endloop
	endfacet
	facet normal -0.9937123672060663 0 0.11196307990456676
		outer loop
			vertex -34.87464141845703 75 45.80777359008789
			vertex -34.87464141845703 130 45.80777359008789
			vertex -35 130 44.69517135620117
		endloop
	endfacet
	facet normal -0.9438831060692812 0 0.3302797027929602
		outer loop
			vertex -34.87464141845703 75 45.80777359008789
			vertex -34.504844665527344 75 46.86458969116211
			vertex -34.87464141845703 130 45.80777359008789
		endloop
	endfacet
	facet normal -0.9937123672060663 0 0.11196307990456676
		outer loop
			vertex -35 75 44.69517135620117
			vertex -34.87464141845703 75 45.80777359008789
			vertex -35 130 44.69517135620117
		endloop
	endfacet
	facet normal -0.05598570172619357 -0.05598570172619357 0.9968606735168419
		outer loop
			vertex -30.55982208251953 75 49.66373062133789
			vertex -30 74.44017791748047 49.66373062133789
			vertex -30 75 49.69517135620117
		endloop
	endfacet
	facet normal -0.16710746095917167 -0.06899176809016475 0.9835218515252074
		outer loop
			vertex -30.784543991088867 74.2154541015625 49.57051467895508
			vertex -30.55982208251953 75 49.66373062133789
			vertex -31.11260414123535 75 49.56980895996094
		endloop
	endfacet
	facet normal -0.06899135966939532 -0.16710802611031308 0.9835217841514662
		outer loop
			vertex -30.784543991088867 74.2154541015625 49.57051467895508
			vertex -30 73.88739776611328 49.56980895996094
			vertex -30 74.44017791748047 49.66373062133789
		endloop
	endfacet
	facet normal -0.09158204383802716 -0.09158204383802716 0.9915772579546686
		outer loop
			vertex -30.784543991088867 74.2154541015625 49.57051467895508
			vertex -30 74.44017791748047 49.66373062133789
			vertex -30.55982208251953 75 49.66373062133789
		endloop
	endfacet
	facet normal -0.13989466761530323 -0.5268015733940227 0.8383970325820496
		outer loop
			vertex -31.119762420654297 73.10018920898438 49.182579040527344
			vertex -30 71.88255310058594 48.60432815551758
			vertex -30 72.83058166503906 49.200016021728516
		endloop
	endfacet
	facet normal -0.09380415835665909 -0.3288203681902729 0.9397222703215097
		outer loop
			vertex -31.119762420654297 73.10018920898438 49.182579040527344
			vertex -30 72.83058166503906 49.200016021728516
			vertex -30 73.88739776611328 49.56980895996094
		endloop
	endfacet
	facet normal -0.12176592993220317 -0.29324209839056725 0.9482521447585778
		outer loop
			vertex -31.119762420654297 73.10018920898438 49.182579040527344
			vertex -30 73.88739776611328 49.56980895996094
			vertex -30.784543991088867 74.2154541015625 49.57051467895508
		endloop
	endfacet
	facet normal -0.1328691530775027 -0.700837280743707 0.700837280743707
		outer loop
			vertex -31.260711669921875 72.0391616821289 48.52192306518555
			vertex -30 71.0908432006836 47.812618255615234
			vertex -30 71.88255310058594 48.60432815551758
		endloop
	endfacet
	facet normal -0.11931633271299855 -0.5133217195805202 0.8498614151465043
		outer loop
			vertex -31.260711669921875 72.0391616821289 48.52192306518555
			vertex -30 71.88255310058594 48.60432815551758
			vertex -31.119762420654297 73.10018920898438 49.182579040527344
		endloop
	endfacet
	facet normal -0.5268001146514785 -0.13989385619559028 0.8383980845647947
		outer loop
			vertex -31.899810791015625 73.88023376464844 49.182579040527344
			vertex -32.16941833496094 75 49.200016021728516
			vertex -33.11745071411133 75 48.60432815551758
		endloop
	endfacet
	facet normal -0.3288209029314243 -0.09380396493215606 0.9397221025166802
		outer loop
			vertex -31.899810791015625 73.88023376464844 49.182579040527344
			vertex -31.11260414123535 75 49.56980895996094
			vertex -32.16941833496094 75 49.200016021728516
		endloop
	endfacet
	facet normal -0.2501557616457279 -0.2501569849970006 0.935330731758909
		outer loop
			vertex -31.899810791015625 73.88023376464844 49.182579040527344
			vertex -31.119762420654297 73.10018920898438 49.182579040527344
			vertex -30.784543991088867 74.2154541015625 49.57051467895508
		endloop
	endfacet
	facet normal -0.29324121994545455 -0.12176669225125693 0.9482523185223907
		outer loop
			vertex -31.899810791015625 73.88023376464844 49.182579040527344
			vertex -30.784543991088867 74.2154541015625 49.57051467895508
			vertex -31.11260414123535 75 49.56980895996094
		endloop
	endfacet
	facet normal -0.11511964870094268 -0.8410940512779123 0.5284962283572898
		outer loop
			vertex -31.245113372802734 71.13849639892578 47.61724090576172
			vertex -30 70.49515533447266 46.86458969116211
			vertex -30 71.0908432006836 47.812618255615234
		endloop
	endfacet
	facet normal -0.1364026198582873 -0.7032295618787604 0.6977553357700693
		outer loop
			vertex -31.245113372802734 71.13849639892578 47.61724090576172
			vertex -30 71.0908432006836 47.812618255615234
			vertex -31.260711669921875 72.0391616821289 48.52192306518555
		endloop
	endfacet
	facet normal -0.3065792135328811 -0.47343441957069493 0.8257536171251806
		outer loop
			vertex -32.1991081237793 72.80089569091797 48.610252380371094
			vertex -31.260711669921875 72.0391616821289 48.52192306518555
			vertex -31.119762420654297 73.10018920898438 49.182579040527344
		endloop
	endfacet
	facet normal -0.3580001277464601 -0.3580018784953096 0.8623633593372042
		outer loop
			vertex -32.1991081237793 72.80089569091797 48.610252380371094
			vertex -31.119762420654297 73.10018920898438 49.182579040527344
			vertex -31.899810791015625 73.88023376464844 49.182579040527344
		endloop
	endfacet
	facet normal -0.091371270815431 -0.9399347451146879 0.32889810853174595
		outer loop
			vertex -31.13139533996582 70.4850845336914 46.5214958190918
			vertex -30 70.12535858154297 45.80777359008789
			vertex -30 70.49515533447266 46.86458969116211
		endloop
	endfacet
	facet normal -0.14277160806163375 -0.856534121817931 0.4959491567621437
		outer loop
			vertex -31.13139533996582 70.4850845336914 46.5214958190918
			vertex -30 70.49515533447266 46.86458969116211
			vertex -31.245113372802734 71.13849639892578 47.61724090576172
		endloop
	endfacet
	facet normal -0.3898269194028877 -0.564596497500299 0.7275065414958477
		outer loop
			vertex -32.29000473022461 71.81893157958984 47.79947280883789
			vertex -31.260711669921875 72.0391616821289 48.52192306518555
			vertex -32.1991081237793 72.80089569091797 48.610252380371094
		endloop
	endfacet
	facet normal -0.32264199540508554 -0.6735545840991337 0.6650010263451236
		outer loop
			vertex -32.29000473022461 71.81893157958984 47.79947280883789
			vertex -31.245113372802734 71.13849639892578 47.61724090576172
			vertex -31.260711669921875 72.0391616821289 48.52192306518555
		endloop
	endfacet
	facet normal -0.11186398746573183 -0.9928345884067923 0.04202295053161041
		outer loop
			vertex -30.989765167236328 70.13748168945312 45.30858612060547
			vertex -31.11260414123535 70.12535858154297 44.69517135620117
			vertex -30 70 44.69517135620117
		endloop
	endfacet
	facet normal -0.0684788397944241 -0.9913796960241238 0.11170025430376516
		outer loop
			vertex -30.989765167236328 70.13748168945312 45.30858612060547
			vertex -30 70 44.69517135620117
			vertex -30 70.12535858154297 45.80777359008789
		endloop
	endfacet
	facet normal -0.1415350094461867 -0.9558794450108908 0.2574146998652934
		outer loop
			vertex -30.989765167236328 70.13748168945312 45.30858612060547
			vertex -30 70.12535858154297 45.80777359008789
			vertex -31.13139533996582 70.4850845336914 46.5214958190918
		endloop
	endfacet
	facet normal -0.7008389599144729 -0.13286925070080818 0.7008355830608244
		outer loop
			vertex -32.96084213256836 73.73928833007812 48.52192306518555
			vertex -33.11745071411133 75 48.60432815551758
			vertex -33.909156799316406 75 47.812618255615234
		endloop
	endfacet
	facet normal -0.513320703823196 -0.11931624741824409 0.8498620406445314
		outer loop
			vertex -32.96084213256836 73.73928833007812 48.52192306518555
			vertex -31.899810791015625 73.88023376464844 49.182579040527344
			vertex -33.11745071411133 75 48.60432815551758
		endloop
	endfacet
	facet normal -0.47343378401213515 -0.3065799348174335 0.8257537137205555
		outer loop
			vertex -32.96084213256836 73.73928833007812 48.52192306518555
			vertex -32.1991081237793 72.80089569091797 48.610252380371094
			vertex -31.899810791015625 73.88023376464844 49.182579040527344
		endloop
	endfacet
	facet normal -0.3882639969660005 -0.7424360347184193 0.5459302180788089
		outer loop
			vertex -32.216007232666016 71.03652954101562 46.7880744934082
			vertex -31.245113372802734 71.13849639892578 47.61724090576172
			vertex -32.29000473022461 71.81893157958984 47.79947280883789
		endloop
	endfacet
	facet normal -0.3084813814562714 -0.8307393082127391 0.463369657061239
		outer loop
			vertex -32.216007232666016 71.03652954101562 46.7880744934082
			vertex -31.13139533996582 70.4850845336914 46.5214958190918
			vertex -31.245113372802734 71.13849639892578 47.61724090576172
		endloop
	endfacet
	facet normal -0.516331876145791 -0.5163296657074289 0.6832313444114096
		outer loop
			vertex -33.181068420410156 72.70999908447266 47.79947280883789
			vertex -32.29000473022461 71.81893157958984 47.79947280883789
			vertex -32.1991081237793 72.80089569091797 48.610252380371094
		endloop
	endfacet
	facet normal -0.5645971054068104 -0.38982915472038304 0.7275048719398675
		outer loop
			vertex -33.181068420410156 72.70999908447266 47.79947280883789
			vertex -32.1991081237793 72.80089569091797 48.610252380371094
			vertex -32.96084213256836 73.73928833007812 48.52192306518555
		endloop
	endfacet
	facet normal -0.3291354587986156 -0.9406113541048223 0.08318732049127063
		outer loop
			vertex -32.03993225097656 70.53304290771484 45.63589096069336
			vertex -32.16941833496094 70.49515533447266 44.69517135620117
			vertex -31.11260414123535 70.12535858154297 44.69517135620117
		endloop
	endfacet
	facet normal -0.32811771558717606 -0.9408676817425128 0.0843016617293095
		outer loop
			vertex -32.03993225097656 70.53304290771484 45.63589096069336
			vertex -31.11260414123535 70.12535858154297 44.69517135620117
			vertex -30.989765167236328 70.13748168945312 45.30858612060547
		endloop
	endfacet
	facet normal -0.27779191547891163 -0.9315706024770979 0.23453755412516417
		outer loop
			vertex -32.03993225097656 70.53304290771484 45.63589096069336
			vertex -30.989765167236328 70.13748168945312 45.30858612060547
			vertex -31.13139533996582 70.4850845336914 46.5214958190918
		endloop
	endfacet
	facet normal -0.36363617923281377 -0.8727131809024737 0.32579200885234616
		outer loop
			vertex -32.03993225097656 70.53304290771484 45.63589096069336
			vertex -31.13139533996582 70.4850845336914 46.5214958190918
			vertex -32.216007232666016 71.03652954101562 46.7880744934082
		endloop
	endfacet
	facet normal -0.5170536828149617 -0.6949161999635509 0.4997469000561215
		outer loop
			vertex -33.18052673339844 71.81947326660156 46.87886428833008
			vertex -32.216007232666016 71.03652954101562 46.7880744934082
			vertex -32.29000473022461 71.81893157958984 47.79947280883789
		endloop
	endfacet
	facet normal -0.5837522369943307 -0.5837497379265832 0.5643310812588299
		outer loop
			vertex -33.18052673339844 71.81947326660156 46.87886428833008
			vertex -32.29000473022461 71.81893157958984 47.79947280883789
			vertex -33.181068420410156 72.70999908447266 47.79947280883789
		endloop
	endfacet
	facet normal -0.8410937676122313 -0.1151225394691721 0.5284960501177193
		outer loop
			vertex -33.86149978637695 73.75489044189453 47.61724090576172
			vertex -33.909156799316406 75 47.812618255615234
			vertex -34.504844665527344 75 46.86458969116211
		endloop
	endfacet
	facet normal -0.7032326187571685 -0.13640476018618242 0.697751836482345
		outer loop
			vertex -33.86149978637695 73.75489044189453 47.61724090576172
			vertex -32.96084213256836 73.73928833007812 48.52192306518555
			vertex -33.909156799316406 75 47.812618255615234
		endloop
	endfacet
	facet normal -0.6735579965469553 -0.3226423951937255 0.6649973760183628
		outer loop
			vertex -33.86149978637695 73.75489044189453 47.61724090576172
			vertex -33.181068420410156 72.70999908447266 47.79947280883789
			vertex -32.96084213256836 73.73928833007812 48.52192306518555
		endloop
	endfacet
	facet normal -0.5289621620040917 -0.8418389652873977 0.10726689932966584
		outer loop
			vertex -33.00920104980469 71.16423034667969 45.804927825927734
			vertex -33.11745071411133 71.0908432006836 44.69517135620117
			vertex -32.16941833496094 70.49515533447266 44.69517135620117
		endloop
	endfacet
	facet normal -0.5294331882196627 -0.8416060032338522 0.10677000764402382
		outer loop
			vertex -33.00920104980469 71.16423034667969 45.804927825927734
			vertex -32.16941833496094 70.49515533447266 44.69517135620117
			vertex -32.03993225097656 70.53304290771484 45.63589096069336
		endloop
	endfacet
	facet normal -0.4873665705331325 -0.8250176325479275 0.2860414863473237
		outer loop
			vertex -33.00920104980469 71.16423034667969 45.804927825927734
			vertex -32.03993225097656 70.53304290771484 45.63589096069336
			vertex -32.216007232666016 71.03652954101562 46.7880744934082
		endloop
	endfacet
	facet normal -0.5669462391908008 -0.7403191774979049 0.36124711389329184
		outer loop
			vertex -33.00920104980469 71.16423034667969 45.804927825927734
			vertex -32.216007232666016 71.03652954101562 46.7880744934082
			vertex -33.18052673339844 71.81947326660156 46.87886428833008
		endloop
	endfacet
	facet normal -0.6949186388527544 -0.517050919293964 0.49974636790306143
		outer loop
			vertex -33.96346664428711 72.78399658203125 46.7880744934082
			vertex -33.18052673339844 71.81947326660156 46.87886428833008
			vertex -33.181068420410156 72.70999908447266 47.79947280883789
		endloop
	endfacet
	facet normal -0.7424377517949082 -0.38826264408200245 0.5459288451072855
		outer loop
			vertex -33.96346664428711 72.78399658203125 46.7880744934082
			vertex -33.181068420410156 72.70999908447266 47.79947280883789
			vertex -33.86149978637695 73.75489044189453 47.61724090576172
		endloop
	endfacet
	facet normal -0.8418384242316287 -0.5289639504841229 0.1072623259837249
		outer loop
			vertex -33.83577346801758 71.99079895019531 45.804927825927734
			vertex -34.504844665527344 72.83058166503906 44.69517135620117
			vertex -33.909156799316406 71.88255310058594 44.69517135620117
		endloop
	endfacet
	facet normal -0.7024202901149526 -0.7024169056419779 0.11496184890290705
		outer loop
			vertex -33.83577346801758 71.99079895019531 45.804927825927734
			vertex -33.909156799316406 71.88255310058594 44.69517135620117
			vertex -33.11745071411133 71.0908432006836 44.69517135620117
		endloop
	endfacet
	facet normal -0.7024165868788026 -0.7024198286020206 0.1149666163033503
		outer loop
			vertex -33.83577346801758 71.99079895019531 45.804927825927734
			vertex -33.11745071411133 71.0908432006836 44.69517135620117
			vertex -33.00920104980469 71.16423034667969 45.804927825927734
		endloop
	endfacet
	facet normal -0.6737324912217661 -0.6737356005649968 0.3035866775789675
		outer loop
			vertex -33.83577346801758 71.99079895019531 45.804927825927734
			vertex -33.00920104980469 71.16423034667969 45.804927825927734
			vertex -33.18052673339844 71.81947326660156 46.87886428833008
		endloop
	endfacet
	facet normal -0.7403205481637373 -0.5669417884852601 0.36125128987406846
		outer loop
			vertex -33.83577346801758 71.99079895019531 45.804927825927734
			vertex -33.18052673339844 71.81947326660156 46.87886428833008
			vertex -33.96346664428711 72.78399658203125 46.7880744934082
		endloop
	endfacet
	facet normal -0.9399350040583726 -0.09136828086421768 0.3288981991402574
		outer loop
			vertex -34.51491928100586 73.86860656738281 46.5214958190918
			vertex -34.504844665527344 75 46.86458969116211
			vertex -34.87464141845703 75 45.80777359008789
		endloop
	endfacet
	facet normal -0.8565315406999519 -0.1427704377402599 0.4959539513842203
		outer loop
			vertex -34.51491928100586 73.86860656738281 46.5214958190918
			vertex -33.86149978637695 73.75489044189453 47.61724090576172
			vertex -34.504844665527344 75 46.86458969116211
		endloop
	endfacet
	facet normal -0.8307358022221236 -0.3084850384823843 0.46337350802445204
		outer loop
			vertex -34.51491928100586 73.86860656738281 46.5214958190918
			vertex -33.96346664428711 72.78399658203125 46.7880744934082
			vertex -33.86149978637695 73.75489044189453 47.61724090576172
		endloop
	endfacet
	facet normal -0.9406118428534014 -0.32913503579367714 0.08318346769053911
		outer loop
			vertex -34.46696090698242 72.96006774902344 45.63589096069336
			vertex -34.87464141845703 73.88739776611328 44.69517135620117
			vertex -34.504844665527344 72.83058166503906 44.69517135620117
		endloop
	endfacet
	facet normal -0.8416060437283459 -0.5294337949181966 0.10676668000101162
		outer loop
			vertex -34.46696090698242 72.96006774902344 45.63589096069336
			vertex -34.504844665527344 72.83058166503906 44.69517135620117
			vertex -33.83577346801758 71.99079895019531 45.804927825927734
		endloop
	endfacet
	facet normal -0.8250164266160275 -0.4873645902259638 0.28604833858563045
		outer loop
			vertex -34.46696090698242 72.96006774902344 45.63589096069336
			vertex -33.83577346801758 71.99079895019531 45.804927825927734
			vertex -33.96346664428711 72.78399658203125 46.7880744934082
		endloop
	endfacet
	facet normal -0.8727097549092061 -0.3636400113339214 0.32579690889168855
		outer loop
			vertex -34.46696090698242 72.96006774902344 45.63589096069336
			vertex -33.96346664428711 72.78399658203125 46.7880744934082
			vertex -34.51491928100586 73.86860656738281 46.5214958190918
		endloop
	endfacet
	facet normal -0.9913796781063843 -0.06847910248507622 0.11170025228494627
		outer loop
			vertex -34.862518310546875 74.01023864746094 45.30858612060547
			vertex -34.87464141845703 75 45.80777359008789
			vertex -35 75 44.69517135620117
		endloop
	endfacet
	facet normal -0.9315721474892665 -0.2777889062483022 0.23453498158613426
		outer loop
			vertex -34.862518310546875 74.01023864746094 45.30858612060547
			vertex -34.46696090698242 72.96006774902344 45.63589096069336
			vertex -34.51491928100586 73.86860656738281 46.5214958190918
		endloop
	endfacet
	facet normal -0.9928345509939331 -0.1118641750202722 0.04202333518069641
		outer loop
			vertex -34.862518310546875 74.01023864746094 45.30858612060547
			vertex -35 75 44.69517135620117
			vertex -34.87464141845703 73.88739776611328 44.69517135620117
		endloop
	endfacet
	facet normal -0.955880348481957 -0.14153412045937183 0.25741183370584336
		outer loop
			vertex -34.862518310546875 74.01023864746094 45.30858612060547
			vertex -34.51491928100586 73.86860656738281 46.5214958190918
			vertex -34.87464141845703 75 45.80777359008789
		endloop
	endfacet
	facet normal -0.9408691063140242 -0.32811357435255223 0.08430188081793782
		outer loop
			vertex -34.862518310546875 74.01023864746094 45.30858612060547
			vertex -34.87464141845703 73.88739776611328 44.69517135620117
			vertex -34.46696090698242 72.96006774902344 45.63589096069336
		endloop
	endfacet
	facet normal -1 0 0
		outer loop
			vertex -35 75 -0.304829478263855
			vertex -35 75 44.69517135620117
			vertex -35 130 44.69517135620117
		endloop
	endfacet
	facet normal -1 0 0
		outer loop
			vertex -35 75 -0.304829478263855
			vertex -35 130 44.69517135620117
			vertex -35 130 -0.304829478263855
		endloop
	endfacet
	facet normal 0 -1 0
		outer loop
			vertex 25.899999618530273 99.1199951171875 44.69517135620117
			vertex 12.907197952270508 99.1199951171875 49.69517135620117
			vertex 12.907197952270508 99.1199951171875 44.69517135620117
		endloop
	endfacet
	facet normal 0 -1 0
		outer loop
			vertex 25.899999618530273 99.1199951171875 44.69517135620117
			vertex 25.899999618530273 99.1199951171875 49.69517135620117
			vertex 12.907197952270508 99.1199951171875 49.69517135620117
		endloop
	endfacet
	facet normal 0.9937120922474001 -0.11196552023410884 0
		outer loop
			vertex 12.419734001159668 98.73125457763672 44.69517135620117
			vertex 12.407197952270508 98.6199951171875 49.69517135620117
			vertex 12.407197952270508 98.6199951171875 44.69517135620117
		endloop
	endfacet
	facet normal 0.9937120922474001 -0.11196552023410884 0
		outer loop
			vertex 12.419734001159668 98.73125457763672 44.69517135620117
			vertex 12.419734001159668 98.73125457763672 49.69517135620117
			vertex 12.407197952270508 98.6199951171875 49.69517135620117
		endloop
	endfacet
	facet normal 0.9438838493766629 -0.33027757853946615 0
		outer loop
			vertex 12.456713676452637 98.8369369506836 44.69517135620117
			vertex 12.456713676452637 98.8369369506836 49.69517135620117
			vertex 12.419734001159668 98.73125457763672 49.69517135620117
		endloop
	endfacet
	facet normal 0.9438838493766629 -0.33027757853946615 0
		outer loop
			vertex 12.456713676452637 98.8369369506836 44.69517135620117
			vertex 12.419734001159668 98.73125457763672 49.69517135620117
			vertex 12.419734001159668 98.73125457763672 44.69517135620117
		endloop
	endfacet
	facet normal 0.8467249140089014 -0.532030938946805 0
		outer loop
			vertex 12.516282081604004 98.9317398071289 44.69517135620117
			vertex 12.516282081604004 98.9317398071289 49.69517135620117
			vertex 12.456713676452637 98.8369369506836 49.69517135620117
		endloop
	endfacet
	facet normal 0.8467249140089014 -0.532030938946805 0
		outer loop
			vertex 12.516282081604004 98.9317398071289 44.69517135620117
			vertex 12.456713676452637 98.8369369506836 49.69517135620117
			vertex 12.456713676452637 98.8369369506836 44.69517135620117
		endloop
	endfacet
	facet normal 0.707102522340953 -0.7071110400064915 0
		outer loop
			vertex 12.595453262329102 99.01091003417969 44.69517135620117
			vertex 12.595453262329102 99.01091003417969 49.69517135620117
			vertex 12.516282081604004 98.9317398071289 49.69517135620117
		endloop
	endfacet
	facet normal 0.707102522340953 -0.7071110400064915 0
		outer loop
			vertex 12.595453262329102 99.01091003417969 44.69517135620117
			vertex 12.516282081604004 98.9317398071289 49.69517135620117
			vertex 12.516282081604004 98.9317398071289 44.69517135620117
		endloop
	endfacet
	facet normal 0.5320431521552974 -0.8467172398414096 0
		outer loop
			vertex 12.690256118774414 99.07048034667969 44.69517135620117
			vertex 12.690256118774414 99.07048034667969 49.69517135620117
			vertex 12.595453262329102 99.01091003417969 49.69517135620117
		endloop
	endfacet
	facet normal 0.5320431521552974 -0.8467172398414096 0
		outer loop
			vertex 12.690256118774414 99.07048034667969 44.69517135620117
			vertex 12.595453262329102 99.01091003417969 49.69517135620117
			vertex 12.595453262329102 99.01091003417969 44.69517135620117
		endloop
	endfacet
	facet normal 0.33028023386034194 -0.9438829202401948 0
		outer loop
			vertex 12.795937538146973 99.10746002197266 44.69517135620117
			vertex 12.795937538146973 99.10746002197266 49.69517135620117
			vertex 12.690256118774414 99.07048034667969 49.69517135620117
		endloop
	endfacet
	facet normal 0.33028023386034194 -0.9438829202401948 0
		outer loop
			vertex 12.795937538146973 99.10746002197266 44.69517135620117
			vertex 12.690256118774414 99.07048034667969 49.69517135620117
			vertex 12.690256118774414 99.07048034667969 44.69517135620117
		endloop
	endfacet
	facet normal 0.11195616165811205 -0.9937131466710013 0
		outer loop
			vertex 12.907197952270508 99.1199951171875 44.69517135620117
			vertex 12.907197952270508 99.1199951171875 49.69517135620117
			vertex 12.795937538146973 99.10746002197266 49.69517135620117
		endloop
	endfacet
	facet normal 0.11195616165811205 -0.9937131466710013 0
		outer loop
			vertex 12.907197952270508 99.1199951171875 44.69517135620117
			vertex 12.795937538146973 99.10746002197266 49.69517135620117
			vertex 12.795937538146973 99.10746002197266 44.69517135620117
		endloop
	endfacet
	facet normal 1 0 0
		outer loop
			vertex 12.407197952270508 98.6199951171875 49.69517135620117
			vertex 12.407197952270508 85.6199951171875 49.69517135620117
			vertex 12.407197952270508 85.6199951171875 44.69517135620117
		endloop
	endfacet
	facet normal 1 0 0
		outer loop
			vertex 12.407197952270508 98.6199951171875 44.69517135620117
			vertex 12.407197952270508 98.6199951171875 49.69517135620117
			vertex 12.407197952270508 85.6199951171875 44.69517135620117
		endloop
	endfacet
	facet normal 0.11202344809597643 0.9937055635733798 0
		outer loop
			vertex 12.795937538146973 85.13253784179688 44.69517135620117
			vertex 12.907197952270508 85.1199951171875 49.69517135620117
			vertex 12.907197952270508 85.1199951171875 44.69517135620117
		endloop
	endfacet
	facet normal 0.11202344809597643 0.9937055635733798 0
		outer loop
			vertex 12.795937538146973 85.13253784179688 44.69517135620117
			vertex 12.795937538146973 85.13253784179688 49.69517135620117
			vertex 12.907197952270508 85.1199951171875 49.69517135620117
		endloop
	endfacet
	facet normal 0.33028023386034194 0.9438829202401948 0
		outer loop
			vertex 12.690256118774414 85.16951751708984 44.69517135620117
			vertex 12.690256118774414 85.16951751708984 49.69517135620117
			vertex 12.795937538146973 85.13253784179688 49.69517135620117
		endloop
	endfacet
	facet normal 0.5319942973288202 0.8467479362889613 0
		outer loop
			vertex 12.690256118774414 85.16951751708984 44.69517135620117
			vertex 12.595453262329102 85.22908020019531 49.69517135620117
			vertex 12.690256118774414 85.16951751708984 49.69517135620117
		endloop
	endfacet
	facet normal 0.33028023386034194 0.9438829202401948 0
		outer loop
			vertex 12.690256118774414 85.16951751708984 44.69517135620117
			vertex 12.795937538146973 85.13253784179688 49.69517135620117
			vertex 12.795937538146973 85.13253784179688 44.69517135620117
		endloop
	endfacet
	facet normal 0.5319942973288202 0.8467479362889613 0
		outer loop
			vertex 12.595453262329102 85.22908020019531 44.69517135620117
			vertex 12.595453262329102 85.22908020019531 49.69517135620117
			vertex 12.690256118774414 85.16951751708984 44.69517135620117
		endloop
	endfacet
	facet normal 0.707102522340953 0.7071110400064915 0
		outer loop
			vertex 12.516282081604004 85.3082504272461 44.69517135620117
			vertex 12.516282081604004 85.3082504272461 49.69517135620117
			vertex 12.595453262329102 85.22908020019531 49.69517135620117
		endloop
	endfacet
	facet normal 0.707102522340953 0.7071110400064915 0
		outer loop
			vertex 12.516282081604004 85.3082504272461 44.69517135620117
			vertex 12.595453262329102 85.22908020019531 49.69517135620117
			vertex 12.595453262329102 85.22908020019531 44.69517135620117
		endloop
	endfacet
	facet normal 0.8467249140089014 0.532030938946805 0
		outer loop
			vertex 12.456713676452637 85.4030532836914 44.69517135620117
			vertex 12.456713676452637 85.4030532836914 49.69517135620117
			vertex 12.516282081604004 85.3082504272461 49.69517135620117
		endloop
	endfacet
	facet normal 0.9438838493766629 0.33027757853946615 0
		outer loop
			vertex 12.456713676452637 85.4030532836914 44.69517135620117
			vertex 12.419734001159668 85.50873565673828 49.69517135620117
			vertex 12.456713676452637 85.4030532836914 49.69517135620117
		endloop
	endfacet
	facet normal 0.8467249140089014 0.532030938946805 0
		outer loop
			vertex 12.456713676452637 85.4030532836914 44.69517135620117
			vertex 12.516282081604004 85.3082504272461 49.69517135620117
			vertex 12.516282081604004 85.3082504272461 44.69517135620117
		endloop
	endfacet
	facet normal 0.9438838493766629 0.33027757853946615 0
		outer loop
			vertex 12.419734001159668 85.50873565673828 44.69517135620117
			vertex 12.419734001159668 85.50873565673828 49.69517135620117
			vertex 12.456713676452637 85.4030532836914 44.69517135620117
		endloop
	endfacet
	facet normal 0.9937120922474001 0.11196552023410884 0
		outer loop
			vertex 12.407197952270508 85.6199951171875 44.69517135620117
			vertex 12.407197952270508 85.6199951171875 49.69517135620117
			vertex 12.419734001159668 85.50873565673828 49.69517135620117
		endloop
	endfacet
	facet normal 0.9937120922474001 0.11196552023410884 0
		outer loop
			vertex 12.407197952270508 85.6199951171875 44.69517135620117
			vertex 12.419734001159668 85.50873565673828 49.69517135620117
			vertex 12.419734001159668 85.50873565673828 44.69517135620117
		endloop
	endfacet
	facet normal 0 1 0
		outer loop
			vertex 12.907197952270508 85.1199951171875 44.69517135620117
			vertex 25.899999618530273 85.1199951171875 49.69517135620117
			vertex 25.899999618530273 85.1199951171875 44.69517135620117
		endloop
	endfacet
	facet normal 0 1 0
		outer loop
			vertex 12.907197952270508 85.1199951171875 44.69517135620117
			vertex 12.907197952270508 85.1199951171875 49.69517135620117
			vertex 25.899999618530273 85.1199951171875 49.69517135620117
		endloop
	endfacet
	facet normal -0.9937111445177091 0.11197393116839646 0
		outer loop
			vertex 26.387462615966797 85.50873565673828 44.69517135620117
			vertex 26.399999618530273 85.6199951171875 49.69517135620117
			vertex 26.399999618530273 85.6199951171875 44.69517135620117
		endloop
	endfacet
	facet normal -0.9937111445177091 0.11197393116839646 0
		outer loop
			vertex 26.387462615966797 85.50873565673828 44.69517135620117
			vertex 26.387462615966797 85.50873565673828 49.69517135620117
			vertex 26.399999618530273 85.6199951171875 49.69517135620117
		endloop
	endfacet
	facet normal -0.9438838493766629 0.33027757853946615 0
		outer loop
			vertex 26.350482940673828 85.4030532836914 44.69517135620117
			vertex 26.350482940673828 85.4030532836914 49.69517135620117
			vertex 26.387462615966797 85.50873565673828 49.69517135620117
		endloop
	endfacet
	facet normal -0.8467249140089014 0.532030938946805 0
		outer loop
			vertex 26.350482940673828 85.4030532836914 44.69517135620117
			vertex 26.29091453552246 85.3082504272461 49.69517135620117
			vertex 26.350482940673828 85.4030532836914 49.69517135620117
		endloop
	endfacet
	facet normal -0.9438838493766629 0.33027757853946615 0
		outer loop
			vertex 26.350482940673828 85.4030532836914 44.69517135620117
			vertex 26.387462615966797 85.50873565673828 49.69517135620117
			vertex 26.387462615966797 85.50873565673828 44.69517135620117
		endloop
	endfacet
	facet normal -0.8467249140089014 0.532030938946805 0
		outer loop
			vertex 26.29091453552246 85.3082504272461 44.69517135620117
			vertex 26.29091453552246 85.3082504272461 49.69517135620117
			vertex 26.350482940673828 85.4030532836914 44.69517135620117
		endloop
	endfacet
	facet normal -0.7071067811865476 0.7071067811865476 0
		outer loop
			vertex 26.21174430847168 85.22908020019531 44.69517135620117
			vertex 26.21174430847168 85.22908020019531 49.69517135620117
			vertex 26.29091453552246 85.3082504272461 49.69517135620117
		endloop
	endfacet
	facet normal -0.7071067811865476 0.7071067811865476 0
		outer loop
			vertex 26.21174430847168 85.22908020019531 44.69517135620117
			vertex 26.29091453552246 85.3082504272461 49.69517135620117
			vertex 26.29091453552246 85.3082504272461 44.69517135620117
		endloop
	endfacet
	facet normal -0.5319942973288202 0.8467479362889613 0
		outer loop
			vertex 26.116941452026367 85.16951751708984 44.69517135620117
			vertex 26.116941452026367 85.16951751708984 49.69517135620117
			vertex 26.21174430847168 85.22908020019531 49.69517135620117
		endloop
	endfacet
	facet normal -0.33027757853946615 0.9438838493766629 0
		outer loop
			vertex 26.116941452026367 85.16951751708984 44.69517135620117
			vertex 26.011259078979492 85.13253784179688 49.69517135620117
			vertex 26.116941452026367 85.16951751708984 49.69517135620117
		endloop
	endfacet
	facet normal -0.5319942973288202 0.8467479362889613 0
		outer loop
			vertex 26.116941452026367 85.16951751708984 44.69517135620117
			vertex 26.21174430847168 85.22908020019531 49.69517135620117
			vertex 26.21174430847168 85.22908020019531 44.69517135620117
		endloop
	endfacet
	facet normal -0.33027757853946615 0.9438838493766629 0
		outer loop
			vertex 26.011259078979492 85.13253784179688 44.69517135620117
			vertex 26.011259078979492 85.13253784179688 49.69517135620117
			vertex 26.116941452026367 85.16951751708984 44.69517135620117
		endloop
	endfacet
	facet normal -0.11202439626867464 0.9937054566825317 0
		outer loop
			vertex 25.899999618530273 85.1199951171875 44.69517135620117
			vertex 25.899999618530273 85.1199951171875 49.69517135620117
			vertex 26.011259078979492 85.13253784179688 49.69517135620117
		endloop
	endfacet
	facet normal -0.11202439626867464 0.9937054566825317 0
		outer loop
			vertex 25.899999618530273 85.1199951171875 44.69517135620117
			vertex 26.011259078979492 85.13253784179688 49.69517135620117
			vertex 26.011259078979492 85.13253784179688 44.69517135620117
		endloop
	endfacet
	facet normal -1 0 0
		outer loop
			vertex 26.399999618530273 85.6199951171875 44.69517135620117
			vertex 26.399999618530273 98.6199951171875 49.69517135620117
			vertex 26.399999618530273 98.6199951171875 44.69517135620117
		endloop
	endfacet
	facet normal -1 0 0
		outer loop
			vertex 26.399999618530273 85.6199951171875 44.69517135620117
			vertex 26.399999618530273 85.6199951171875 49.69517135620117
			vertex 26.399999618530273 98.6199951171875 49.69517135620117
		endloop
	endfacet
	facet normal -0.11195710927575692 -0.9937130399077072 0
		outer loop
			vertex 26.011259078979492 99.10746002197266 44.69517135620117
			vertex 25.899999618530273 99.1199951171875 49.69517135620117
			vertex 25.899999618530273 99.1199951171875 44.69517135620117
		endloop
	endfacet
	facet normal -0.11195710927575692 -0.9937130399077072 0
		outer loop
			vertex 26.011259078979492 99.10746002197266 44.69517135620117
			vertex 26.011259078979492 99.10746002197266 49.69517135620117
			vertex 25.899999618530273 99.1199951171875 49.69517135620117
		endloop
	endfacet
	facet normal -0.33027757853946615 -0.9438838493766629 0
		outer loop
			vertex 26.116941452026367 99.07048034667969 44.69517135620117
			vertex 26.116941452026367 99.07048034667969 49.69517135620117
			vertex 26.011259078979492 99.10746002197266 49.69517135620117
		endloop
	endfacet
	facet normal -0.5320431521552974 -0.8467172398414096 0
		outer loop
			vertex 26.116941452026367 99.07048034667969 44.69517135620117
			vertex 26.21174430847168 99.01091003417969 49.69517135620117
			vertex 26.116941452026367 99.07048034667969 49.69517135620117
		endloop
	endfacet
	facet normal -0.33027757853946615 -0.9438838493766629 0
		outer loop
			vertex 26.116941452026367 99.07048034667969 44.69517135620117
			vertex 26.011259078979492 99.10746002197266 49.69517135620117
			vertex 26.011259078979492 99.10746002197266 44.69517135620117
		endloop
	endfacet
	facet normal -0.5320431521552974 -0.8467172398414096 0
		outer loop
			vertex 26.21174430847168 99.01091003417969 44.69517135620117
			vertex 26.21174430847168 99.01091003417969 49.69517135620117
			vertex 26.116941452026367 99.07048034667969 44.69517135620117
		endloop
	endfacet
	facet normal -0.7071067811865476 -0.7071067811865476 0
		outer loop
			vertex 26.29091453552246 98.9317398071289 44.69517135620117
			vertex 26.29091453552246 98.9317398071289 49.69517135620117
			vertex 26.21174430847168 99.01091003417969 49.69517135620117
		endloop
	endfacet
	facet normal -0.7071067811865476 -0.7071067811865476 0
		outer loop
			vertex 26.29091453552246 98.9317398071289 44.69517135620117
			vertex 26.21174430847168 99.01091003417969 49.69517135620117
			vertex 26.21174430847168 99.01091003417969 44.69517135620117
		endloop
	endfacet
	facet normal -0.8467249140089014 -0.532030938946805 0
		outer loop
			vertex 26.350482940673828 98.8369369506836 44.69517135620117
			vertex 26.350482940673828 98.8369369506836 49.69517135620117
			vertex 26.29091453552246 98.9317398071289 49.69517135620117
		endloop
	endfacet
	facet normal -0.9438838493766629 -0.33027757853946615 0
		outer loop
			vertex 26.350482940673828 98.8369369506836 44.69517135620117
			vertex 26.387462615966797 98.73125457763672 49.69517135620117
			vertex 26.350482940673828 98.8369369506836 49.69517135620117
		endloop
	endfacet
	facet normal -0.8467249140089014 -0.532030938946805 0
		outer loop
			vertex 26.350482940673828 98.8369369506836 44.69517135620117
			vertex 26.29091453552246 98.9317398071289 49.69517135620117
			vertex 26.29091453552246 98.9317398071289 44.69517135620117
		endloop
	endfacet
	facet normal -0.9438838493766629 -0.33027757853946615 0
		outer loop
			vertex 26.387462615966797 98.73125457763672 44.69517135620117
			vertex 26.387462615966797 98.73125457763672 49.69517135620117
			vertex 26.350482940673828 98.8369369506836 44.69517135620117
		endloop
	endfacet
	facet normal -0.9937111445177091 -0.11197393116839646 0
		outer loop
			vertex 26.399999618530273 98.6199951171875 44.69517135620117
			vertex 26.399999618530273 98.6199951171875 49.69517135620117
			vertex 26.387462615966797 98.73125457763672 49.69517135620117
		endloop
	endfacet
	facet normal -0.9937111445177091 -0.11197393116839646 0
		outer loop
			vertex 26.399999618530273 98.6199951171875 44.69517135620117
			vertex 26.387462615966797 98.73125457763672 49.69517135620117
			vertex 26.387462615966797 98.73125457763672 44.69517135620117
		endloop
	endfacet
	facet normal -1 0 0
		outer loop
			vertex -11.700000762939453 110.6199951171875 44.69517135620117
			vertex -11.700000762939453 123.6199951171875 49.69517135620117
			vertex -11.700000762939453 123.6199951171875 44.69517135620117
		endloop
	endfacet
	facet normal -1 0 0
		outer loop
			vertex -11.700000762939453 110.6199951171875 44.69517135620117
			vertex -11.700000762939453 110.6199951171875 49.69517135620117
			vertex -11.700000762939453 123.6199951171875 49.69517135620117
		endloop
	endfacet
	facet normal -0.11195616165811205 -0.9937131466710013 0
		outer loop
			vertex -12.088740348815918 124.10746002197266 44.69517135620117
			vertex -12.200000762939453 124.1199951171875 49.69517135620117
			vertex -12.200000762939453 124.1199951171875 44.69517135620117
		endloop
	endfacet
	facet normal -0.11195616165811205 -0.9937131466710013 0
		outer loop
			vertex -12.088740348815918 124.10746002197266 44.69517135620117
			vertex -12.088740348815918 124.10746002197266 49.69517135620117
			vertex -12.200000762939453 124.1199951171875 49.69517135620117
		endloop
	endfacet
	facet normal -0.33028023386034194 -0.9438829202401948 0
		outer loop
			vertex -11.98305892944336 124.07048034667969 44.69517135620117
			vertex -11.98305892944336 124.07048034667969 49.69517135620117
			vertex -12.088740348815918 124.10746002197266 49.69517135620117
		endloop
	endfacet
	facet normal -0.5320431521552974 -0.8467172398414096 0
		outer loop
			vertex -11.98305892944336 124.07048034667969 44.69517135620117
			vertex -11.888256072998047 124.01091003417969 49.69517135620117
			vertex -11.98305892944336 124.07048034667969 49.69517135620117
		endloop
	endfacet
	facet normal -0.33028023386034194 -0.9438829202401948 0
		outer loop
			vertex -11.98305892944336 124.07048034667969 44.69517135620117
			vertex -12.088740348815918 124.10746002197266 49.69517135620117
			vertex -12.088740348815918 124.10746002197266 44.69517135620117
		endloop
	endfacet
	facet normal -0.5320431521552974 -0.8467172398414096 0
		outer loop
			vertex -11.888256072998047 124.01091003417969 44.69517135620117
			vertex -11.888256072998047 124.01091003417969 49.69517135620117
			vertex -11.98305892944336 124.07048034667969 44.69517135620117
		endloop
	endfacet
	facet normal -0.707102522340953 -0.7071110400064915 0
		outer loop
			vertex -11.80908489227295 123.9317398071289 44.69517135620117
			vertex -11.80908489227295 123.9317398071289 49.69517135620117
			vertex -11.888256072998047 124.01091003417969 49.69517135620117
		endloop
	endfacet
	facet normal -0.707102522340953 -0.7071110400064915 0
		outer loop
			vertex -11.80908489227295 123.9317398071289 44.69517135620117
			vertex -11.888256072998047 124.01091003417969 49.69517135620117
			vertex -11.888256072998047 124.01091003417969 44.69517135620117
		endloop
	endfacet
	facet normal -0.8467249140089014 -0.532030938946805 0
		outer loop
			vertex -11.749516487121582 123.8369369506836 44.69517135620117
			vertex -11.749516487121582 123.8369369506836 49.69517135620117
			vertex -11.80908489227295 123.9317398071289 49.69517135620117
		endloop
	endfacet
	facet normal -0.9438838493766629 -0.33027757853946615 0
		outer loop
			vertex -11.749516487121582 123.8369369506836 44.69517135620117
			vertex -11.712536811828613 123.73125457763672 49.69517135620117
			vertex -11.749516487121582 123.8369369506836 49.69517135620117
		endloop
	endfacet
	facet normal -0.8467249140089014 -0.532030938946805 0
		outer loop
			vertex -11.749516487121582 123.8369369506836 44.69517135620117
			vertex -11.80908489227295 123.9317398071289 49.69517135620117
			vertex -11.80908489227295 123.9317398071289 44.69517135620117
		endloop
	endfacet
	facet normal -0.9438838493766629 -0.33027757853946615 0
		outer loop
			vertex -11.712536811828613 123.73125457763672 44.69517135620117
			vertex -11.712536811828613 123.73125457763672 49.69517135620117
			vertex -11.749516487121582 123.8369369506836 44.69517135620117
		endloop
	endfacet
	facet normal -0.9937120922474001 -0.11196552023410884 0
		outer loop
			vertex -11.700000762939453 123.6199951171875 44.69517135620117
			vertex -11.700000762939453 123.6199951171875 49.69517135620117
			vertex -11.712536811828613 123.73125457763672 49.69517135620117
		endloop
	endfacet
	facet normal -0.9937120922474001 -0.11196552023410884 0
		outer loop
			vertex -11.700000762939453 123.6199951171875 44.69517135620117
			vertex -11.712536811828613 123.73125457763672 49.69517135620117
			vertex -11.712536811828613 123.73125457763672 44.69517135620117
		endloop
	endfacet
	facet normal 0 -1 0
		outer loop
			vertex -12.200000762939453 124.1199951171875 44.69517135620117
			vertex -25.19280242919922 124.1199951171875 49.69517135620117
			vertex -25.19280242919922 124.1199951171875 44.69517135620117
		endloop
	endfacet
	facet normal 0 -1 0
		outer loop
			vertex -12.200000762939453 124.1199951171875 44.69517135620117
			vertex -12.200000762939453 124.1199951171875 49.69517135620117
			vertex -25.19280242919922 124.1199951171875 49.69517135620117
		endloop
	endfacet
	facet normal 0.9937111445177091 -0.11197393116839646 0
		outer loop
			vertex -25.680265426635742 123.73125457763672 44.69517135620117
			vertex -25.69280242919922 123.6199951171875 49.69517135620117
			vertex -25.69280242919922 123.6199951171875 44.69517135620117
		endloop
	endfacet
	facet normal 0.9937111445177091 -0.11197393116839646 0
		outer loop
			vertex -25.680265426635742 123.73125457763672 44.69517135620117
			vertex -25.680265426635742 123.73125457763672 49.69517135620117
			vertex -25.69280242919922 123.6199951171875 49.69517135620117
		endloop
	endfacet
	facet normal 0.9438838493766629 -0.33027757853946615 0
		outer loop
			vertex -25.643285751342773 123.8369369506836 44.69517135620117
			vertex -25.643285751342773 123.8369369506836 49.69517135620117
			vertex -25.680265426635742 123.73125457763672 49.69517135620117
		endloop
	endfacet
	facet normal 0.9438838493766629 -0.33027757853946615 0
		outer loop
			vertex -25.643285751342773 123.8369369506836 44.69517135620117
			vertex -25.680265426635742 123.73125457763672 49.69517135620117
			vertex -25.680265426635742 123.73125457763672 44.69517135620117
		endloop
	endfacet
	facet normal 0.8467249140089014 -0.532030938946805 0
		outer loop
			vertex -25.583717346191406 123.9317398071289 44.69517135620117
			vertex -25.583717346191406 123.9317398071289 49.69517135620117
			vertex -25.643285751342773 123.8369369506836 49.69517135620117
		endloop
	endfacet
	facet normal 0.8467249140089014 -0.532030938946805 0
		outer loop
			vertex -25.583717346191406 123.9317398071289 44.69517135620117
			vertex -25.643285751342773 123.8369369506836 49.69517135620117
			vertex -25.643285751342773 123.8369369506836 44.69517135620117
		endloop
	endfacet
	facet normal 0.7071067811865476 -0.7071067811865476 0
		outer loop
			vertex -25.504547119140625 124.01091003417969 44.69517135620117
			vertex -25.504547119140625 124.01091003417969 49.69517135620117
			vertex -25.583717346191406 123.9317398071289 49.69517135620117
		endloop
	endfacet
	facet normal 0.7071067811865476 -0.7071067811865476 0
		outer loop
			vertex -25.504547119140625 124.01091003417969 44.69517135620117
			vertex -25.583717346191406 123.9317398071289 49.69517135620117
			vertex -25.583717346191406 123.9317398071289 44.69517135620117
		endloop
	endfacet
	facet normal 0.5320431521552974 -0.8467172398414096 0
		outer loop
			vertex -25.409744262695312 124.07048034667969 44.69517135620117
			vertex -25.409744262695312 124.07048034667969 49.69517135620117
			vertex -25.504547119140625 124.01091003417969 49.69517135620117
		endloop
	endfacet
	facet normal 0.5320431521552974 -0.8467172398414096 0
		outer loop
			vertex -25.409744262695312 124.07048034667969 44.69517135620117
			vertex -25.504547119140625 124.01091003417969 49.69517135620117
			vertex -25.504547119140625 124.01091003417969 44.69517135620117
		endloop
	endfacet
	facet normal 0.33027757853946615 -0.9438838493766629 0
		outer loop
			vertex -25.304061889648438 124.10746002197266 44.69517135620117
			vertex -25.304061889648438 124.10746002197266 49.69517135620117
			vertex -25.409744262695312 124.07048034667969 49.69517135620117
		endloop
	endfacet
	facet normal 0.33027757853946615 -0.9438838493766629 0
		outer loop
			vertex -25.304061889648438 124.10746002197266 44.69517135620117
			vertex -25.409744262695312 124.07048034667969 49.69517135620117
			vertex -25.409744262695312 124.07048034667969 44.69517135620117
		endloop
	endfacet
	facet normal 0.11195710927575692 -0.9937130399077072 0
		outer loop
			vertex -25.19280242919922 124.1199951171875 44.69517135620117
			vertex -25.19280242919922 124.1199951171875 49.69517135620117
			vertex -25.304061889648438 124.10746002197266 49.69517135620117
		endloop
	endfacet
	facet normal 0.11195710927575692 -0.9937130399077072 0
		outer loop
			vertex -25.19280242919922 124.1199951171875 44.69517135620117
			vertex -25.304061889648438 124.10746002197266 49.69517135620117
			vertex -25.304061889648438 124.10746002197266 44.69517135620117
		endloop
	endfacet
	facet normal 1 0 0
		outer loop
			vertex -25.69280242919922 123.6199951171875 49.69517135620117
			vertex -25.69280242919922 110.6199951171875 49.69517135620117
			vertex -25.69280242919922 110.6199951171875 44.69517135620117
		endloop
	endfacet
	facet normal 1 0 0
		outer loop
			vertex -25.69280242919922 123.6199951171875 44.69517135620117
			vertex -25.69280242919922 123.6199951171875 49.69517135620117
			vertex -25.69280242919922 110.6199951171875 44.69517135620117
		endloop
	endfacet
	facet normal 0.11202439626867464 0.9937054566825317 0
		outer loop
			vertex -25.304061889648438 110.13253784179688 44.69517135620117
			vertex -25.19280242919922 110.1199951171875 49.69517135620117
			vertex -25.19280242919922 110.1199951171875 44.69517135620117
		endloop
	endfacet
	facet normal 0.11202439626867464 0.9937054566825317 0
		outer loop
			vertex -25.304061889648438 110.13253784179688 44.69517135620117
			vertex -25.304061889648438 110.13253784179688 49.69517135620117
			vertex -25.19280242919922 110.1199951171875 49.69517135620117
		endloop
	endfacet
	facet normal 0.33027757853946615 0.9438838493766629 0
		outer loop
			vertex -25.409744262695312 110.16951751708984 44.69517135620117
			vertex -25.409744262695312 110.16951751708984 49.69517135620117
			vertex -25.304061889648438 110.13253784179688 49.69517135620117
		endloop
	endfacet
	facet normal 0.5319942973288202 0.8467479362889613 0
		outer loop
			vertex -25.409744262695312 110.16951751708984 44.69517135620117
			vertex -25.504547119140625 110.22908020019531 49.69517135620117
			vertex -25.409744262695312 110.16951751708984 49.69517135620117
		endloop
	endfacet
	facet normal 0.33027757853946615 0.9438838493766629 0
		outer loop
			vertex -25.409744262695312 110.16951751708984 44.69517135620117
			vertex -25.304061889648438 110.13253784179688 49.69517135620117
			vertex -25.304061889648438 110.13253784179688 44.69517135620117
		endloop
	endfacet
	facet normal 0.5319942973288202 0.8467479362889613 0
		outer loop
			vertex -25.504547119140625 110.22908020019531 44.69517135620117
			vertex -25.504547119140625 110.22908020019531 49.69517135620117
			vertex -25.409744262695312 110.16951751708984 44.69517135620117
		endloop
	endfacet
	facet normal 0.7071067811865476 0.7071067811865476 0
		outer loop
			vertex -25.583717346191406 110.3082504272461 44.69517135620117
			vertex -25.583717346191406 110.3082504272461 49.69517135620117
			vertex -25.504547119140625 110.22908020019531 49.69517135620117
		endloop
	endfacet
	facet normal 0.7071067811865476 0.7071067811865476 0
		outer loop
			vertex -25.583717346191406 110.3082504272461 44.69517135620117
			vertex -25.504547119140625 110.22908020019531 49.69517135620117
			vertex -25.504547119140625 110.22908020019531 44.69517135620117
		endloop
	endfacet
	facet normal 0.8467249140089014 0.532030938946805 0
		outer loop
			vertex -25.643285751342773 110.4030532836914 44.69517135620117
			vertex -25.643285751342773 110.4030532836914 49.69517135620117
			vertex -25.583717346191406 110.3082504272461 49.69517135620117
		endloop
	endfacet
	facet normal 0.9438838493766629 0.33027757853946615 0
		outer loop
			vertex -25.643285751342773 110.4030532836914 44.69517135620117
			vertex -25.680265426635742 110.50873565673828 49.69517135620117
			vertex -25.643285751342773 110.4030532836914 49.69517135620117
		endloop
	endfacet
	facet normal 0.8467249140089014 0.532030938946805 0
		outer loop
			vertex -25.643285751342773 110.4030532836914 44.69517135620117
			vertex -25.583717346191406 110.3082504272461 49.69517135620117
			vertex -25.583717346191406 110.3082504272461 44.69517135620117
		endloop
	endfacet
	facet normal 0.9438838493766629 0.33027757853946615 0
		outer loop
			vertex -25.680265426635742 110.50873565673828 44.69517135620117
			vertex -25.680265426635742 110.50873565673828 49.69517135620117
			vertex -25.643285751342773 110.4030532836914 44.69517135620117
		endloop
	endfacet
	facet normal 0.9937111445177091 0.11197393116839646 0
		outer loop
			vertex -25.69280242919922 110.6199951171875 44.69517135620117
			vertex -25.69280242919922 110.6199951171875 49.69517135620117
			vertex -25.680265426635742 110.50873565673828 49.69517135620117
		endloop
	endfacet
	facet normal 0.9937111445177091 0.11197393116839646 0
		outer loop
			vertex -25.69280242919922 110.6199951171875 44.69517135620117
			vertex -25.680265426635742 110.50873565673828 49.69517135620117
			vertex -25.680265426635742 110.50873565673828 44.69517135620117
		endloop
	endfacet
	facet normal 0 1 0
		outer loop
			vertex -25.19280242919922 110.1199951171875 44.69517135620117
			vertex -12.200000762939453 110.1199951171875 49.69517135620117
			vertex -12.200000762939453 110.1199951171875 44.69517135620117
		endloop
	endfacet
	facet normal 0 1 0
		outer loop
			vertex -25.19280242919922 110.1199951171875 44.69517135620117
			vertex -25.19280242919922 110.1199951171875 49.69517135620117
			vertex -12.200000762939453 110.1199951171875 49.69517135620117
		endloop
	endfacet
	facet normal -0.9937120922474001 0.11196552023410884 0
		outer loop
			vertex -11.712536811828613 110.50873565673828 44.69517135620117
			vertex -11.700000762939453 110.6199951171875 49.69517135620117
			vertex -11.700000762939453 110.6199951171875 44.69517135620117
		endloop
	endfacet
	facet normal -0.9937120922474001 0.11196552023410884 0
		outer loop
			vertex -11.712536811828613 110.50873565673828 44.69517135620117
			vertex -11.712536811828613 110.50873565673828 49.69517135620117
			vertex -11.700000762939453 110.6199951171875 49.69517135620117
		endloop
	endfacet
	facet normal -0.9438838493766629 0.33027757853946615 0
		outer loop
			vertex -11.749516487121582 110.4030532836914 44.69517135620117
			vertex -11.749516487121582 110.4030532836914 49.69517135620117
			vertex -11.712536811828613 110.50873565673828 49.69517135620117
		endloop
	endfacet
	facet normal -0.8467249140089014 0.532030938946805 0
		outer loop
			vertex -11.749516487121582 110.4030532836914 44.69517135620117
			vertex -11.80908489227295 110.3082504272461 49.69517135620117
			vertex -11.749516487121582 110.4030532836914 49.69517135620117
		endloop
	endfacet
	facet normal -0.9438838493766629 0.33027757853946615 0
		outer loop
			vertex -11.749516487121582 110.4030532836914 44.69517135620117
			vertex -11.712536811828613 110.50873565673828 49.69517135620117
			vertex -11.712536811828613 110.50873565673828 44.69517135620117
		endloop
	endfacet
	facet normal -0.8467249140089014 0.532030938946805 0
		outer loop
			vertex -11.80908489227295 110.3082504272461 44.69517135620117
			vertex -11.80908489227295 110.3082504272461 49.69517135620117
			vertex -11.749516487121582 110.4030532836914 44.69517135620117
		endloop
	endfacet
	facet normal -0.707102522340953 0.7071110400064915 0
		outer loop
			vertex -11.888256072998047 110.22908020019531 44.69517135620117
			vertex -11.888256072998047 110.22908020019531 49.69517135620117
			vertex -11.80908489227295 110.3082504272461 49.69517135620117
		endloop
	endfacet
	facet normal -0.707102522340953 0.7071110400064915 0
		outer loop
			vertex -11.888256072998047 110.22908020019531 44.69517135620117
			vertex -11.80908489227295 110.3082504272461 49.69517135620117
			vertex -11.80908489227295 110.3082504272461 44.69517135620117
		endloop
	endfacet
	facet normal -0.5319942973288202 0.8467479362889613 0
		outer loop
			vertex -11.98305892944336 110.16951751708984 44.69517135620117
			vertex -11.98305892944336 110.16951751708984 49.69517135620117
			vertex -11.888256072998047 110.22908020019531 49.69517135620117
		endloop
	endfacet
	facet normal -0.33028023386034194 0.9438829202401948 0
		outer loop
			vertex -11.98305892944336 110.16951751708984 44.69517135620117
			vertex -12.088740348815918 110.13253784179688 49.69517135620117
			vertex -11.98305892944336 110.16951751708984 49.69517135620117
		endloop
	endfacet
	facet normal -0.5319942973288202 0.8467479362889613 0
		outer loop
			vertex -11.98305892944336 110.16951751708984 44.69517135620117
			vertex -11.888256072998047 110.22908020019531 49.69517135620117
			vertex -11.888256072998047 110.22908020019531 44.69517135620117
		endloop
	endfacet
	facet normal -0.33028023386034194 0.9438829202401948 0
		outer loop
			vertex -12.088740348815918 110.13253784179688 44.69517135620117
			vertex -12.088740348815918 110.13253784179688 49.69517135620117
			vertex -11.98305892944336 110.16951751708984 44.69517135620117
		endloop
	endfacet
	facet normal -0.11202344809597643 0.9937055635733798 0
		outer loop
			vertex -12.200000762939453 110.1199951171875 44.69517135620117
			vertex -12.200000762939453 110.1199951171875 49.69517135620117
			vertex -12.088740348815918 110.13253784179688 49.69517135620117
		endloop
	endfacet
	facet normal -0.11202344809597643 0.9937055635733798 0
		outer loop
			vertex -12.200000762939453 110.1199951171875 44.69517135620117
			vertex -12.088740348815918 110.13253784179688 49.69517135620117
			vertex -12.088740348815918 110.13253784179688 44.69517135620117
		endloop
	endfacet
	facet normal 0 -1 0
		outer loop
			vertex 6.8571977615356445 99.1199951171875 44.69517135620117
			vertex -6.1428022384643555 99.1199951171875 49.69517135620117
			vertex -6.1428022384643555 99.1199951171875 44.69517135620117
		endloop
	endfacet
	facet normal 0 -1 0
		outer loop
			vertex 6.8571977615356445 99.1199951171875 44.69517135620117
			vertex 6.8571977615356445 99.1199951171875 49.69517135620117
			vertex -6.1428022384643555 99.1199951171875 49.69517135620117
		endloop
	endfacet
	facet normal 0.9937120922474001 -0.11196552023410884 0
		outer loop
			vertex -6.6428022384643555 98.6199951171875 44.69517135620117
			vertex -6.630266189575195 98.73125457763672 49.69517135620117
			vertex -6.6428022384643555 98.6199951171875 49.69517135620117
		endloop
	endfacet
	facet normal 0.9438838493766629 -0.33027757853946615 0
		outer loop
			vertex -6.630266189575195 98.73125457763672 44.69517135620117
			vertex -6.593286514282227 98.8369369506836 49.69517135620117
			vertex -6.630266189575195 98.73125457763672 49.69517135620117
		endloop
	endfacet
	facet normal 0.9937120922474001 -0.11196552023410884 0
		outer loop
			vertex -6.630266189575195 98.73125457763672 44.69517135620117
			vertex -6.630266189575195 98.73125457763672 49.69517135620117
			vertex -6.6428022384643555 98.6199951171875 44.69517135620117
		endloop
	endfacet
	facet normal 0.8467229954705024 -0.5320339922800605 0
		outer loop
			vertex -6.593286514282227 98.8369369506836 44.69517135620117
			vertex -6.533717632293701 98.9317398071289 49.69517135620117
			vertex -6.593286514282227 98.8369369506836 49.69517135620117
		endloop
	endfacet
	facet normal 0.9438838493766629 -0.33027757853946615 0
		outer loop
			vertex -6.593286514282227 98.8369369506836 44.69517135620117
			vertex -6.593286514282227 98.8369369506836 49.69517135620117
			vertex -6.630266189575195 98.73125457763672 44.69517135620117
		endloop
	endfacet
	facet normal 0.7071046517605439 -0.7071089106061386 0
		outer loop
			vertex -6.533717632293701 98.9317398071289 44.69517135620117
			vertex -6.454546928405762 99.01091003417969 49.69517135620117
			vertex -6.533717632293701 98.9317398071289 49.69517135620117
		endloop
	endfacet
	facet normal 0.8467229954705024 -0.5320339922800605 0
		outer loop
			vertex -6.533717632293701 98.9317398071289 44.69517135620117
			vertex -6.533717632293701 98.9317398071289 49.69517135620117
			vertex -6.593286514282227 98.8369369506836 44.69517135620117
		endloop
	endfacet
	facet normal 0.5320431521552974 -0.8467172398414096 0
		outer loop
			vertex -6.454546928405762 99.01091003417969 44.69517135620117
			vertex -6.359744071960449 99.07048034667969 49.69517135620117
			vertex -6.454546928405762 99.01091003417969 49.69517135620117
		endloop
	endfacet
	facet normal 0.7071046517605439 -0.7071089106061386 0
		outer loop
			vertex -6.454546928405762 99.01091003417969 44.69517135620117
			vertex -6.454546928405762 99.01091003417969 49.69517135620117
			vertex -6.533717632293701 98.9317398071289 44.69517135620117
		endloop
	endfacet
	facet normal 0.33028023386034194 -0.9438829202401948 0
		outer loop
			vertex -6.359744071960449 99.07048034667969 44.69517135620117
			vertex -6.254062652587891 99.10746002197266 49.69517135620117
			vertex -6.359744071960449 99.07048034667969 49.69517135620117
		endloop
	endfacet
	facet normal 0.5320431521552974 -0.8467172398414096 0
		outer loop
			vertex -6.359744071960449 99.07048034667969 44.69517135620117
			vertex -6.359744071960449 99.07048034667969 49.69517135620117
			vertex -6.454546928405762 99.01091003417969 44.69517135620117
		endloop
	endfacet
	facet normal 0.11195616165811205 -0.9937131466710013 0
		outer loop
			vertex -6.254062652587891 99.10746002197266 44.69517135620117
			vertex -6.1428022384643555 99.1199951171875 49.69517135620117
			vertex -6.254062652587891 99.10746002197266 49.69517135620117
		endloop
	endfacet
	facet normal 0.33028023386034194 -0.9438829202401948 0
		outer loop
			vertex -6.254062652587891 99.10746002197266 44.69517135620117
			vertex -6.254062652587891 99.10746002197266 49.69517135620117
			vertex -6.359744071960449 99.07048034667969 44.69517135620117
		endloop
	endfacet
	facet normal 0.11195616165811205 -0.9937131466710013 0
		outer loop
			vertex -6.1428022384643555 99.1199951171875 44.69517135620117
			vertex -6.1428022384643555 99.1199951171875 49.69517135620117
			vertex -6.254062652587891 99.10746002197266 44.69517135620117
		endloop
	endfacet
	facet normal 1 0 0
		outer loop
			vertex -6.6428022384643555 98.6199951171875 49.69517135620117
			vertex -6.6428022384643555 85.6199951171875 49.69517135620117
			vertex -6.6428022384643555 85.6199951171875 44.69517135620117
		endloop
	endfacet
	facet normal 1 0 0
		outer loop
			vertex -6.6428022384643555 98.6199951171875 44.69517135620117
			vertex -6.6428022384643555 98.6199951171875 49.69517135620117
			vertex -6.6428022384643555 85.6199951171875 44.69517135620117
		endloop
	endfacet
	facet normal 0.11202344809597643 0.9937055635733798 0
		outer loop
			vertex -6.254062652587891 85.13253784179688 44.69517135620117
			vertex -6.1428022384643555 85.1199951171875 49.69517135620117
			vertex -6.1428022384643555 85.1199951171875 44.69517135620117
		endloop
	endfacet
	facet normal 0.11202344809597643 0.9937055635733798 0
		outer loop
			vertex -6.254062652587891 85.13253784179688 44.69517135620117
			vertex -6.254062652587891 85.13253784179688 49.69517135620117
			vertex -6.1428022384643555 85.1199951171875 49.69517135620117
		endloop
	endfacet
	facet normal 0.33028023386034194 0.9438829202401948 0
		outer loop
			vertex -6.359744071960449 85.16951751708984 44.69517135620117
			vertex -6.359744071960449 85.16951751708984 49.69517135620117
			vertex -6.254062652587891 85.13253784179688 49.69517135620117
		endloop
	endfacet
	facet normal 0.33028023386034194 0.9438829202401948 0
		outer loop
			vertex -6.359744071960449 85.16951751708984 44.69517135620117
			vertex -6.254062652587891 85.13253784179688 49.69517135620117
			vertex -6.254062652587891 85.13253784179688 44.69517135620117
		endloop
	endfacet
	facet normal 0.5319942973288202 0.8467479362889613 0
		outer loop
			vertex -6.454546928405762 85.22908020019531 44.69517135620117
			vertex -6.454546928405762 85.22908020019531 49.69517135620117
			vertex -6.359744071960449 85.16951751708984 49.69517135620117
		endloop
	endfacet
	facet normal 0.5319942973288202 0.8467479362889613 0
		outer loop
			vertex -6.454546928405762 85.22908020019531 44.69517135620117
			vertex -6.359744071960449 85.16951751708984 49.69517135620117
			vertex -6.359744071960449 85.16951751708984 44.69517135620117
		endloop
	endfacet
	facet normal 0.7071046517605439 0.7071089106061386 0
		outer loop
			vertex -6.533717632293701 85.3082504272461 44.69517135620117
			vertex -6.533717632293701 85.3082504272461 49.69517135620117
			vertex -6.454546928405762 85.22908020019531 49.69517135620117
		endloop
	endfacet
	facet normal 0.7071046517605439 0.7071089106061386 0
		outer loop
			vertex -6.533717632293701 85.3082504272461 44.69517135620117
			vertex -6.454546928405762 85.22908020019531 49.69517135620117
			vertex -6.454546928405762 85.22908020019531 44.69517135620117
		endloop
	endfacet
	facet normal 0.8467229954705024 0.5320339922800605 0
		outer loop
			vertex -6.593286514282227 85.4030532836914 44.69517135620117
			vertex -6.593286514282227 85.4030532836914 49.69517135620117
			vertex -6.533717632293701 85.3082504272461 49.69517135620117
		endloop
	endfacet
	facet normal 0.8467229954705024 0.5320339922800605 0
		outer loop
			vertex -6.593286514282227 85.4030532836914 44.69517135620117
			vertex -6.533717632293701 85.3082504272461 49.69517135620117
			vertex -6.533717632293701 85.3082504272461 44.69517135620117
		endloop
	endfacet
	facet normal 0.9438838493766629 0.33027757853946615 0
		outer loop
			vertex -6.630266189575195 85.50873565673828 44.69517135620117
			vertex -6.630266189575195 85.50873565673828 49.69517135620117
			vertex -6.593286514282227 85.4030532836914 49.69517135620117
		endloop
	endfacet
	facet normal 0.9438838493766629 0.33027757853946615 0
		outer loop
			vertex -6.630266189575195 85.50873565673828 44.69517135620117
			vertex -6.593286514282227 85.4030532836914 49.69517135620117
			vertex -6.593286514282227 85.4030532836914 44.69517135620117
		endloop
	endfacet
	facet normal 0.9937120922474001 0.11196552023410884 0
		outer loop
			vertex -6.6428022384643555 85.6199951171875 44.69517135620117
			vertex -6.6428022384643555 85.6199951171875 49.69517135620117
			vertex -6.630266189575195 85.50873565673828 49.69517135620117
		endloop
	endfacet
	facet normal 0.9937120922474001 0.11196552023410884 0
		outer loop
			vertex -6.6428022384643555 85.6199951171875 44.69517135620117
			vertex -6.630266189575195 85.50873565673828 49.69517135620117
			vertex -6.630266189575195 85.50873565673828 44.69517135620117
		endloop
	endfacet
	facet normal 0 1 0
		outer loop
			vertex -6.1428022384643555 85.1199951171875 44.69517135620117
			vertex 6.8571977615356445 85.1199951171875 49.69517135620117
			vertex 6.8571977615356445 85.1199951171875 44.69517135620117
		endloop
	endfacet
	facet normal 0 1 0
		outer loop
			vertex -6.1428022384643555 85.1199951171875 44.69517135620117
			vertex -6.1428022384643555 85.1199951171875 49.69517135620117
			vertex 6.8571977615356445 85.1199951171875 49.69517135620117
		endloop
	endfacet
	facet normal -0.9937120922474001 0.11196552023410884 0
		outer loop
			vertex 7.3571977615356445 85.6199951171875 44.69517135620117
			vertex 7.344661712646484 85.50873565673828 49.69517135620117
			vertex 7.3571977615356445 85.6199951171875 49.69517135620117
		endloop
	endfacet
	facet normal -0.9438851770213218 0.3302737843054276 0
		outer loop
			vertex 7.344661712646484 85.50873565673828 44.69517135620117
			vertex 7.307682514190674 85.4030532836914 49.69517135620117
			vertex 7.344661712646484 85.50873565673828 49.69517135620117
		endloop
	endfacet
	facet normal -0.9937120922474001 0.11196552023410884 0
		outer loop
			vertex 7.344661712646484 85.50873565673828 44.69517135620117
			vertex 7.344661712646484 85.50873565673828 49.69517135620117
			vertex 7.3571977615356445 85.6199951171875 44.69517135620117
		endloop
	endfacet
	facet normal -0.8467229954705024 0.5320339922800605 0
		outer loop
			vertex 7.307682514190674 85.4030532836914 44.69517135620117
			vertex 7.248113632202148 85.3082504272461 49.69517135620117
			vertex 7.307682514190674 85.4030532836914 49.69517135620117
		endloop
	endfacet
	facet normal -0.9438851770213218 0.3302737843054276 0
		outer loop
			vertex 7.307682514190674 85.4030532836914 44.69517135620117
			vertex 7.307682514190674 85.4030532836914 49.69517135620117
			vertex 7.344661712646484 85.50873565673828 44.69517135620117
		endloop
	endfacet
	facet normal -0.7071046517605439 0.7071089106061386 0
		outer loop
			vertex 7.248113632202148 85.3082504272461 44.69517135620117
			vertex 7.168942928314209 85.22908020019531 49.69517135620117
			vertex 7.248113632202148 85.3082504272461 49.69517135620117
		endloop
	endfacet
	facet normal -0.8467229954705024 0.5320339922800605 0
		outer loop
			vertex 7.248113632202148 85.3082504272461 44.69517135620117
			vertex 7.248113632202148 85.3082504272461 49.69517135620117
			vertex 7.307682514190674 85.4030532836914 44.69517135620117
		endloop
	endfacet
	facet normal -0.5319942973288202 0.8467479362889613 0
		outer loop
			vertex 7.168942928314209 85.22908020019531 44.69517135620117
			vertex 7.0741400718688965 85.16951751708984 49.69517135620117
			vertex 7.168942928314209 85.22908020019531 49.69517135620117
		endloop
	endfacet
	facet normal -0.7071046517605439 0.7071089106061386 0
		outer loop
			vertex 7.168942928314209 85.22908020019531 44.69517135620117
			vertex 7.168942928314209 85.22908020019531 49.69517135620117
			vertex 7.248113632202148 85.3082504272461 44.69517135620117
		endloop
	endfacet
	facet normal -0.33028023386034194 0.9438829202401948 0
		outer loop
			vertex 7.0741400718688965 85.16951751708984 44.69517135620117
			vertex 6.968458652496338 85.13253784179688 49.69517135620117
			vertex 7.0741400718688965 85.16951751708984 49.69517135620117
		endloop
	endfacet
	facet normal -0.5319942973288202 0.8467479362889613 0
		outer loop
			vertex 7.0741400718688965 85.16951751708984 44.69517135620117
			vertex 7.0741400718688965 85.16951751708984 49.69517135620117
			vertex 7.168942928314209 85.22908020019531 44.69517135620117
		endloop
	endfacet
	facet normal -0.11202297401560804 0.9937056170177858 0
		outer loop
			vertex 6.968458652496338 85.13253784179688 44.69517135620117
			vertex 6.8571977615356445 85.1199951171875 49.69517135620117
			vertex 6.968458652496338 85.13253784179688 49.69517135620117
		endloop
	endfacet
	facet normal -0.33028023386034194 0.9438829202401948 0
		outer loop
			vertex 6.968458652496338 85.13253784179688 44.69517135620117
			vertex 6.968458652496338 85.13253784179688 49.69517135620117
			vertex 7.0741400718688965 85.16951751708984 44.69517135620117
		endloop
	endfacet
	facet normal -0.11202297401560804 0.9937056170177858 0
		outer loop
			vertex 6.8571977615356445 85.1199951171875 44.69517135620117
			vertex 6.8571977615356445 85.1199951171875 49.69517135620117
			vertex 6.968458652496338 85.13253784179688 44.69517135620117
		endloop
	endfacet
	facet normal -1 0 0
		outer loop
			vertex 7.3571977615356445 85.6199951171875 44.69517135620117
			vertex 7.3571977615356445 98.6199951171875 49.69517135620117
			vertex 7.3571977615356445 98.6199951171875 44.69517135620117
		endloop
	endfacet
	facet normal -1 0 0
		outer loop
			vertex 7.3571977615356445 85.6199951171875 44.69517135620117
			vertex 7.3571977615356445 85.6199951171875 49.69517135620117
			vertex 7.3571977615356445 98.6199951171875 49.69517135620117
		endloop
	endfacet
	facet normal -0.11195568785526697 -0.9937132000516318 0
		outer loop
			vertex 6.968458652496338 99.10746002197266 44.69517135620117
			vertex 6.8571977615356445 99.1199951171875 49.69517135620117
			vertex 6.8571977615356445 99.1199951171875 44.69517135620117
		endloop
	endfacet
	facet normal -0.11195568785526697 -0.9937132000516318 0
		outer loop
			vertex 6.968458652496338 99.10746002197266 44.69517135620117
			vertex 6.968458652496338 99.10746002197266 49.69517135620117
			vertex 6.8571977615356445 99.1199951171875 49.69517135620117
		endloop
	endfacet
	facet normal -0.33028023386034194 -0.9438829202401948 0
		outer loop
			vertex 6.968458652496338 99.10746002197266 44.69517135620117
			vertex 7.0741400718688965 99.07048034667969 49.69517135620117
			vertex 6.968458652496338 99.10746002197266 49.69517135620117
		endloop
	endfacet
	facet normal -0.33028023386034194 -0.9438829202401948 0
		outer loop
			vertex 7.0741400718688965 99.07048034667969 44.69517135620117
			vertex 7.0741400718688965 99.07048034667969 49.69517135620117
			vertex 6.968458652496338 99.10746002197266 44.69517135620117
		endloop
	endfacet
	facet normal -0.5320431521552974 -0.8467172398414096 0
		outer loop
			vertex 7.168942928314209 99.01091003417969 44.69517135620117
			vertex 7.168942928314209 99.01091003417969 49.69517135620117
			vertex 7.0741400718688965 99.07048034667969 49.69517135620117
		endloop
	endfacet
	facet normal -0.7071046517605439 -0.7071089106061386 0
		outer loop
			vertex 7.168942928314209 99.01091003417969 44.69517135620117
			vertex 7.248113632202148 98.9317398071289 49.69517135620117
			vertex 7.168942928314209 99.01091003417969 49.69517135620117
		endloop
	endfacet
	facet normal -0.5320431521552974 -0.8467172398414096 0
		outer loop
			vertex 7.168942928314209 99.01091003417969 44.69517135620117
			vertex 7.0741400718688965 99.07048034667969 49.69517135620117
			vertex 7.0741400718688965 99.07048034667969 44.69517135620117
		endloop
	endfacet
	facet normal -0.7071046517605439 -0.7071089106061386 0
		outer loop
			vertex 7.248113632202148 98.9317398071289 44.69517135620117
			vertex 7.248113632202148 98.9317398071289 49.69517135620117
			vertex 7.168942928314209 99.01091003417969 44.69517135620117
		endloop
	endfacet
	facet normal -0.8467229954705024 -0.5320339922800605 0
		outer loop
			vertex 7.307682514190674 98.8369369506836 44.69517135620117
			vertex 7.307682514190674 98.8369369506836 49.69517135620117
			vertex 7.248113632202148 98.9317398071289 49.69517135620117
		endloop
	endfacet
	facet normal -0.8467229954705024 -0.5320339922800605 0
		outer loop
			vertex 7.307682514190674 98.8369369506836 44.69517135620117
			vertex 7.248113632202148 98.9317398071289 49.69517135620117
			vertex 7.248113632202148 98.9317398071289 44.69517135620117
		endloop
	endfacet
	facet normal -0.9438851770213218 -0.3302737843054276 0
		outer loop
			vertex 7.344661712646484 98.73125457763672 44.69517135620117
			vertex 7.344661712646484 98.73125457763672 49.69517135620117
			vertex 7.307682514190674 98.8369369506836 49.69517135620117
		endloop
	endfacet
	facet normal -0.9937120922474001 -0.11196552023410884 0
		outer loop
			vertex 7.344661712646484 98.73125457763672 44.69517135620117
			vertex 7.3571977615356445 98.6199951171875 49.69517135620117
			vertex 7.344661712646484 98.73125457763672 49.69517135620117
		endloop
	endfacet
	facet normal -0.9438851770213218 -0.3302737843054276 0
		outer loop
			vertex 7.344661712646484 98.73125457763672 44.69517135620117
			vertex 7.307682514190674 98.8369369506836 49.69517135620117
			vertex 7.307682514190674 98.8369369506836 44.69517135620117
		endloop
	endfacet
	facet normal -0.9937120922474001 -0.11196552023410884 0
		outer loop
			vertex 7.3571977615356445 98.6199951171875 44.69517135620117
			vertex 7.3571977615356445 98.6199951171875 49.69517135620117
			vertex 7.344661712646484 98.73125457763672 44.69517135620117
		endloop
	endfacet
	facet normal -1 0 0
		outer loop
			vertex 26.399999618530273 110.6199951171875 44.69517135620117
			vertex 26.399999618530273 123.6199951171875 49.69517135620117
			vertex 26.399999618530273 123.6199951171875 44.69517135620117
		endloop
	endfacet
	facet normal -1 0 0
		outer loop
			vertex 26.399999618530273 110.6199951171875 44.69517135620117
			vertex 26.399999618530273 110.6199951171875 49.69517135620117
			vertex 26.399999618530273 123.6199951171875 49.69517135620117
		endloop
	endfacet
	facet normal -0.11195710927575692 -0.9937130399077072 0
		outer loop
			vertex 26.011259078979492 124.10746002197266 44.69517135620117
			vertex 25.899999618530273 124.1199951171875 49.69517135620117
			vertex 25.899999618530273 124.1199951171875 44.69517135620117
		endloop
	endfacet
	facet normal -0.11195710927575692 -0.9937130399077072 0
		outer loop
			vertex 26.011259078979492 124.10746002197266 44.69517135620117
			vertex 26.011259078979492 124.10746002197266 49.69517135620117
			vertex 25.899999618530273 124.1199951171875 49.69517135620117
		endloop
	endfacet
	facet normal -0.33027757853946615 -0.9438838493766629 0
		outer loop
			vertex 26.116941452026367 124.07048034667969 44.69517135620117
			vertex 26.116941452026367 124.07048034667969 49.69517135620117
			vertex 26.011259078979492 124.10746002197266 49.69517135620117
		endloop
	endfacet
	facet normal -0.5320431521552974 -0.8467172398414096 0
		outer loop
			vertex 26.116941452026367 124.07048034667969 44.69517135620117
			vertex 26.21174430847168 124.01091003417969 49.69517135620117
			vertex 26.116941452026367 124.07048034667969 49.69517135620117
		endloop
	endfacet
	facet normal -0.33027757853946615 -0.9438838493766629 0
		outer loop
			vertex 26.116941452026367 124.07048034667969 44.69517135620117
			vertex 26.011259078979492 124.10746002197266 49.69517135620117
			vertex 26.011259078979492 124.10746002197266 44.69517135620117
		endloop
	endfacet
	facet normal -0.5320431521552974 -0.8467172398414096 0
		outer loop
			vertex 26.21174430847168 124.01091003417969 44.69517135620117
			vertex 26.21174430847168 124.01091003417969 49.69517135620117
			vertex 26.116941452026367 124.07048034667969 44.69517135620117
		endloop
	endfacet
	facet normal -0.7071067811865476 -0.7071067811865476 0
		outer loop
			vertex 26.29091453552246 123.9317398071289 44.69517135620117
			vertex 26.29091453552246 123.9317398071289 49.69517135620117
			vertex 26.21174430847168 124.01091003417969 49.69517135620117
		endloop
	endfacet
	facet normal -0.7071067811865476 -0.7071067811865476 0
		outer loop
			vertex 26.29091453552246 123.9317398071289 44.69517135620117
			vertex 26.21174430847168 124.01091003417969 49.69517135620117
			vertex 26.21174430847168 124.01091003417969 44.69517135620117
		endloop
	endfacet
	facet normal -0.8467249140089014 -0.532030938946805 0
		outer loop
			vertex 26.350482940673828 123.8369369506836 44.69517135620117
			vertex 26.350482940673828 123.8369369506836 49.69517135620117
			vertex 26.29091453552246 123.9317398071289 49.69517135620117
		endloop
	endfacet
	facet normal -0.9438838493766629 -0.33027757853946615 0
		outer loop
			vertex 26.350482940673828 123.8369369506836 44.69517135620117
			vertex 26.387462615966797 123.73125457763672 49.69517135620117
			vertex 26.350482940673828 123.8369369506836 49.69517135620117
		endloop
	endfacet
	facet normal -0.8467249140089014 -0.532030938946805 0
		outer loop
			vertex 26.350482940673828 123.8369369506836 44.69517135620117
			vertex 26.29091453552246 123.9317398071289 49.69517135620117
			vertex 26.29091453552246 123.9317398071289 44.69517135620117
		endloop
	endfacet
	facet normal -0.9438838493766629 -0.33027757853946615 0
		outer loop
			vertex 26.387462615966797 123.73125457763672 44.69517135620117
			vertex 26.387462615966797 123.73125457763672 49.69517135620117
			vertex 26.350482940673828 123.8369369506836 44.69517135620117
		endloop
	endfacet
	facet normal -0.9937111445177091 -0.11197393116839646 0
		outer loop
			vertex 26.399999618530273 123.6199951171875 44.69517135620117
			vertex 26.399999618530273 123.6199951171875 49.69517135620117
			vertex 26.387462615966797 123.73125457763672 49.69517135620117
		endloop
	endfacet
	facet normal -0.9937111445177091 -0.11197393116839646 0
		outer loop
			vertex 26.399999618530273 123.6199951171875 44.69517135620117
			vertex 26.387462615966797 123.73125457763672 49.69517135620117
			vertex 26.387462615966797 123.73125457763672 44.69517135620117
		endloop
	endfacet
	facet normal 0 -1 0
		outer loop
			vertex 25.899999618530273 124.1199951171875 49.69517135620117
			vertex 12.907197952270508 124.1199951171875 49.69517135620117
			vertex 12.907197952270508 124.1199951171875 44.69517135620117
		endloop
	endfacet
	facet normal 0 -1 0
		outer loop
			vertex 25.899999618530273 124.1199951171875 44.69517135620117
			vertex 25.899999618530273 124.1199951171875 49.69517135620117
			vertex 12.907197952270508 124.1199951171875 44.69517135620117
		endloop
	endfacet
	facet normal 0.9937120922474001 -0.11196552023410884 0
		outer loop
			vertex 12.419734001159668 123.73125457763672 44.69517135620117
			vertex 12.407197952270508 123.6199951171875 49.69517135620117
			vertex 12.407197952270508 123.6199951171875 44.69517135620117
		endloop
	endfacet
	facet normal 0.9937120922474001 -0.11196552023410884 0
		outer loop
			vertex 12.419734001159668 123.73125457763672 44.69517135620117
			vertex 12.419734001159668 123.73125457763672 49.69517135620117
			vertex 12.407197952270508 123.6199951171875 49.69517135620117
		endloop
	endfacet
	facet normal 0.9438838493766629 -0.33027757853946615 0
		outer loop
			vertex 12.456713676452637 123.8369369506836 44.69517135620117
			vertex 12.456713676452637 123.8369369506836 49.69517135620117
			vertex 12.419734001159668 123.73125457763672 49.69517135620117
		endloop
	endfacet
	facet normal 0.9438838493766629 -0.33027757853946615 0
		outer loop
			vertex 12.456713676452637 123.8369369506836 44.69517135620117
			vertex 12.419734001159668 123.73125457763672 49.69517135620117
			vertex 12.419734001159668 123.73125457763672 44.69517135620117
		endloop
	endfacet
	facet normal 0.8467249140089014 -0.532030938946805 0
		outer loop
			vertex 12.516282081604004 123.9317398071289 44.69517135620117
			vertex 12.516282081604004 123.9317398071289 49.69517135620117
			vertex 12.456713676452637 123.8369369506836 49.69517135620117
		endloop
	endfacet
	facet normal 0.8467249140089014 -0.532030938946805 0
		outer loop
			vertex 12.516282081604004 123.9317398071289 44.69517135620117
			vertex 12.456713676452637 123.8369369506836 49.69517135620117
			vertex 12.456713676452637 123.8369369506836 44.69517135620117
		endloop
	endfacet
	facet normal 0.707102522340953 -0.7071110400064915 0
		outer loop
			vertex 12.595453262329102 124.01091003417969 44.69517135620117
			vertex 12.595453262329102 124.01091003417969 49.69517135620117
			vertex 12.516282081604004 123.9317398071289 49.69517135620117
		endloop
	endfacet
	facet normal 0.707102522340953 -0.7071110400064915 0
		outer loop
			vertex 12.595453262329102 124.01091003417969 44.69517135620117
			vertex 12.516282081604004 123.9317398071289 49.69517135620117
			vertex 12.516282081604004 123.9317398071289 44.69517135620117
		endloop
	endfacet
	facet normal 0.5320431521552974 -0.8467172398414096 0
		outer loop
			vertex 12.690256118774414 124.07048034667969 44.69517135620117
			vertex 12.690256118774414 124.07048034667969 49.69517135620117
			vertex 12.595453262329102 124.01091003417969 49.69517135620117
		endloop
	endfacet
	facet normal 0.5320431521552974 -0.8467172398414096 0
		outer loop
			vertex 12.690256118774414 124.07048034667969 44.69517135620117
			vertex 12.595453262329102 124.01091003417969 49.69517135620117
			vertex 12.595453262329102 124.01091003417969 44.69517135620117
		endloop
	endfacet
	facet normal 0.33028023386034194 -0.9438829202401948 0
		outer loop
			vertex 12.795937538146973 124.10746002197266 44.69517135620117
			vertex 12.795937538146973 124.10746002197266 49.69517135620117
			vertex 12.690256118774414 124.07048034667969 49.69517135620117
		endloop
	endfacet
	facet normal 0.33028023386034194 -0.9438829202401948 0
		outer loop
			vertex 12.795937538146973 124.10746002197266 44.69517135620117
			vertex 12.690256118774414 124.07048034667969 49.69517135620117
			vertex 12.690256118774414 124.07048034667969 44.69517135620117
		endloop
	endfacet
	facet normal 0.11195616165811205 -0.9937131466710013 0
		outer loop
			vertex 12.907197952270508 124.1199951171875 44.69517135620117
			vertex 12.907197952270508 124.1199951171875 49.69517135620117
			vertex 12.795937538146973 124.10746002197266 49.69517135620117
		endloop
	endfacet
	facet normal 0.11195616165811205 -0.9937131466710013 0
		outer loop
			vertex 12.907197952270508 124.1199951171875 44.69517135620117
			vertex 12.795937538146973 124.10746002197266 49.69517135620117
			vertex 12.795937538146973 124.10746002197266 44.69517135620117
		endloop
	endfacet
	facet normal 1 0 0
		outer loop
			vertex 12.407197952270508 123.6199951171875 49.69517135620117
			vertex 12.407197952270508 110.6199951171875 49.69517135620117
			vertex 12.407197952270508 110.6199951171875 44.69517135620117
		endloop
	endfacet
	facet normal 1 0 0
		outer loop
			vertex 12.407197952270508 123.6199951171875 44.69517135620117
			vertex 12.407197952270508 123.6199951171875 49.69517135620117
			vertex 12.407197952270508 110.6199951171875 44.69517135620117
		endloop
	endfacet
	facet normal 0.11202344809597643 0.9937055635733798 0
		outer loop
			vertex 12.795937538146973 110.13253784179688 44.69517135620117
			vertex 12.907197952270508 110.1199951171875 49.69517135620117
			vertex 12.907197952270508 110.1199951171875 44.69517135620117
		endloop
	endfacet
	facet normal 0.11202344809597643 0.9937055635733798 0
		outer loop
			vertex 12.795937538146973 110.13253784179688 44.69517135620117
			vertex 12.795937538146973 110.13253784179688 49.69517135620117
			vertex 12.907197952270508 110.1199951171875 49.69517135620117
		endloop
	endfacet
	facet normal 0.33028023386034194 0.9438829202401948 0
		outer loop
			vertex 12.690256118774414 110.16951751708984 44.69517135620117
			vertex 12.690256118774414 110.16951751708984 49.69517135620117
			vertex 12.795937538146973 110.13253784179688 49.69517135620117
		endloop
	endfacet
	facet normal 0.5319942973288202 0.8467479362889613 0
		outer loop
			vertex 12.690256118774414 110.16951751708984 44.69517135620117
			vertex 12.595453262329102 110.22908020019531 49.69517135620117
			vertex 12.690256118774414 110.16951751708984 49.69517135620117
		endloop
	endfacet
	facet normal 0.33028023386034194 0.9438829202401948 0
		outer loop
			vertex 12.690256118774414 110.16951751708984 44.69517135620117
			vertex 12.795937538146973 110.13253784179688 49.69517135620117
			vertex 12.795937538146973 110.13253784179688 44.69517135620117
		endloop
	endfacet
	facet normal 0.5319942973288202 0.8467479362889613 0
		outer loop
			vertex 12.595453262329102 110.22908020019531 44.69517135620117
			vertex 12.595453262329102 110.22908020019531 49.69517135620117
			vertex 12.690256118774414 110.16951751708984 44.69517135620117
		endloop
	endfacet
	facet normal 0.707102522340953 0.7071110400064915 0
		outer loop
			vertex 12.516282081604004 110.3082504272461 44.69517135620117
			vertex 12.516282081604004 110.3082504272461 49.69517135620117
			vertex 12.595453262329102 110.22908020019531 49.69517135620117
		endloop
	endfacet
	facet normal 0.707102522340953 0.7071110400064915 0
		outer loop
			vertex 12.516282081604004 110.3082504272461 44.69517135620117
			vertex 12.595453262329102 110.22908020019531 49.69517135620117
			vertex 12.595453262329102 110.22908020019531 44.69517135620117
		endloop
	endfacet
	facet normal 0.8467249140089014 0.532030938946805 0
		outer loop
			vertex 12.456713676452637 110.4030532836914 44.69517135620117
			vertex 12.456713676452637 110.4030532836914 49.69517135620117
			vertex 12.516282081604004 110.3082504272461 49.69517135620117
		endloop
	endfacet
	facet normal 0.9438838493766629 0.33027757853946615 0
		outer loop
			vertex 12.456713676452637 110.4030532836914 44.69517135620117
			vertex 12.419734001159668 110.50873565673828 49.69517135620117
			vertex 12.456713676452637 110.4030532836914 49.69517135620117
		endloop
	endfacet
	facet normal 0.8467249140089014 0.532030938946805 0
		outer loop
			vertex 12.456713676452637 110.4030532836914 44.69517135620117
			vertex 12.516282081604004 110.3082504272461 49.69517135620117
			vertex 12.516282081604004 110.3082504272461 44.69517135620117
		endloop
	endfacet
	facet normal 0.9438838493766629 0.33027757853946615 0
		outer loop
			vertex 12.419734001159668 110.50873565673828 44.69517135620117
			vertex 12.419734001159668 110.50873565673828 49.69517135620117
			vertex 12.456713676452637 110.4030532836914 44.69517135620117
		endloop
	endfacet
	facet normal 0.9937120922474001 0.11196552023410884 0
		outer loop
			vertex 12.407197952270508 110.6199951171875 44.69517135620117
			vertex 12.407197952270508 110.6199951171875 49.69517135620117
			vertex 12.419734001159668 110.50873565673828 49.69517135620117
		endloop
	endfacet
	facet normal 0.9937120922474001 0.11196552023410884 0
		outer loop
			vertex 12.407197952270508 110.6199951171875 44.69517135620117
			vertex 12.419734001159668 110.50873565673828 49.69517135620117
			vertex 12.419734001159668 110.50873565673828 44.69517135620117
		endloop
	endfacet
	facet normal 0 1 0
		outer loop
			vertex 12.907197952270508 110.1199951171875 44.69517135620117
			vertex 25.899999618530273 110.1199951171875 49.69517135620117
			vertex 25.899999618530273 110.1199951171875 44.69517135620117
		endloop
	endfacet
	facet normal 0 1 0
		outer loop
			vertex 12.907197952270508 110.1199951171875 44.69517135620117
			vertex 12.907197952270508 110.1199951171875 49.69517135620117
			vertex 25.899999618530273 110.1199951171875 49.69517135620117
		endloop
	endfacet
	facet normal -0.9937111445177091 0.11197393116839646 0
		outer loop
			vertex 26.387462615966797 110.50873565673828 44.69517135620117
			vertex 26.399999618530273 110.6199951171875 49.69517135620117
			vertex 26.399999618530273 110.6199951171875 44.69517135620117
		endloop
	endfacet
	facet normal -0.9937111445177091 0.11197393116839646 0
		outer loop
			vertex 26.387462615966797 110.50873565673828 44.69517135620117
			vertex 26.387462615966797 110.50873565673828 49.69517135620117
			vertex 26.399999618530273 110.6199951171875 49.69517135620117
		endloop
	endfacet
	facet normal -0.9438838493766629 0.33027757853946615 0
		outer loop
			vertex 26.350482940673828 110.4030532836914 44.69517135620117
			vertex 26.350482940673828 110.4030532836914 49.69517135620117
			vertex 26.387462615966797 110.50873565673828 49.69517135620117
		endloop
	endfacet
	facet normal -0.8467249140089014 0.532030938946805 0
		outer loop
			vertex 26.350482940673828 110.4030532836914 44.69517135620117
			vertex 26.29091453552246 110.3082504272461 49.69517135620117
			vertex 26.350482940673828 110.4030532836914 49.69517135620117
		endloop
	endfacet
	facet normal -0.9438838493766629 0.33027757853946615 0
		outer loop
			vertex 26.350482940673828 110.4030532836914 44.69517135620117
			vertex 26.387462615966797 110.50873565673828 49.69517135620117
			vertex 26.387462615966797 110.50873565673828 44.69517135620117
		endloop
	endfacet
	facet normal -0.8467249140089014 0.532030938946805 0
		outer loop
			vertex 26.29091453552246 110.3082504272461 44.69517135620117
			vertex 26.29091453552246 110.3082504272461 49.69517135620117
			vertex 26.350482940673828 110.4030532836914 44.69517135620117
		endloop
	endfacet
	facet normal -0.7071067811865476 0.7071067811865476 0
		outer loop
			vertex 26.21174430847168 110.22908020019531 44.69517135620117
			vertex 26.21174430847168 110.22908020019531 49.69517135620117
			vertex 26.29091453552246 110.3082504272461 49.69517135620117
		endloop
	endfacet
	facet normal -0.7071067811865476 0.7071067811865476 0
		outer loop
			vertex 26.21174430847168 110.22908020019531 44.69517135620117
			vertex 26.29091453552246 110.3082504272461 49.69517135620117
			vertex 26.29091453552246 110.3082504272461 44.69517135620117
		endloop
	endfacet
	facet normal -0.5319942973288202 0.8467479362889613 0
		outer loop
			vertex 26.116941452026367 110.16951751708984 44.69517135620117
			vertex 26.116941452026367 110.16951751708984 49.69517135620117
			vertex 26.21174430847168 110.22908020019531 49.69517135620117
		endloop
	endfacet
	facet normal -0.33027757853946615 0.9438838493766629 0
		outer loop
			vertex 26.116941452026367 110.16951751708984 44.69517135620117
			vertex 26.011259078979492 110.13253784179688 49.69517135620117
			vertex 26.116941452026367 110.16951751708984 49.69517135620117
		endloop
	endfacet
	facet normal -0.5319942973288202 0.8467479362889613 0
		outer loop
			vertex 26.116941452026367 110.16951751708984 44.69517135620117
			vertex 26.21174430847168 110.22908020019531 49.69517135620117
			vertex 26.21174430847168 110.22908020019531 44.69517135620117
		endloop
	endfacet
	facet normal -0.33027757853946615 0.9438838493766629 0
		outer loop
			vertex 26.011259078979492 110.13253784179688 44.69517135620117
			vertex 26.011259078979492 110.13253784179688 49.69517135620117
			vertex 26.116941452026367 110.16951751708984 44.69517135620117
		endloop
	endfacet
	facet normal -0.11202439626867464 0.9937054566825317 0
		outer loop
			vertex 25.899999618530273 110.1199951171875 44.69517135620117
			vertex 25.899999618530273 110.1199951171875 49.69517135620117
			vertex 26.011259078979492 110.13253784179688 49.69517135620117
		endloop
	endfacet
	facet normal -0.11202439626867464 0.9937054566825317 0
		outer loop
			vertex 25.899999618530273 110.1199951171875 44.69517135620117
			vertex 26.011259078979492 110.13253784179688 49.69517135620117
			vertex 26.011259078979492 110.13253784179688 44.69517135620117
		endloop
	endfacet
	facet normal 0 -1 0
		outer loop
			vertex 6.899999618530273 124.1199951171875 49.69517135620117
			vertex -6.092802047729492 124.1199951171875 49.69517135620117
			vertex -6.092802047729492 124.1199951171875 44.69517135620117
		endloop
	endfacet
	facet normal 0 -1 0
		outer loop
			vertex 6.899999618530273 124.1199951171875 44.69517135620117
			vertex 6.899999618530273 124.1199951171875 49.69517135620117
			vertex -6.092802047729492 124.1199951171875 44.69517135620117
		endloop
	endfacet
	facet normal 0.9937120922474001 -0.11196552023410884 0
		outer loop
			vertex -6.592802047729492 123.6199951171875 44.69517135620117
			vertex -6.580265998840332 123.73125457763672 49.69517135620117
			vertex -6.592802047729492 123.6199951171875 49.69517135620117
		endloop
	endfacet
	facet normal 0.9438838493766629 -0.33027757853946615 0
		outer loop
			vertex -6.580265998840332 123.73125457763672 44.69517135620117
			vertex -6.543286323547363 123.8369369506836 49.69517135620117
			vertex -6.580265998840332 123.73125457763672 49.69517135620117
		endloop
	endfacet
	facet normal 0.9937120922474001 -0.11196552023410884 0
		outer loop
			vertex -6.580265998840332 123.73125457763672 44.69517135620117
			vertex -6.580265998840332 123.73125457763672 49.69517135620117
			vertex -6.592802047729492 123.6199951171875 44.69517135620117
		endloop
	endfacet
	facet normal 0.8467249140089014 -0.532030938946805 0
		outer loop
			vertex -6.543286323547363 123.8369369506836 44.69517135620117
			vertex -6.483717918395996 123.9317398071289 49.69517135620117
			vertex -6.543286323547363 123.8369369506836 49.69517135620117
		endloop
	endfacet
	facet normal 0.9438838493766629 -0.33027757853946615 0
		outer loop
			vertex -6.543286323547363 123.8369369506836 44.69517135620117
			vertex -6.543286323547363 123.8369369506836 49.69517135620117
			vertex -6.580265998840332 123.73125457763672 44.69517135620117
		endloop
	endfacet
	facet normal 0.707102522340953 -0.7071110400064915 0
		outer loop
			vertex -6.483717918395996 123.9317398071289 44.69517135620117
			vertex -6.404546737670898 124.01091003417969 49.69517135620117
			vertex -6.483717918395996 123.9317398071289 49.69517135620117
		endloop
	endfacet
	facet normal 0.8467249140089014 -0.532030938946805 0
		outer loop
			vertex -6.483717918395996 123.9317398071289 44.69517135620117
			vertex -6.483717918395996 123.9317398071289 49.69517135620117
			vertex -6.543286323547363 123.8369369506836 44.69517135620117
		endloop
	endfacet
	facet normal 0.5320431521552974 -0.8467172398414096 0
		outer loop
			vertex -6.404546737670898 124.01091003417969 44.69517135620117
			vertex -6.309743881225586 124.07048034667969 49.69517135620117
			vertex -6.404546737670898 124.01091003417969 49.69517135620117
		endloop
	endfacet
	facet normal 0.707102522340953 -0.7071110400064915 0
		outer loop
			vertex -6.404546737670898 124.01091003417969 44.69517135620117
			vertex -6.404546737670898 124.01091003417969 49.69517135620117
			vertex -6.483717918395996 123.9317398071289 44.69517135620117
		endloop
	endfacet
	facet normal 0.33028023386034194 -0.9438829202401948 0
		outer loop
			vertex -6.309743881225586 124.07048034667969 44.69517135620117
			vertex -6.204062461853027 124.10746002197266 49.69517135620117
			vertex -6.309743881225586 124.07048034667969 49.69517135620117
		endloop
	endfacet
	facet normal 0.5320431521552974 -0.8467172398414096 0
		outer loop
			vertex -6.309743881225586 124.07048034667969 44.69517135620117
			vertex -6.309743881225586 124.07048034667969 49.69517135620117
			vertex -6.404546737670898 124.01091003417969 44.69517135620117
		endloop
	endfacet
	facet normal 0.11195616165811205 -0.9937131466710013 0
		outer loop
			vertex -6.204062461853027 124.10746002197266 44.69517135620117
			vertex -6.092802047729492 124.1199951171875 49.69517135620117
			vertex -6.204062461853027 124.10746002197266 49.69517135620117
		endloop
	endfacet
	facet normal 0.33028023386034194 -0.9438829202401948 0
		outer loop
			vertex -6.204062461853027 124.10746002197266 44.69517135620117
			vertex -6.204062461853027 124.10746002197266 49.69517135620117
			vertex -6.309743881225586 124.07048034667969 44.69517135620117
		endloop
	endfacet
	facet normal 0.11195616165811205 -0.9937131466710013 0
		outer loop
			vertex -6.092802047729492 124.1199951171875 44.69517135620117
			vertex -6.092802047729492 124.1199951171875 49.69517135620117
			vertex -6.204062461853027 124.10746002197266 44.69517135620117
		endloop
	endfacet
	facet normal 1 0 0
		outer loop
			vertex -6.592802047729492 123.6199951171875 49.69517135620117
			vertex -6.592802047729492 110.6199951171875 49.69517135620117
			vertex -6.592802047729492 110.6199951171875 44.69517135620117
		endloop
	endfacet
	facet normal 1 0 0
		outer loop
			vertex -6.592802047729492 123.6199951171875 44.69517135620117
			vertex -6.592802047729492 123.6199951171875 49.69517135620117
			vertex -6.592802047729492 110.6199951171875 44.69517135620117
		endloop
	endfacet
	facet normal 0.11202344809597643 0.9937055635733798 0
		outer loop
			vertex -6.204062461853027 110.13253784179688 44.69517135620117
			vertex -6.092802047729492 110.1199951171875 49.69517135620117
			vertex -6.092802047729492 110.1199951171875 44.69517135620117
		endloop
	endfacet
	facet normal 0.11202344809597643 0.9937055635733798 0
		outer loop
			vertex -6.204062461853027 110.13253784179688 44.69517135620117
			vertex -6.204062461853027 110.13253784179688 49.69517135620117
			vertex -6.092802047729492 110.1199951171875 49.69517135620117
		endloop
	endfacet
	facet normal 0.33028023386034194 0.9438829202401948 0
		outer loop
			vertex -6.309743881225586 110.16951751708984 44.69517135620117
			vertex -6.309743881225586 110.16951751708984 49.69517135620117
			vertex -6.204062461853027 110.13253784179688 49.69517135620117
		endloop
	endfacet
	facet normal 0.33028023386034194 0.9438829202401948 0
		outer loop
			vertex -6.309743881225586 110.16951751708984 44.69517135620117
			vertex -6.204062461853027 110.13253784179688 49.69517135620117
			vertex -6.204062461853027 110.13253784179688 44.69517135620117
		endloop
	endfacet
	facet normal 0.5319942973288202 0.8467479362889613 0
		outer loop
			vertex -6.404546737670898 110.22908020019531 44.69517135620117
			vertex -6.404546737670898 110.22908020019531 49.69517135620117
			vertex -6.309743881225586 110.16951751708984 49.69517135620117
		endloop
	endfacet
	facet normal 0.5319942973288202 0.8467479362889613 0
		outer loop
			vertex -6.404546737670898 110.22908020019531 44.69517135620117
			vertex -6.309743881225586 110.16951751708984 49.69517135620117
			vertex -6.309743881225586 110.16951751708984 44.69517135620117
		endloop
	endfacet
	facet normal 0.707102522340953 0.7071110400064915 0
		outer loop
			vertex -6.483717918395996 110.3082504272461 44.69517135620117
			vertex -6.483717918395996 110.3082504272461 49.69517135620117
			vertex -6.404546737670898 110.22908020019531 49.69517135620117
		endloop
	endfacet
	facet normal 0.707102522340953 0.7071110400064915 0
		outer loop
			vertex -6.483717918395996 110.3082504272461 44.69517135620117
			vertex -6.404546737670898 110.22908020019531 49.69517135620117
			vertex -6.404546737670898 110.22908020019531 44.69517135620117
		endloop
	endfacet
	facet normal 0.8467249140089014 0.532030938946805 0
		outer loop
			vertex -6.543286323547363 110.4030532836914 44.69517135620117
			vertex -6.543286323547363 110.4030532836914 49.69517135620117
			vertex -6.483717918395996 110.3082504272461 49.69517135620117
		endloop
	endfacet
	facet normal 0.8467249140089014 0.532030938946805 0
		outer loop
			vertex -6.543286323547363 110.4030532836914 44.69517135620117
			vertex -6.483717918395996 110.3082504272461 49.69517135620117
			vertex -6.483717918395996 110.3082504272461 44.69517135620117
		endloop
	endfacet
	facet normal 0.9438838493766629 0.33027757853946615 0
		outer loop
			vertex -6.580265998840332 110.50873565673828 44.69517135620117
			vertex -6.580265998840332 110.50873565673828 49.69517135620117
			vertex -6.543286323547363 110.4030532836914 49.69517135620117
		endloop
	endfacet
	facet normal 0.9438838493766629 0.33027757853946615 0
		outer loop
			vertex -6.580265998840332 110.50873565673828 44.69517135620117
			vertex -6.543286323547363 110.4030532836914 49.69517135620117
			vertex -6.543286323547363 110.4030532836914 44.69517135620117
		endloop
	endfacet
	facet normal 0.9937120922474001 0.11196552023410884 0
		outer loop
			vertex -6.592802047729492 110.6199951171875 44.69517135620117
			vertex -6.592802047729492 110.6199951171875 49.69517135620117
			vertex -6.580265998840332 110.50873565673828 49.69517135620117
		endloop
	endfacet
	facet normal 0.9937120922474001 0.11196552023410884 0
		outer loop
			vertex -6.592802047729492 110.6199951171875 44.69517135620117
			vertex -6.580265998840332 110.50873565673828 49.69517135620117
			vertex -6.580265998840332 110.50873565673828 44.69517135620117
		endloop
	endfacet
	facet normal 0 1 0
		outer loop
			vertex -6.092802047729492 110.1199951171875 44.69517135620117
			vertex 6.899999618530273 110.1199951171875 49.69517135620117
			vertex 6.899999618530273 110.1199951171875 44.69517135620117
		endloop
	endfacet
	facet normal 0 1 0
		outer loop
			vertex -6.092802047729492 110.1199951171875 44.69517135620117
			vertex -6.092802047729492 110.1199951171875 49.69517135620117
			vertex 6.899999618530273 110.1199951171875 49.69517135620117
		endloop
	endfacet
	facet normal -0.9937120922474001 0.11196552023410884 0
		outer loop
			vertex 7.387463569641113 110.50873565673828 44.69517135620117
			vertex 7.399999618530273 110.6199951171875 49.69517135620117
			vertex 7.399999618530273 110.6199951171875 44.69517135620117
		endloop
	endfacet
	facet normal -0.9937120922474001 0.11196552023410884 0
		outer loop
			vertex 7.387463569641113 110.50873565673828 44.69517135620117
			vertex 7.387463569641113 110.50873565673828 49.69517135620117
			vertex 7.399999618530273 110.6199951171875 49.69517135620117
		endloop
	endfacet
	facet normal -0.9438838493766629 0.33027757853946615 0
		outer loop
			vertex 7.3504838943481445 110.4030532836914 44.69517135620117
			vertex 7.3504838943481445 110.4030532836914 49.69517135620117
			vertex 7.387463569641113 110.50873565673828 49.69517135620117
		endloop
	endfacet
	facet normal -0.8467229954705024 0.5320339922800605 0
		outer loop
			vertex 7.3504838943481445 110.4030532836914 44.69517135620117
			vertex 7.290915012359619 110.3082504272461 49.69517135620117
			vertex 7.3504838943481445 110.4030532836914 49.69517135620117
		endloop
	endfacet
	facet normal -0.9438838493766629 0.33027757853946615 0
		outer loop
			vertex 7.3504838943481445 110.4030532836914 44.69517135620117
			vertex 7.387463569641113 110.50873565673828 49.69517135620117
			vertex 7.387463569641113 110.50873565673828 44.69517135620117
		endloop
	endfacet
	facet normal -0.8467229954705024 0.5320339922800605 0
		outer loop
			vertex 7.290915012359619 110.3082504272461 44.69517135620117
			vertex 7.290915012359619 110.3082504272461 49.69517135620117
			vertex 7.3504838943481445 110.4030532836914 44.69517135620117
		endloop
	endfacet
	facet normal -0.7071046517605439 0.7071089106061386 0
		outer loop
			vertex 7.21174430847168 110.22908020019531 44.69517135620117
			vertex 7.21174430847168 110.22908020019531 49.69517135620117
			vertex 7.290915012359619 110.3082504272461 49.69517135620117
		endloop
	endfacet
	facet normal -0.7071046517605439 0.7071089106061386 0
		outer loop
			vertex 7.21174430847168 110.22908020019531 44.69517135620117
			vertex 7.290915012359619 110.3082504272461 49.69517135620117
			vertex 7.290915012359619 110.3082504272461 44.69517135620117
		endloop
	endfacet
	facet normal -0.5319942973288202 0.8467479362889613 0
		outer loop
			vertex 7.116941452026367 110.16951751708984 44.69517135620117
			vertex 7.116941452026367 110.16951751708984 49.69517135620117
			vertex 7.21174430847168 110.22908020019531 49.69517135620117
		endloop
	endfacet
	facet normal -0.33028023386034194 0.9438829202401948 0
		outer loop
			vertex 7.116941452026367 110.16951751708984 44.69517135620117
			vertex 7.011260032653809 110.13253784179688 49.69517135620117
			vertex 7.116941452026367 110.16951751708984 49.69517135620117
		endloop
	endfacet
	facet normal -0.5319942973288202 0.8467479362889613 0
		outer loop
			vertex 7.116941452026367 110.16951751708984 44.69517135620117
			vertex 7.21174430847168 110.22908020019531 49.69517135620117
			vertex 7.21174430847168 110.22908020019531 44.69517135620117
		endloop
	endfacet
	facet normal -0.33028023386034194 0.9438829202401948 0
		outer loop
			vertex 7.011260032653809 110.13253784179688 44.69517135620117
			vertex 7.011260032653809 110.13253784179688 49.69517135620117
			vertex 7.116941452026367 110.16951751708984 44.69517135620117
		endloop
	endfacet
	facet normal -0.11202344809597643 0.9937055635733798 0
		outer loop
			vertex 6.899999618530273 110.1199951171875 44.69517135620117
			vertex 6.899999618530273 110.1199951171875 49.69517135620117
			vertex 7.011260032653809 110.13253784179688 49.69517135620117
		endloop
	endfacet
	facet normal -0.11202344809597643 0.9937055635733798 0
		outer loop
			vertex 6.899999618530273 110.1199951171875 44.69517135620117
			vertex 7.011260032653809 110.13253784179688 49.69517135620117
			vertex 7.011260032653809 110.13253784179688 44.69517135620117
		endloop
	endfacet
	facet normal -1 0 0
		outer loop
			vertex 7.399999618530273 110.6199951171875 44.69517135620117
			vertex 7.399999618530273 123.6199951171875 49.69517135620117
			vertex 7.399999618530273 123.6199951171875 44.69517135620117
		endloop
	endfacet
	facet normal -1 0 0
		outer loop
			vertex 7.399999618530273 110.6199951171875 44.69517135620117
			vertex 7.399999618530273 110.6199951171875 49.69517135620117
			vertex 7.399999618530273 123.6199951171875 49.69517135620117
		endloop
	endfacet
	facet normal -0.11195616165811205 -0.9937131466710013 0
		outer loop
			vertex 7.011260032653809 124.10746002197266 44.69517135620117
			vertex 6.899999618530273 124.1199951171875 49.69517135620117
			vertex 6.899999618530273 124.1199951171875 44.69517135620117
		endloop
	endfacet
	facet normal -0.11195616165811205 -0.9937131466710013 0
		outer loop
			vertex 7.011260032653809 124.10746002197266 44.69517135620117
			vertex 7.011260032653809 124.10746002197266 49.69517135620117
			vertex 6.899999618530273 124.1199951171875 49.69517135620117
		endloop
	endfacet
	facet normal -0.33028023386034194 -0.9438829202401948 0
		outer loop
			vertex 7.116941452026367 124.07048034667969 44.69517135620117
			vertex 7.116941452026367 124.07048034667969 49.69517135620117
			vertex 7.011260032653809 124.10746002197266 49.69517135620117
		endloop
	endfacet
	facet normal -0.5320431521552974 -0.8467172398414096 0
		outer loop
			vertex 7.116941452026367 124.07048034667969 44.69517135620117
			vertex 7.21174430847168 124.01091003417969 49.69517135620117
			vertex 7.116941452026367 124.07048034667969 49.69517135620117
		endloop
	endfacet
	facet normal -0.33028023386034194 -0.9438829202401948 0
		outer loop
			vertex 7.116941452026367 124.07048034667969 44.69517135620117
			vertex 7.011260032653809 124.10746002197266 49.69517135620117
			vertex 7.011260032653809 124.10746002197266 44.69517135620117
		endloop
	endfacet
	facet normal -0.5320431521552974 -0.8467172398414096 0
		outer loop
			vertex 7.21174430847168 124.01091003417969 44.69517135620117
			vertex 7.21174430847168 124.01091003417969 49.69517135620117
			vertex 7.116941452026367 124.07048034667969 44.69517135620117
		endloop
	endfacet
	facet normal -0.7071046517605439 -0.7071089106061386 0
		outer loop
			vertex 7.290915012359619 123.9317398071289 44.69517135620117
			vertex 7.290915012359619 123.9317398071289 49.69517135620117
			vertex 7.21174430847168 124.01091003417969 49.69517135620117
		endloop
	endfacet
	facet normal -0.7071046517605439 -0.7071089106061386 0
		outer loop
			vertex 7.290915012359619 123.9317398071289 44.69517135620117
			vertex 7.21174430847168 124.01091003417969 49.69517135620117
			vertex 7.21174430847168 124.01091003417969 44.69517135620117
		endloop
	endfacet
	facet normal -0.8467229954705024 -0.5320339922800605 0
		outer loop
			vertex 7.3504838943481445 123.8369369506836 44.69517135620117
			vertex 7.3504838943481445 123.8369369506836 49.69517135620117
			vertex 7.290915012359619 123.9317398071289 49.69517135620117
		endloop
	endfacet
	facet normal -0.9438838493766629 -0.33027757853946615 0
		outer loop
			vertex 7.3504838943481445 123.8369369506836 44.69517135620117
			vertex 7.387463569641113 123.73125457763672 49.69517135620117
			vertex 7.3504838943481445 123.8369369506836 49.69517135620117
		endloop
	endfacet
	facet normal -0.8467229954705024 -0.5320339922800605 0
		outer loop
			vertex 7.3504838943481445 123.8369369506836 44.69517135620117
			vertex 7.290915012359619 123.9317398071289 49.69517135620117
			vertex 7.290915012359619 123.9317398071289 44.69517135620117
		endloop
	endfacet
	facet normal -0.9438838493766629 -0.33027757853946615 0
		outer loop
			vertex 7.387463569641113 123.73125457763672 44.69517135620117
			vertex 7.387463569641113 123.73125457763672 49.69517135620117
			vertex 7.3504838943481445 123.8369369506836 44.69517135620117
		endloop
	endfacet
	facet normal -0.9937120922474001 -0.11196552023410884 0
		outer loop
			vertex 7.399999618530273 123.6199951171875 44.69517135620117
			vertex 7.399999618530273 123.6199951171875 49.69517135620117
			vertex 7.387463569641113 123.73125457763672 49.69517135620117
		endloop
	endfacet
	facet normal -0.9937120922474001 -0.11196552023410884 0
		outer loop
			vertex 7.399999618530273 123.6199951171875 44.69517135620117
			vertex 7.387463569641113 123.73125457763672 49.69517135620117
			vertex 7.387463569641113 123.73125457763672 44.69517135620117
		endloop
	endfacet
	facet normal 1 0 0
		outer loop
			vertex -25.700000762939453 98.6199951171875 49.69517135620117
			vertex -25.700000762939453 85.6199951171875 49.69517135620117
			vertex -25.700000762939453 85.6199951171875 44.69517135620117
		endloop
	endfacet
	facet normal 1 0 0
		outer loop
			vertex -25.700000762939453 98.6199951171875 44.69517135620117
			vertex -25.700000762939453 98.6199951171875 49.69517135620117
			vertex -25.700000762939453 85.6199951171875 44.69517135620117
		endloop
	endfacet
	facet normal 0.11202439626867464 0.9937054566825317 0
		outer loop
			vertex -25.311260223388672 85.13253784179688 44.69517135620117
			vertex -25.200000762939453 85.1199951171875 49.69517135620117
			vertex -25.200000762939453 85.1199951171875 44.69517135620117
		endloop
	endfacet
	facet normal 0.11202439626867464 0.9937054566825317 0
		outer loop
			vertex -25.311260223388672 85.13253784179688 44.69517135620117
			vertex -25.311260223388672 85.13253784179688 49.69517135620117
			vertex -25.200000762939453 85.1199951171875 49.69517135620117
		endloop
	endfacet
	facet normal 0.33027757853946615 0.9438838493766629 0
		outer loop
			vertex -25.416942596435547 85.16951751708984 44.69517135620117
			vertex -25.416942596435547 85.16951751708984 49.69517135620117
			vertex -25.311260223388672 85.13253784179688 49.69517135620117
		endloop
	endfacet
	facet normal 0.5319942973288202 0.8467479362889613 0
		outer loop
			vertex -25.416942596435547 85.16951751708984 44.69517135620117
			vertex -25.51174545288086 85.22908020019531 49.69517135620117
			vertex -25.416942596435547 85.16951751708984 49.69517135620117
		endloop
	endfacet
	facet normal 0.33027757853946615 0.9438838493766629 0
		outer loop
			vertex -25.416942596435547 85.16951751708984 44.69517135620117
			vertex -25.311260223388672 85.13253784179688 49.69517135620117
			vertex -25.311260223388672 85.13253784179688 44.69517135620117
		endloop
	endfacet
	facet normal 0.5319942973288202 0.8467479362889613 0
		outer loop
			vertex -25.51174545288086 85.22908020019531 44.69517135620117
			vertex -25.51174545288086 85.22908020019531 49.69517135620117
			vertex -25.416942596435547 85.16951751708984 44.69517135620117
		endloop
	endfacet
	facet normal 0.7071067811865476 0.7071067811865476 0
		outer loop
			vertex -25.59091567993164 85.3082504272461 44.69517135620117
			vertex -25.59091567993164 85.3082504272461 49.69517135620117
			vertex -25.51174545288086 85.22908020019531 49.69517135620117
		endloop
	endfacet
	facet normal 0.7071067811865476 0.7071067811865476 0
		outer loop
			vertex -25.59091567993164 85.3082504272461 44.69517135620117
			vertex -25.51174545288086 85.22908020019531 49.69517135620117
			vertex -25.51174545288086 85.22908020019531 44.69517135620117
		endloop
	endfacet
	facet normal 0.8467249140089014 0.532030938946805 0
		outer loop
			vertex -25.650484085083008 85.4030532836914 44.69517135620117
			vertex -25.650484085083008 85.4030532836914 49.69517135620117
			vertex -25.59091567993164 85.3082504272461 49.69517135620117
		endloop
	endfacet
	facet normal 0.9438838493766629 0.33027757853946615 0
		outer loop
			vertex -25.650484085083008 85.4030532836914 44.69517135620117
			vertex -25.687463760375977 85.50873565673828 49.69517135620117
			vertex -25.650484085083008 85.4030532836914 49.69517135620117
		endloop
	endfacet
	facet normal 0.8467249140089014 0.532030938946805 0
		outer loop
			vertex -25.650484085083008 85.4030532836914 44.69517135620117
			vertex -25.59091567993164 85.3082504272461 49.69517135620117
			vertex -25.59091567993164 85.3082504272461 44.69517135620117
		endloop
	endfacet
	facet normal 0.9438838493766629 0.33027757853946615 0
		outer loop
			vertex -25.687463760375977 85.50873565673828 44.69517135620117
			vertex -25.687463760375977 85.50873565673828 49.69517135620117
			vertex -25.650484085083008 85.4030532836914 44.69517135620117
		endloop
	endfacet
	facet normal 0.9937111445177091 0.11197393116839646 0
		outer loop
			vertex -25.700000762939453 85.6199951171875 44.69517135620117
			vertex -25.700000762939453 85.6199951171875 49.69517135620117
			vertex -25.687463760375977 85.50873565673828 49.69517135620117
		endloop
	endfacet
	facet normal 0.9937111445177091 0.11197393116839646 0
		outer loop
			vertex -25.700000762939453 85.6199951171875 44.69517135620117
			vertex -25.687463760375977 85.50873565673828 49.69517135620117
			vertex -25.687463760375977 85.50873565673828 44.69517135620117
		endloop
	endfacet
	facet normal 0 1 0
		outer loop
			vertex -25.200000762939453 85.1199951171875 44.69517135620117
			vertex -12.192802429199219 85.1199951171875 49.69517135620117
			vertex -12.192802429199219 85.1199951171875 44.69517135620117
		endloop
	endfacet
	facet normal 0 1 0
		outer loop
			vertex -25.200000762939453 85.1199951171875 44.69517135620117
			vertex -25.200000762939453 85.1199951171875 49.69517135620117
			vertex -12.192802429199219 85.1199951171875 49.69517135620117
		endloop
	endfacet
	facet normal -0.9937120922474001 0.11196552023410884 0
		outer loop
			vertex -11.705338478088379 85.50873565673828 44.69517135620117
			vertex -11.692802429199219 85.6199951171875 49.69517135620117
			vertex -11.692802429199219 85.6199951171875 44.69517135620117
		endloop
	endfacet
	facet normal -0.9937120922474001 0.11196552023410884 0
		outer loop
			vertex -11.705338478088379 85.50873565673828 44.69517135620117
			vertex -11.705338478088379 85.50873565673828 49.69517135620117
			vertex -11.692802429199219 85.6199951171875 49.69517135620117
		endloop
	endfacet
	facet normal -0.9438865046544634 0.33026999005537844 0
		outer loop
			vertex -11.742317199707031 85.4030532836914 44.69517135620117
			vertex -11.742317199707031 85.4030532836914 49.69517135620117
			vertex -11.705338478088379 85.50873565673828 49.69517135620117
		endloop
	endfacet
	facet normal -0.9438865046544634 0.33026999005537844 0
		outer loop
			vertex -11.742317199707031 85.4030532836914 44.69517135620117
			vertex -11.705338478088379 85.50873565673828 49.69517135620117
			vertex -11.705338478088379 85.50873565673828 44.69517135620117
		endloop
	endfacet
	facet normal -0.8467210769297876 0.5320370455925612 0
		outer loop
			vertex -11.801886558532715 85.3082504272461 44.69517135620117
			vertex -11.801886558532715 85.3082504272461 49.69517135620117
			vertex -11.742317199707031 85.4030532836914 49.69517135620117
		endloop
	endfacet
	facet normal -0.8467210769297876 0.5320370455925612 0
		outer loop
			vertex -11.801886558532715 85.3082504272461 44.69517135620117
			vertex -11.742317199707031 85.4030532836914 49.69517135620117
			vertex -11.742317199707031 85.4030532836914 44.69517135620117
		endloop
	endfacet
	facet normal -0.7071067811865476 0.7071067811865476 0
		outer loop
			vertex -11.881056785583496 85.22908020019531 44.69517135620117
			vertex -11.881056785583496 85.22908020019531 49.69517135620117
			vertex -11.801886558532715 85.3082504272461 49.69517135620117
		endloop
	endfacet
	facet normal -0.7071067811865476 0.7071067811865476 0
		outer loop
			vertex -11.881056785583496 85.22908020019531 44.69517135620117
			vertex -11.801886558532715 85.3082504272461 49.69517135620117
			vertex -11.801886558532715 85.3082504272461 44.69517135620117
		endloop
	endfacet
	facet normal -0.5319904603321686 0.8467503469828446 0
		outer loop
			vertex -11.975860595703125 85.16951751708984 44.69517135620117
			vertex -11.975860595703125 85.16951751708984 49.69517135620117
			vertex -11.881056785583496 85.22908020019531 49.69517135620117
		endloop
	endfacet
	facet normal -0.5319904603321686 0.8467503469828446 0
		outer loop
			vertex -11.975860595703125 85.16951751708984 44.69517135620117
			vertex -11.881056785583496 85.22908020019531 49.69517135620117
			vertex -11.881056785583496 85.22908020019531 44.69517135620117
		endloop
	endfacet
	facet normal -0.33028023386034194 0.9438829202401948 0
		outer loop
			vertex -12.081542015075684 85.13253784179688 44.69517135620117
			vertex -12.081542015075684 85.13253784179688 49.69517135620117
			vertex -11.975860595703125 85.16951751708984 49.69517135620117
		endloop
	endfacet
	facet normal -0.33028023386034194 0.9438829202401948 0
		outer loop
			vertex -12.081542015075684 85.13253784179688 44.69517135620117
			vertex -11.975860595703125 85.16951751708984 49.69517135620117
			vertex -11.975860595703125 85.16951751708984 44.69517135620117
		endloop
	endfacet
	facet normal -0.11202344809597643 0.9937055635733798 0
		outer loop
			vertex -12.192802429199219 85.1199951171875 44.69517135620117
			vertex -12.192802429199219 85.1199951171875 49.69517135620117
			vertex -12.081542015075684 85.13253784179688 49.69517135620117
		endloop
	endfacet
	facet normal -0.11202344809597643 0.9937055635733798 0
		outer loop
			vertex -12.192802429199219 85.1199951171875 44.69517135620117
			vertex -12.081542015075684 85.13253784179688 49.69517135620117
			vertex -12.081542015075684 85.13253784179688 44.69517135620117
		endloop
	endfacet
	facet normal -1 0 0
		outer loop
			vertex -11.692802429199219 85.6199951171875 44.69517135620117
			vertex -11.692802429199219 98.6199951171875 49.69517135620117
			vertex -11.692802429199219 98.6199951171875 44.69517135620117
		endloop
	endfacet
	facet normal -1 0 0
		outer loop
			vertex -11.692802429199219 85.6199951171875 44.69517135620117
			vertex -11.692802429199219 85.6199951171875 49.69517135620117
			vertex -11.692802429199219 98.6199951171875 49.69517135620117
		endloop
	endfacet
	facet normal -0.11195616165811205 -0.9937131466710013 0
		outer loop
			vertex -12.081542015075684 99.10746002197266 44.69517135620117
			vertex -12.192802429199219 99.1199951171875 49.69517135620117
			vertex -12.192802429199219 99.1199951171875 44.69517135620117
		endloop
	endfacet
	facet normal -0.11195616165811205 -0.9937131466710013 0
		outer loop
			vertex -12.081542015075684 99.10746002197266 44.69517135620117
			vertex -12.081542015075684 99.10746002197266 49.69517135620117
			vertex -12.192802429199219 99.1199951171875 49.69517135620117
		endloop
	endfacet
	facet normal -0.33028023386034194 -0.9438829202401948 0
		outer loop
			vertex -11.975860595703125 99.07048034667969 44.69517135620117
			vertex -11.975860595703125 99.07048034667969 49.69517135620117
			vertex -12.081542015075684 99.10746002197266 49.69517135620117
		endloop
	endfacet
	facet normal -0.5320393150844978 -0.8467196508906705 0
		outer loop
			vertex -11.975860595703125 99.07048034667969 44.69517135620117
			vertex -11.881056785583496 99.01091003417969 49.69517135620117
			vertex -11.975860595703125 99.07048034667969 49.69517135620117
		endloop
	endfacet
	facet normal -0.33028023386034194 -0.9438829202401948 0
		outer loop
			vertex -11.975860595703125 99.07048034667969 44.69517135620117
			vertex -12.081542015075684 99.10746002197266 49.69517135620117
			vertex -12.081542015075684 99.10746002197266 44.69517135620117
		endloop
	endfacet
	facet normal -0.5320393150844978 -0.8467196508906705 0
		outer loop
			vertex -11.881056785583496 99.01091003417969 44.69517135620117
			vertex -11.881056785583496 99.01091003417969 49.69517135620117
			vertex -11.975860595703125 99.07048034667969 44.69517135620117
		endloop
	endfacet
	facet normal -0.7071067811865476 -0.7071067811865476 0
		outer loop
			vertex -11.801886558532715 98.9317398071289 44.69517135620117
			vertex -11.801886558532715 98.9317398071289 49.69517135620117
			vertex -11.881056785583496 99.01091003417969 49.69517135620117
		endloop
	endfacet
	facet normal -0.7071067811865476 -0.7071067811865476 0
		outer loop
			vertex -11.801886558532715 98.9317398071289 44.69517135620117
			vertex -11.881056785583496 99.01091003417969 49.69517135620117
			vertex -11.881056785583496 99.01091003417969 44.69517135620117
		endloop
	endfacet
	facet normal -0.8467210769297876 -0.5320370455925612 0
		outer loop
			vertex -11.742317199707031 98.8369369506836 44.69517135620117
			vertex -11.742317199707031 98.8369369506836 49.69517135620117
			vertex -11.801886558532715 98.9317398071289 49.69517135620117
		endloop
	endfacet
	facet normal -0.9438865046544634 -0.33026999005537844 0
		outer loop
			vertex -11.742317199707031 98.8369369506836 44.69517135620117
			vertex -11.705338478088379 98.73125457763672 49.69517135620117
			vertex -11.742317199707031 98.8369369506836 49.69517135620117
		endloop
	endfacet
	facet normal -0.8467210769297876 -0.5320370455925612 0
		outer loop
			vertex -11.742317199707031 98.8369369506836 44.69517135620117
			vertex -11.801886558532715 98.9317398071289 49.69517135620117
			vertex -11.801886558532715 98.9317398071289 44.69517135620117
		endloop
	endfacet
	facet normal -0.9438865046544634 -0.33026999005537844 0
		outer loop
			vertex -11.705338478088379 98.73125457763672 44.69517135620117
			vertex -11.705338478088379 98.73125457763672 49.69517135620117
			vertex -11.742317199707031 98.8369369506836 44.69517135620117
		endloop
	endfacet
	facet normal -0.9937120922474001 -0.11196552023410884 0
		outer loop
			vertex -11.692802429199219 98.6199951171875 44.69517135620117
			vertex -11.692802429199219 98.6199951171875 49.69517135620117
			vertex -11.705338478088379 98.73125457763672 49.69517135620117
		endloop
	endfacet
	facet normal -0.9937120922474001 -0.11196552023410884 0
		outer loop
			vertex -11.692802429199219 98.6199951171875 44.69517135620117
			vertex -11.705338478088379 98.73125457763672 49.69517135620117
			vertex -11.705338478088379 98.73125457763672 44.69517135620117
		endloop
	endfacet
	facet normal 0 -1 0
		outer loop
			vertex -12.192802429199219 99.1199951171875 44.69517135620117
			vertex -25.200000762939453 99.1199951171875 49.69517135620117
			vertex -25.200000762939453 99.1199951171875 44.69517135620117
		endloop
	endfacet
	facet normal 0 -1 0
		outer loop
			vertex -12.192802429199219 99.1199951171875 44.69517135620117
			vertex -12.192802429199219 99.1199951171875 49.69517135620117
			vertex -25.200000762939453 99.1199951171875 49.69517135620117
		endloop
	endfacet
	facet normal 0.9937111445177091 -0.11197393116839646 0
		outer loop
			vertex -25.687463760375977 98.73125457763672 44.69517135620117
			vertex -25.700000762939453 98.6199951171875 49.69517135620117
			vertex -25.700000762939453 98.6199951171875 44.69517135620117
		endloop
	endfacet
	facet normal 0.9937111445177091 -0.11197393116839646 0
		outer loop
			vertex -25.687463760375977 98.73125457763672 44.69517135620117
			vertex -25.687463760375977 98.73125457763672 49.69517135620117
			vertex -25.700000762939453 98.6199951171875 49.69517135620117
		endloop
	endfacet
	facet normal 0.9438838493766629 -0.33027757853946615 0
		outer loop
			vertex -25.650484085083008 98.8369369506836 44.69517135620117
			vertex -25.650484085083008 98.8369369506836 49.69517135620117
			vertex -25.687463760375977 98.73125457763672 49.69517135620117
		endloop
	endfacet
	facet normal 0.8467249140089014 -0.532030938946805 0
		outer loop
			vertex -25.650484085083008 98.8369369506836 44.69517135620117
			vertex -25.59091567993164 98.9317398071289 49.69517135620117
			vertex -25.650484085083008 98.8369369506836 49.69517135620117
		endloop
	endfacet
	facet normal 0.9438838493766629 -0.33027757853946615 0
		outer loop
			vertex -25.650484085083008 98.8369369506836 44.69517135620117
			vertex -25.687463760375977 98.73125457763672 49.69517135620117
			vertex -25.687463760375977 98.73125457763672 44.69517135620117
		endloop
	endfacet
	facet normal 0.8467249140089014 -0.532030938946805 0
		outer loop
			vertex -25.59091567993164 98.9317398071289 44.69517135620117
			vertex -25.59091567993164 98.9317398071289 49.69517135620117
			vertex -25.650484085083008 98.8369369506836 44.69517135620117
		endloop
	endfacet
	facet normal 0.7071067811865476 -0.7071067811865476 0
		outer loop
			vertex -25.51174545288086 99.01091003417969 44.69517135620117
			vertex -25.51174545288086 99.01091003417969 49.69517135620117
			vertex -25.59091567993164 98.9317398071289 49.69517135620117
		endloop
	endfacet
	facet normal 0.7071067811865476 -0.7071067811865476 0
		outer loop
			vertex -25.51174545288086 99.01091003417969 44.69517135620117
			vertex -25.59091567993164 98.9317398071289 49.69517135620117
			vertex -25.59091567993164 98.9317398071289 44.69517135620117
		endloop
	endfacet
	facet normal 0.5320431521552974 -0.8467172398414096 0
		outer loop
			vertex -25.416942596435547 99.07048034667969 44.69517135620117
			vertex -25.416942596435547 99.07048034667969 49.69517135620117
			vertex -25.51174545288086 99.01091003417969 49.69517135620117
		endloop
	endfacet
	facet normal 0.33027757853946615 -0.9438838493766629 0
		outer loop
			vertex -25.416942596435547 99.07048034667969 44.69517135620117
			vertex -25.311260223388672 99.10746002197266 49.69517135620117
			vertex -25.416942596435547 99.07048034667969 49.69517135620117
		endloop
	endfacet
	facet normal 0.5320431521552974 -0.8467172398414096 0
		outer loop
			vertex -25.416942596435547 99.07048034667969 44.69517135620117
			vertex -25.51174545288086 99.01091003417969 49.69517135620117
			vertex -25.51174545288086 99.01091003417969 44.69517135620117
		endloop
	endfacet
	facet normal 0.33027757853946615 -0.9438838493766629 0
		outer loop
			vertex -25.311260223388672 99.10746002197266 44.69517135620117
			vertex -25.311260223388672 99.10746002197266 49.69517135620117
			vertex -25.416942596435547 99.07048034667969 44.69517135620117
		endloop
	endfacet
	facet normal 0.11195710927575692 -0.9937130399077072 0
		outer loop
			vertex -25.200000762939453 99.1199951171875 44.69517135620117
			vertex -25.200000762939453 99.1199951171875 49.69517135620117
			vertex -25.311260223388672 99.10746002197266 49.69517135620117
		endloop
	endfacet
	facet normal 0.11195710927575692 -0.9937130399077072 0
		outer loop
			vertex -25.200000762939453 99.1199951171875 44.69517135620117
			vertex -25.311260223388672 99.10746002197266 49.69517135620117
			vertex -25.311260223388672 99.10746002197266 44.69517135620117
		endloop
	endfacet
	facet normal -0.11196289037121163 -0.9937123885610586 0
		outer loop
			vertex -31.11260414123535 70.12535858154297 -0.304829478263855
			vertex -30 70 44.69517135620117
			vertex -31.11260414123535 70.12535858154297 44.69517135620117
		endloop
	endfacet
	facet normal -0.11196289037121163 -0.9937123885610586 0
		outer loop
			vertex -31.11260414123535 70.12535858154297 -0.304829478263855
			vertex -30 70 -0.304829478263855
			vertex -30 70 44.69517135620117
		endloop
	endfacet
	facet normal -0.33028023386034194 -0.9438829202401947 0
		outer loop
			vertex -32.16941833496094 70.49515533447266 -0.304829478263855
			vertex -31.11260414123535 70.12535858154297 44.69517135620117
			vertex -32.16941833496094 70.49515533447266 44.69517135620117
		endloop
	endfacet
	facet normal -0.33028023386034194 -0.9438829202401947 0
		outer loop
			vertex -32.16941833496094 70.49515533447266 -0.304829478263855
			vertex -31.11260414123535 70.12535858154297 -0.304829478263855
			vertex -31.11260414123535 70.12535858154297 44.69517135620117
		endloop
	endfacet
	facet normal -0.5320318467873486 -0.8467243435759026 0
		outer loop
			vertex -33.11745071411133 71.0908432006836 -0.304829478263855
			vertex -32.16941833496094 70.49515533447266 44.69517135620117
			vertex -33.11745071411133 71.0908432006836 44.69517135620117
		endloop
	endfacet
	facet normal -0.5320318467873486 -0.8467243435759026 0
		outer loop
			vertex -33.11745071411133 71.0908432006836 -0.304829478263855
			vertex -32.16941833496094 70.49515533447266 -0.304829478263855
			vertex -32.16941833496094 70.49515533447266 44.69517135620117
		endloop
	endfacet
	facet normal -0.7071084847155512 -0.7071050776534399 0
		outer loop
			vertex -33.909156799316406 71.88255310058594 -0.304829478263855
			vertex -33.11745071411133 71.0908432006836 44.69517135620117
			vertex -33.909156799316406 71.88255310058594 44.69517135620117
		endloop
	endfacet
	facet normal -0.7071084847155512 -0.7071050776534399 0
		outer loop
			vertex -33.909156799316406 71.88255310058594 -0.304829478263855
			vertex -33.11745071411133 71.0908432006836 -0.304829478263855
			vertex -33.11745071411133 71.0908432006836 44.69517135620117
		endloop
	endfacet
	facet normal -0.8467233791783675 -0.5320333816150697 0
		outer loop
			vertex -34.504844665527344 72.83058166503906 -0.304829478263855
			vertex -33.909156799316406 71.88255310058594 44.69517135620117
			vertex -34.504844665527344 72.83058166503906 44.69517135620117
		endloop
	endfacet
	facet normal -0.8467233791783675 -0.5320333816150697 0
		outer loop
			vertex -34.504844665527344 72.83058166503906 -0.304829478263855
			vertex -33.909156799316406 71.88255310058594 -0.304829478263855
			vertex -33.909156799316406 71.88255310058594 44.69517135620117
		endloop
	endfacet
	facet normal -0.9438831060692813 -0.33027970279296026 0
		outer loop
			vertex -34.87464141845703 73.88739776611328 -0.304829478263855
			vertex -34.504844665527344 72.83058166503906 44.69517135620117
			vertex -34.87464141845703 73.88739776611328 44.69517135620117
		endloop
	endfacet
	facet normal -0.9438831060692813 -0.33027970279296026 0
		outer loop
			vertex -34.87464141845703 73.88739776611328 -0.304829478263855
			vertex -34.504844665527344 72.83058166503906 -0.304829478263855
			vertex -34.504844665527344 72.83058166503906 44.69517135620117
		endloop
	endfacet
	facet normal -0.9937123672060661 -0.11196307990456675 0
		outer loop
			vertex -35 75 -0.304829478263855
			vertex -34.87464141845703 73.88739776611328 44.69517135620117
			vertex -35 75 44.69517135620117
		endloop
	endfacet
	facet normal -0.9937123672060661 -0.11196307990456675 0
		outer loop
			vertex -35 75 -0.304829478263855
			vertex -34.87464141845703 73.88739776611328 -0.304829478263855
			vertex -34.87464141845703 73.88739776611328 44.69517135620117
		endloop
	endfacet
	facet normal 0 0 -1
		outer loop
			vertex 26.21174430847168 124.01091003417969 44.69517135620117
			vertex 30 130 44.69517135620117
			vertex 26.29091453552246 123.9317398071289 44.69517135620117
		endloop
	endfacet
	facet normal 0 0 -1
		outer loop
			vertex 26.350482940673828 123.8369369506836 44.69517135620117
			vertex 26.29091453552246 123.9317398071289 44.69517135620117
			vertex 30 130 44.69517135620117
		endloop
	endfacet
	facet normal 0 0 -1
		outer loop
			vertex 26.116941452026367 124.07048034667969 44.69517135620117
			vertex 30 130 44.69517135620117
			vertex 26.21174430847168 124.01091003417969 44.69517135620117
		endloop
	endfacet
	facet normal 0 0 -1
		outer loop
			vertex 26.011259078979492 124.10746002197266 44.69517135620117
			vertex 30 130 44.69517135620117
			vertex 26.116941452026367 124.07048034667969 44.69517135620117
		endloop
	endfacet
	facet normal 0 0 -1
		outer loop
			vertex 26.387462615966797 123.73125457763672 44.69517135620117
			vertex 26.350482940673828 123.8369369506836 44.69517135620117
			vertex 30 130 44.69517135620117
		endloop
	endfacet
	facet normal 0 0 -1
		outer loop
			vertex 25.899999618530273 124.1199951171875 44.69517135620117
			vertex 30 130 44.69517135620117
			vertex 26.011259078979492 124.10746002197266 44.69517135620117
		endloop
	endfacet
	facet normal 0 0 -1
		outer loop
			vertex 26.399999618530273 123.6199951171875 44.69517135620117
			vertex 26.387462615966797 123.73125457763672 44.69517135620117
			vertex 30 130 44.69517135620117
		endloop
	endfacet
	facet normal 0 0 -1
		outer loop
			vertex 12.907197952270508 124.1199951171875 44.69517135620117
			vertex 30 130 44.69517135620117
			vertex 25.899999618530273 124.1199951171875 44.69517135620117
		endloop
	endfacet
	facet normal 0 0 -1
		outer loop
			vertex 26.399999618530273 110.6199951171875 44.69517135620117
			vertex 26.399999618530273 123.6199951171875 44.69517135620117
			vertex 30 130 44.69517135620117
		endloop
	endfacet
	facet normal 0 0 -1
		outer loop
			vertex 7.21174430847168 124.01091003417969 44.69517135620117
			vertex 12.516282081604004 123.9317398071289 44.69517135620117
			vertex 7.290915012359619 123.9317398071289 44.69517135620117
		endloop
	endfacet
	facet normal 0 0 -1
		outer loop
			vertex 7.21174430847168 124.01091003417969 44.69517135620117
			vertex 12.690256118774414 124.07048034667969 44.69517135620117
			vertex 12.595453262329102 124.01091003417969 44.69517135620117
		endloop
	endfacet
	facet normal 0 0 -1
		outer loop
			vertex 7.21174430847168 124.01091003417969 44.69517135620117
			vertex 12.595453262329102 124.01091003417969 44.69517135620117
			vertex 12.516282081604004 123.9317398071289 44.69517135620117
		endloop
	endfacet
	facet normal 0 0 -1
		outer loop
			vertex 7.3504838943481445 123.8369369506836 44.69517135620117
			vertex 7.290915012359619 123.9317398071289 44.69517135620117
			vertex 12.516282081604004 123.9317398071289 44.69517135620117
		endloop
	endfacet
	facet normal 0 0 -1
		outer loop
			vertex 7.3504838943481445 123.8369369506836 44.69517135620117
			vertex 12.516282081604004 123.9317398071289 44.69517135620117
			vertex 12.456713676452637 123.8369369506836 44.69517135620117
		endloop
	endfacet
	facet normal 0 0 -1
		outer loop
			vertex 7.116941452026367 124.07048034667969 44.69517135620117
			vertex 12.690256118774414 124.07048034667969 44.69517135620117
			vertex 7.21174430847168 124.01091003417969 44.69517135620117
		endloop
	endfacet
	facet normal 0 0 -1
		outer loop
			vertex 7.387463569641113 123.73125457763672 44.69517135620117
			vertex 7.3504838943481445 123.8369369506836 44.69517135620117
			vertex 12.456713676452637 123.8369369506836 44.69517135620117
		endloop
	endfacet
	facet normal 0 0 -1
		outer loop
			vertex 7.387463569641113 123.73125457763672 44.69517135620117
			vertex 12.456713676452637 123.8369369506836 44.69517135620117
			vertex 12.419734001159668 123.73125457763672 44.69517135620117
		endloop
	endfacet
	facet normal 0 0 -1
		outer loop
			vertex 7.387463569641113 123.73125457763672 44.69517135620117
			vertex 12.419734001159668 123.73125457763672 44.69517135620117
			vertex 12.407197952270508 123.6199951171875 44.69517135620117
		endloop
	endfacet
	facet normal 0 0 -1
		outer loop
			vertex 7.011260032653809 124.10746002197266 44.69517135620117
			vertex 12.690256118774414 124.07048034667969 44.69517135620117
			vertex 7.116941452026367 124.07048034667969 44.69517135620117
		endloop
	endfacet
	facet normal 0 0 -1
		outer loop
			vertex 7.011260032653809 124.10746002197266 44.69517135620117
			vertex 12.907197952270508 124.1199951171875 44.69517135620117
			vertex 12.795937538146973 124.10746002197266 44.69517135620117
		endloop
	endfacet
	facet normal 0 0 -1
		outer loop
			vertex 7.011260032653809 124.10746002197266 44.69517135620117
			vertex 12.795937538146973 124.10746002197266 44.69517135620117
			vertex 12.690256118774414 124.07048034667969 44.69517135620117
		endloop
	endfacet
	facet normal 0 0 -1
		outer loop
			vertex 7.399999618530273 123.6199951171875 44.69517135620117
			vertex 7.387463569641113 123.73125457763672 44.69517135620117
			vertex 12.407197952270508 123.6199951171875 44.69517135620117
		endloop
	endfacet
	facet normal 0 0 -1
		outer loop
			vertex 6.899999618530273 124.1199951171875 44.69517135620117
			vertex 30 130 44.69517135620117
			vertex 12.907197952270508 124.1199951171875 44.69517135620117
		endloop
	endfacet
	facet normal 0 0 -1
		outer loop
			vertex 6.899999618530273 124.1199951171875 44.69517135620117
			vertex 12.907197952270508 124.1199951171875 44.69517135620117
			vertex 7.011260032653809 124.10746002197266 44.69517135620117
		endloop
	endfacet
	facet normal 0 0 -1
		outer loop
			vertex 26.21174430847168 99.01091003417969 44.69517135620117
			vertex 26.21174430847168 110.22908020019531 44.69517135620117
			vertex 26.29091453552246 110.3082504272461 44.69517135620117
		endloop
	endfacet
	facet normal 0 0 -1
		outer loop
			vertex 26.29091453552246 98.9317398071289 44.69517135620117
			vertex 26.21174430847168 99.01091003417969 44.69517135620117
			vertex 26.29091453552246 110.3082504272461 44.69517135620117
		endloop
	endfacet
	facet normal 0 0 -1
		outer loop
			vertex 26.29091453552246 98.9317398071289 44.69517135620117
			vertex 26.29091453552246 110.3082504272461 44.69517135620117
			vertex 26.350482940673828 110.4030532836914 44.69517135620117
		endloop
	endfacet
	facet normal 0 0 -1
		outer loop
			vertex 26.116941452026367 99.07048034667969 44.69517135620117
			vertex 26.21174430847168 110.22908020019531 44.69517135620117
			vertex 26.21174430847168 99.01091003417969 44.69517135620117
		endloop
	endfacet
	facet normal 0 0 -1
		outer loop
			vertex 26.116941452026367 99.07048034667969 44.69517135620117
			vertex 26.011259078979492 110.13253784179688 44.69517135620117
			vertex 26.116941452026367 110.16951751708984 44.69517135620117
		endloop
	endfacet
	facet normal 0 0 -1
		outer loop
			vertex 26.116941452026367 99.07048034667969 44.69517135620117
			vertex 26.116941452026367 110.16951751708984 44.69517135620117
			vertex 26.21174430847168 110.22908020019531 44.69517135620117
		endloop
	endfacet
	facet normal 0 0 -1
		outer loop
			vertex 26.350482940673828 98.8369369506836 44.69517135620117
			vertex 26.29091453552246 98.9317398071289 44.69517135620117
			vertex 26.350482940673828 110.4030532836914 44.69517135620117
		endloop
	endfacet
	facet normal 0 0 -1
		outer loop
			vertex 26.011259078979492 99.10746002197266 44.69517135620117
			vertex 26.011259078979492 110.13253784179688 44.69517135620117
			vertex 26.116941452026367 99.07048034667969 44.69517135620117
		endloop
	endfacet
	facet normal 0 0 -1
		outer loop
			vertex 26.387462615966797 98.73125457763672 44.69517135620117
			vertex 26.350482940673828 98.8369369506836 44.69517135620117
			vertex 26.350482940673828 110.4030532836914 44.69517135620117
		endloop
	endfacet
	facet normal 0 0 -1
		outer loop
			vertex 26.387462615966797 98.73125457763672 44.69517135620117
			vertex 26.350482940673828 110.4030532836914 44.69517135620117
			vertex 26.387462615966797 110.50873565673828 44.69517135620117
		endloop
	endfacet
	facet normal 0 0 -1
		outer loop
			vertex 26.387462615966797 98.73125457763672 44.69517135620117
			vertex 26.387462615966797 110.50873565673828 44.69517135620117
			vertex 26.399999618530273 110.6199951171875 44.69517135620117
		endloop
	endfacet
	facet normal 0 0 -1
		outer loop
			vertex 25.899999618530273 99.1199951171875 44.69517135620117
			vertex 26.011259078979492 110.13253784179688 44.69517135620117
			vertex 26.011259078979492 99.10746002197266 44.69517135620117
		endloop
	endfacet
	facet normal 0 0 -1
		outer loop
			vertex 25.899999618530273 99.1199951171875 44.69517135620117
			vertex 25.899999618530273 110.1199951171875 44.69517135620117
			vertex 26.011259078979492 110.13253784179688 44.69517135620117
		endloop
	endfacet
	facet normal 0 0 -1
		outer loop
			vertex 26.399999618530273 98.6199951171875 44.69517135620117
			vertex 26.399999618530273 110.6199951171875 44.69517135620117
			vertex 30 130 44.69517135620117
		endloop
	endfacet
	facet normal 0 0 -1
		outer loop
			vertex 26.399999618530273 98.6199951171875 44.69517135620117
			vertex 26.387462615966797 98.73125457763672 44.69517135620117
			vertex 26.399999618530273 110.6199951171875 44.69517135620117
		endloop
	endfacet
	facet normal 0 0 -1
		outer loop
			vertex 12.407197952270508 110.6199951171875 44.69517135620117
			vertex 7.399999618530273 123.6199951171875 44.69517135620117
			vertex 12.407197952270508 123.6199951171875 44.69517135620117
		endloop
	endfacet
	facet normal 0 0 -1
		outer loop
			vertex 12.907197952270508 110.1199951171875 44.69517135620117
			vertex 25.899999618530273 110.1199951171875 44.69517135620117
			vertex 25.899999618530273 99.1199951171875 44.69517135620117
		endloop
	endfacet
	facet normal 0 0 -1
		outer loop
			vertex -6.092802047729492 124.1199951171875 44.69517135620117
			vertex 30 130 44.69517135620117
			vertex 6.899999618530273 124.1199951171875 44.69517135620117
		endloop
	endfacet
	facet normal 0 0 -1
		outer loop
			vertex 7.399999618530273 110.6199951171875 44.69517135620117
			vertex 7.399999618530273 123.6199951171875 44.69517135620117
			vertex 12.407197952270508 110.6199951171875 44.69517135620117
		endloop
	endfacet
	facet normal 0 0 -1
		outer loop
			vertex 7.399999618530273 110.6199951171875 44.69517135620117
			vertex 12.407197952270508 110.6199951171875 44.69517135620117
			vertex 12.419734001159668 110.50873565673828 44.69517135620117
		endloop
	endfacet
	facet normal 0 0 -1
		outer loop
			vertex 7.387463569641113 110.50873565673828 44.69517135620117
			vertex 7.399999618530273 110.6199951171875 44.69517135620117
			vertex 12.419734001159668 110.50873565673828 44.69517135620117
		endloop
	endfacet
	facet normal 0 0 -1
		outer loop
			vertex 7.3504838943481445 110.4030532836914 44.69517135620117
			vertex 7.387463569641113 110.50873565673828 44.69517135620117
			vertex 12.419734001159668 110.50873565673828 44.69517135620117
		endloop
	endfacet
	facet normal 0 0 -1
		outer loop
			vertex 7.3504838943481445 110.4030532836914 44.69517135620117
			vertex 12.419734001159668 110.50873565673828 44.69517135620117
			vertex 12.456713676452637 110.4030532836914 44.69517135620117
		endloop
	endfacet
	facet normal 0 0 -1
		outer loop
			vertex 7.290915012359619 110.3082504272461 44.69517135620117
			vertex 7.3504838943481445 110.4030532836914 44.69517135620117
			vertex 12.456713676452637 110.4030532836914 44.69517135620117
		endloop
	endfacet
	facet normal 0 0 -1
		outer loop
			vertex 7.290915012359619 110.3082504272461 44.69517135620117
			vertex 12.456713676452637 110.4030532836914 44.69517135620117
			vertex 12.516282081604004 110.3082504272461 44.69517135620117
		endloop
	endfacet
	facet normal 0 0 -1
		outer loop
			vertex 7.290915012359619 110.3082504272461 44.69517135620117
			vertex 12.516282081604004 110.3082504272461 44.69517135620117
			vertex 12.595453262329102 110.22908020019531 44.69517135620117
		endloop
	endfacet
	facet normal 0 0 -1
		outer loop
			vertex 7.21174430847168 110.22908020019531 44.69517135620117
			vertex 7.290915012359619 110.3082504272461 44.69517135620117
			vertex 12.595453262329102 110.22908020019531 44.69517135620117
		endloop
	endfacet
	facet normal 0 0 -1
		outer loop
			vertex 7.116941452026367 110.16951751708984 44.69517135620117
			vertex 7.21174430847168 110.22908020019531 44.69517135620117
			vertex 12.595453262329102 110.22908020019531 44.69517135620117
		endloop
	endfacet
	facet normal 0 0 -1
		outer loop
			vertex 7.116941452026367 110.16951751708984 44.69517135620117
			vertex 12.595453262329102 110.22908020019531 44.69517135620117
			vertex 12.690256118774414 110.16951751708984 44.69517135620117
		endloop
	endfacet
	facet normal 0 0 -1
		outer loop
			vertex -11.888256072998047 124.01091003417969 44.69517135620117
			vertex -6.483717918395996 123.9317398071289 44.69517135620117
			vertex -11.80908489227295 123.9317398071289 44.69517135620117
		endloop
	endfacet
	facet normal 0 0 -1
		outer loop
			vertex -11.888256072998047 124.01091003417969 44.69517135620117
			vertex -6.309743881225586 124.07048034667969 44.69517135620117
			vertex -6.404546737670898 124.01091003417969 44.69517135620117
		endloop
	endfacet
	facet normal 0 0 -1
		outer loop
			vertex -11.888256072998047 124.01091003417969 44.69517135620117
			vertex -6.404546737670898 124.01091003417969 44.69517135620117
			vertex -6.483717918395996 123.9317398071289 44.69517135620117
		endloop
	endfacet
	facet normal 0 0 -1
		outer loop
			vertex -11.749516487121582 123.8369369506836 44.69517135620117
			vertex -11.80908489227295 123.9317398071289 44.69517135620117
			vertex -6.483717918395996 123.9317398071289 44.69517135620117
		endloop
	endfacet
	facet normal 0 0 -1
		outer loop
			vertex -11.749516487121582 123.8369369506836 44.69517135620117
			vertex -6.483717918395996 123.9317398071289 44.69517135620117
			vertex -6.543286323547363 123.8369369506836 44.69517135620117
		endloop
	endfacet
	facet normal 0 0 -1
		outer loop
			vertex -11.749516487121582 123.8369369506836 44.69517135620117
			vertex -6.543286323547363 123.8369369506836 44.69517135620117
			vertex -6.580265998840332 123.73125457763672 44.69517135620117
		endloop
	endfacet
	facet normal 0 0 -1
		outer loop
			vertex -11.98305892944336 124.07048034667969 44.69517135620117
			vertex -6.309743881225586 124.07048034667969 44.69517135620117
			vertex -11.888256072998047 124.01091003417969 44.69517135620117
		endloop
	endfacet
	facet normal 0 0 -1
		outer loop
			vertex 12.907197952270508 99.1199951171875 44.69517135620117
			vertex 12.907197952270508 110.1199951171875 44.69517135620117
			vertex 25.899999618530273 99.1199951171875 44.69517135620117
		endloop
	endfacet
	facet normal 0 0 -1
		outer loop
			vertex -12.088740348815918 124.10746002197266 44.69517135620117
			vertex -6.309743881225586 124.07048034667969 44.69517135620117
			vertex -11.98305892944336 124.07048034667969 44.69517135620117
		endloop
	endfacet
	facet normal 0 0 -1
		outer loop
			vertex -12.088740348815918 124.10746002197266 44.69517135620117
			vertex -6.092802047729492 124.1199951171875 44.69517135620117
			vertex -6.204062461853027 124.10746002197266 44.69517135620117
		endloop
	endfacet
	facet normal 0 0 -1
		outer loop
			vertex -12.088740348815918 124.10746002197266 44.69517135620117
			vertex -6.204062461853027 124.10746002197266 44.69517135620117
			vertex -6.309743881225586 124.07048034667969 44.69517135620117
		endloop
	endfacet
	facet normal 0 0 -1
		outer loop
			vertex -11.712536811828613 123.73125457763672 44.69517135620117
			vertex -11.749516487121582 123.8369369506836 44.69517135620117
			vertex -6.580265998840332 123.73125457763672 44.69517135620117
		endloop
	endfacet
	facet normal 0 0 -1
		outer loop
			vertex -12.200000762939453 124.1199951171875 44.69517135620117
			vertex -6.092802047729492 124.1199951171875 44.69517135620117
			vertex -12.088740348815918 124.10746002197266 44.69517135620117
		endloop
	endfacet
	facet normal 0 0 -1
		outer loop
			vertex -11.700000762939453 123.6199951171875 44.69517135620117
			vertex -11.712536811828613 123.73125457763672 44.69517135620117
			vertex -6.580265998840332 123.73125457763672 44.69517135620117
		endloop
	endfacet
	facet normal 0 0 -1
		outer loop
			vertex -11.700000762939453 123.6199951171875 44.69517135620117
			vertex -6.580265998840332 123.73125457763672 44.69517135620117
			vertex -6.592802047729492 123.6199951171875 44.69517135620117
		endloop
	endfacet
	facet normal 0 0 -1
		outer loop
			vertex 12.795937538146973 99.10746002197266 44.69517135620117
			vertex 12.907197952270508 110.1199951171875 44.69517135620117
			vertex 12.907197952270508 99.1199951171875 44.69517135620117
		endloop
	endfacet
	facet normal 0 0 -1
		outer loop
			vertex 12.795937538146973 99.10746002197266 44.69517135620117
			vertex 12.690256118774414 110.16951751708984 44.69517135620117
			vertex 12.795937538146973 110.13253784179688 44.69517135620117
		endloop
	endfacet
	facet normal 0 0 -1
		outer loop
			vertex 12.795937538146973 99.10746002197266 44.69517135620117
			vertex 12.795937538146973 110.13253784179688 44.69517135620117
			vertex 12.907197952270508 110.1199951171875 44.69517135620117
		endloop
	endfacet
	facet normal 0 0 -1
		outer loop
			vertex 12.690256118774414 99.07048034667969 44.69517135620117
			vertex 7.116941452026367 110.16951751708984 44.69517135620117
			vertex 12.690256118774414 110.16951751708984 44.69517135620117
		endloop
	endfacet
	facet normal 0 0 -1
		outer loop
			vertex 12.690256118774414 99.07048034667969 44.69517135620117
			vertex 12.690256118774414 110.16951751708984 44.69517135620117
			vertex 12.795937538146973 99.10746002197266 44.69517135620117
		endloop
	endfacet
	facet normal 0 0 -1
		outer loop
			vertex 7.248113632202148 98.9317398071289 44.69517135620117
			vertex 7.168942928314209 99.01091003417969 44.69517135620117
			vertex 12.595453262329102 99.01091003417969 44.69517135620117
		endloop
	endfacet
	facet normal 0 0 -1
		outer loop
			vertex 7.248113632202148 98.9317398071289 44.69517135620117
			vertex 12.595453262329102 99.01091003417969 44.69517135620117
			vertex 12.516282081604004 98.9317398071289 44.69517135620117
		endloop
	endfacet
	facet normal 0 0 -1
		outer loop
			vertex 7.0741400718688965 99.07048034667969 44.69517135620117
			vertex 7.116941452026367 110.16951751708984 44.69517135620117
			vertex 12.690256118774414 99.07048034667969 44.69517135620117
		endloop
	endfacet
	facet normal 0 0 -1
		outer loop
			vertex 7.0741400718688965 99.07048034667969 44.69517135620117
			vertex 7.011260032653809 110.13253784179688 44.69517135620117
			vertex 7.116941452026367 110.16951751708984 44.69517135620117
		endloop
	endfacet
	facet normal 0 0 -1
		outer loop
			vertex 7.0741400718688965 99.07048034667969 44.69517135620117
			vertex 12.595453262329102 99.01091003417969 44.69517135620117
			vertex 7.168942928314209 99.01091003417969 44.69517135620117
		endloop
	endfacet
	facet normal 0 0 -1
		outer loop
			vertex 7.0741400718688965 99.07048034667969 44.69517135620117
			vertex 12.690256118774414 99.07048034667969 44.69517135620117
			vertex 12.595453262329102 99.01091003417969 44.69517135620117
		endloop
	endfacet
	facet normal 0 0 -1
		outer loop
			vertex 7.307682514190674 98.8369369506836 44.69517135620117
			vertex 12.516282081604004 98.9317398071289 44.69517135620117
			vertex 12.456713676452637 98.8369369506836 44.69517135620117
		endloop
	endfacet
	facet normal 0 0 -1
		outer loop
			vertex 7.307682514190674 98.8369369506836 44.69517135620117
			vertex 7.248113632202148 98.9317398071289 44.69517135620117
			vertex 12.516282081604004 98.9317398071289 44.69517135620117
		endloop
	endfacet
	facet normal 0 0 -1
		outer loop
			vertex 6.968458652496338 99.10746002197266 44.69517135620117
			vertex 6.899999618530273 110.1199951171875 44.69517135620117
			vertex 7.011260032653809 110.13253784179688 44.69517135620117
		endloop
	endfacet
	facet normal 0 0 -1
		outer loop
			vertex 6.968458652496338 99.10746002197266 44.69517135620117
			vertex 7.011260032653809 110.13253784179688 44.69517135620117
			vertex 7.0741400718688965 99.07048034667969 44.69517135620117
		endloop
	endfacet
	facet normal 0 0 -1
		outer loop
			vertex 7.344661712646484 98.73125457763672 44.69517135620117
			vertex 12.456713676452637 98.8369369506836 44.69517135620117
			vertex 12.419734001159668 98.73125457763672 44.69517135620117
		endloop
	endfacet
	facet normal 0 0 -1
		outer loop
			vertex 7.344661712646484 98.73125457763672 44.69517135620117
			vertex 7.307682514190674 98.8369369506836 44.69517135620117
			vertex 12.456713676452637 98.8369369506836 44.69517135620117
		endloop
	endfacet
	facet normal 0 0 -1
		outer loop
			vertex 6.8571977615356445 99.1199951171875 44.69517135620117
			vertex 6.899999618530273 110.1199951171875 44.69517135620117
			vertex 6.968458652496338 99.10746002197266 44.69517135620117
		endloop
	endfacet
	facet normal 0 0 -1
		outer loop
			vertex 7.3571977615356445 98.6199951171875 44.69517135620117
			vertex 7.344661712646484 98.73125457763672 44.69517135620117
			vertex 12.419734001159668 98.73125457763672 44.69517135620117
		endloop
	endfacet
	facet normal 0 0 -1
		outer loop
			vertex 7.3571977615356445 98.6199951171875 44.69517135620117
			vertex 12.419734001159668 98.73125457763672 44.69517135620117
			vertex 12.407197952270508 98.6199951171875 44.69517135620117
		endloop
	endfacet
	facet normal 0 0 -1
		outer loop
			vertex -6.092802047729492 110.1199951171875 44.69517135620117
			vertex 6.899999618530273 110.1199951171875 44.69517135620117
			vertex 6.8571977615356445 99.1199951171875 44.69517135620117
		endloop
	endfacet
	facet normal 0 0 -1
		outer loop
			vertex 30 72 44.69517135620117
			vertex 26.399999618530273 85.6199951171875 44.69517135620117
			vertex 26.399999618530273 98.6199951171875 44.69517135620117
		endloop
	endfacet
	facet normal 0 0 -1
		outer loop
			vertex 30 72 44.69517135620117
			vertex 25.899999618530273 85.1199951171875 44.69517135620117
			vertex 26.011259078979492 85.13253784179688 44.69517135620117
		endloop
	endfacet
	facet normal 0 0 -1
		outer loop
			vertex 30 72 44.69517135620117
			vertex 26.011259078979492 85.13253784179688 44.69517135620117
			vertex 26.116941452026367 85.16951751708984 44.69517135620117
		endloop
	endfacet
	facet normal 0 0 -1
		outer loop
			vertex 30 72 44.69517135620117
			vertex 26.116941452026367 85.16951751708984 44.69517135620117
			vertex 26.21174430847168 85.22908020019531 44.69517135620117
		endloop
	endfacet
	facet normal 0 0 -1
		outer loop
			vertex 30 72 44.69517135620117
			vertex 26.21174430847168 85.22908020019531 44.69517135620117
			vertex 26.29091453552246 85.3082504272461 44.69517135620117
		endloop
	endfacet
	facet normal 0 0 -1
		outer loop
			vertex 30 72 44.69517135620117
			vertex 26.29091453552246 85.3082504272461 44.69517135620117
			vertex 26.350482940673828 85.4030532836914 44.69517135620117
		endloop
	endfacet
	facet normal 0 0 -1
		outer loop
			vertex 30 72 44.69517135620117
			vertex 26.350482940673828 85.4030532836914 44.69517135620117
			vertex 26.387462615966797 85.50873565673828 44.69517135620117
		endloop
	endfacet
	facet normal 0 0 -1
		outer loop
			vertex 30 72 44.69517135620117
			vertex 26.387462615966797 85.50873565673828 44.69517135620117
			vertex 26.399999618530273 85.6199951171875 44.69517135620117
		endloop
	endfacet
	facet normal 0 0 -1
		outer loop
			vertex -30 130 44.69517135620117
			vertex -6.092802047729492 124.1199951171875 44.69517135620117
			vertex -12.200000762939453 124.1199951171875 44.69517135620117
		endloop
	endfacet
	facet normal 0 0 -1
		outer loop
			vertex -30 130 44.69517135620117
			vertex 30 130 44.69517135620117
			vertex -6.092802047729492 124.1199951171875 44.69517135620117
		endloop
	endfacet
	facet normal 0 0 -1
		outer loop
			vertex -25.19280242919922 124.1199951171875 44.69517135620117
			vertex -30 130 44.69517135620117
			vertex -12.200000762939453 124.1199951171875 44.69517135620117
		endloop
	endfacet
	facet normal 0 0 -1
		outer loop
			vertex -11.700000762939453 110.6199951171875 44.69517135620117
			vertex -11.700000762939453 123.6199951171875 44.69517135620117
			vertex -6.592802047729492 123.6199951171875 44.69517135620117
		endloop
	endfacet
	facet normal 0 0 -1
		outer loop
			vertex -11.700000762939453 110.6199951171875 44.69517135620117
			vertex -6.592802047729492 123.6199951171875 44.69517135620117
			vertex -6.592802047729492 110.6199951171875 44.69517135620117
		endloop
	endfacet
	facet normal 0 0 -1
		outer loop
			vertex -25.304061889648438 124.10746002197266 44.69517135620117
			vertex -30 130 44.69517135620117
			vertex -25.19280242919922 124.1199951171875 44.69517135620117
		endloop
	endfacet
	facet normal 0 0 -1
		outer loop
			vertex -11.712536811828613 110.50873565673828 44.69517135620117
			vertex -11.700000762939453 110.6199951171875 44.69517135620117
			vertex -6.592802047729492 110.6199951171875 44.69517135620117
		endloop
	endfacet
	facet normal 0 0 -1
		outer loop
			vertex -11.712536811828613 110.50873565673828 44.69517135620117
			vertex -6.592802047729492 110.6199951171875 44.69517135620117
			vertex -6.580265998840332 110.50873565673828 44.69517135620117
		endloop
	endfacet
	facet normal 0 0 -1
		outer loop
			vertex -25.409744262695312 124.07048034667969 44.69517135620117
			vertex -30 130 44.69517135620117
			vertex -25.304061889648438 124.10746002197266 44.69517135620117
		endloop
	endfacet
	facet normal 0 0 -1
		outer loop
			vertex -11.749516487121582 110.4030532836914 44.69517135620117
			vertex -11.712536811828613 110.50873565673828 44.69517135620117
			vertex -6.580265998840332 110.50873565673828 44.69517135620117
		endloop
	endfacet
	facet normal 0 0 -1
		outer loop
			vertex -11.749516487121582 110.4030532836914 44.69517135620117
			vertex -6.580265998840332 110.50873565673828 44.69517135620117
			vertex -6.543286323547363 110.4030532836914 44.69517135620117
		endloop
	endfacet
	facet normal 0 0 -1
		outer loop
			vertex -11.749516487121582 110.4030532836914 44.69517135620117
			vertex -6.543286323547363 110.4030532836914 44.69517135620117
			vertex -6.483717918395996 110.3082504272461 44.69517135620117
		endloop
	endfacet
	facet normal 0 0 -1
		outer loop
			vertex -25.504547119140625 124.01091003417969 44.69517135620117
			vertex -30 130 44.69517135620117
			vertex -25.409744262695312 124.07048034667969 44.69517135620117
		endloop
	endfacet
	facet normal 0 0 -1
		outer loop
			vertex -11.80908489227295 110.3082504272461 44.69517135620117
			vertex -11.749516487121582 110.4030532836914 44.69517135620117
			vertex -6.483717918395996 110.3082504272461 44.69517135620117
		endloop
	endfacet
	facet normal 0 0 -1
		outer loop
			vertex -25.583717346191406 123.9317398071289 44.69517135620117
			vertex -30 130 44.69517135620117
			vertex -25.504547119140625 124.01091003417969 44.69517135620117
		endloop
	endfacet
	facet normal 0 0 -1
		outer loop
			vertex -11.888256072998047 110.22908020019531 44.69517135620117
			vertex -11.80908489227295 110.3082504272461 44.69517135620117
			vertex -6.483717918395996 110.3082504272461 44.69517135620117
		endloop
	endfacet
	facet normal 0 0 -1
		outer loop
			vertex -11.888256072998047 110.22908020019531 44.69517135620117
			vertex -6.483717918395996 110.3082504272461 44.69517135620117
			vertex -6.404546737670898 110.22908020019531 44.69517135620117
		endloop
	endfacet
	facet normal 0 0 -1
		outer loop
			vertex -25.643285751342773 123.8369369506836 44.69517135620117
			vertex -30 130 44.69517135620117
			vertex -25.583717346191406 123.9317398071289 44.69517135620117
		endloop
	endfacet
	facet normal 0 0 -1
		outer loop
			vertex -11.98305892944336 110.16951751708984 44.69517135620117
			vertex -11.888256072998047 110.22908020019531 44.69517135620117
			vertex -6.404546737670898 110.22908020019531 44.69517135620117
		endloop
	endfacet
	facet normal 0 0 -1
		outer loop
			vertex -11.98305892944336 110.16951751708984 44.69517135620117
			vertex -6.404546737670898 110.22908020019531 44.69517135620117
			vertex -6.309743881225586 110.16951751708984 44.69517135620117
		endloop
	endfacet
	facet normal 0 0 -1
		outer loop
			vertex -25.680265426635742 123.73125457763672 44.69517135620117
			vertex -30 130 44.69517135620117
			vertex -25.643285751342773 123.8369369506836 44.69517135620117
		endloop
	endfacet
	facet normal 0 0 -1
		outer loop
			vertex 12.907197952270508 85.1199951171875 44.69517135620117
			vertex 25.899999618530273 85.1199951171875 44.69517135620117
			vertex 30 72 44.69517135620117
		endloop
	endfacet
	facet normal 0 0 -1
		outer loop
			vertex 12.795937538146973 85.13253784179688 44.69517135620117
			vertex 12.907197952270508 85.1199951171875 44.69517135620117
			vertex 30 72 44.69517135620117
		endloop
	endfacet
	facet normal 0 0 -1
		outer loop
			vertex -25.69280242919922 123.6199951171875 44.69517135620117
			vertex -30 130 44.69517135620117
			vertex -25.680265426635742 123.73125457763672 44.69517135620117
		endloop
	endfacet
	facet normal 0 0 -1
		outer loop
			vertex 7.3571977615356445 85.6199951171875 44.69517135620117
			vertex 12.407197952270508 98.6199951171875 44.69517135620117
			vertex 12.407197952270508 85.6199951171875 44.69517135620117
		endloop
	endfacet
	facet normal 0 0 -1
		outer loop
			vertex 7.3571977615356445 85.6199951171875 44.69517135620117
			vertex 7.3571977615356445 98.6199951171875 44.69517135620117
			vertex 12.407197952270508 98.6199951171875 44.69517135620117
		endloop
	endfacet
	facet normal 0 0 -1
		outer loop
			vertex -6.1428022384643555 99.1199951171875 44.69517135620117
			vertex -6.204062461853027 110.13253784179688 44.69517135620117
			vertex -6.092802047729492 110.1199951171875 44.69517135620117
		endloop
	endfacet
	facet normal 0 0 -1
		outer loop
			vertex -6.1428022384643555 99.1199951171875 44.69517135620117
			vertex -6.092802047729492 110.1199951171875 44.69517135620117
			vertex 6.8571977615356445 99.1199951171875 44.69517135620117
		endloop
	endfacet
	facet normal 0 0 -1
		outer loop
			vertex 7.344661712646484 85.50873565673828 44.69517135620117
			vertex 7.3571977615356445 85.6199951171875 44.69517135620117
			vertex 12.407197952270508 85.6199951171875 44.69517135620117
		endloop
	endfacet
	facet normal 0 0 -1
		outer loop
			vertex 7.344661712646484 85.50873565673828 44.69517135620117
			vertex 12.407197952270508 85.6199951171875 44.69517135620117
			vertex 12.419734001159668 85.50873565673828 44.69517135620117
		endloop
	endfacet
	facet normal 0 0 -1
		outer loop
			vertex 7.344661712646484 85.50873565673828 44.69517135620117
			vertex 12.419734001159668 85.50873565673828 44.69517135620117
			vertex 12.456713676452637 85.4030532836914 44.69517135620117
		endloop
	endfacet
	facet normal 0 0 -1
		outer loop
			vertex -6.254062652587891 99.10746002197266 44.69517135620117
			vertex -6.204062461853027 110.13253784179688 44.69517135620117
			vertex -6.1428022384643555 99.1199951171875 44.69517135620117
		endloop
	endfacet
	facet normal 0 0 -1
		outer loop
			vertex -6.254062652587891 99.10746002197266 44.69517135620117
			vertex -6.309743881225586 110.16951751708984 44.69517135620117
			vertex -6.204062461853027 110.13253784179688 44.69517135620117
		endloop
	endfacet
	facet normal 0 0 -1
		outer loop
			vertex 7.307682514190674 85.4030532836914 44.69517135620117
			vertex 7.344661712646484 85.50873565673828 44.69517135620117
			vertex 12.456713676452637 85.4030532836914 44.69517135620117
		endloop
	endfacet
	facet normal 0 0 -1
		outer loop
			vertex -6.359744071960449 99.07048034667969 44.69517135620117
			vertex -11.98305892944336 110.16951751708984 44.69517135620117
			vertex -6.309743881225586 110.16951751708984 44.69517135620117
		endloop
	endfacet
	facet normal 0 0 -1
		outer loop
			vertex -6.359744071960449 99.07048034667969 44.69517135620117
			vertex -6.309743881225586 110.16951751708984 44.69517135620117
			vertex -6.254062652587891 99.10746002197266 44.69517135620117
		endloop
	endfacet
	facet normal 0 0 -1
		outer loop
			vertex 7.248113632202148 85.3082504272461 44.69517135620117
			vertex 7.307682514190674 85.4030532836914 44.69517135620117
			vertex 12.456713676452637 85.4030532836914 44.69517135620117
		endloop
	endfacet
	facet normal 0 0 -1
		outer loop
			vertex 7.248113632202148 85.3082504272461 44.69517135620117
			vertex 12.456713676452637 85.4030532836914 44.69517135620117
			vertex 12.516282081604004 85.3082504272461 44.69517135620117
		endloop
	endfacet
	facet normal 0 0 -1
		outer loop
			vertex 7.248113632202148 85.3082504272461 44.69517135620117
			vertex 12.516282081604004 85.3082504272461 44.69517135620117
			vertex 12.595453262329102 85.22908020019531 44.69517135620117
		endloop
	endfacet
	facet normal 0 0 -1
		outer loop
			vertex 7.168942928314209 85.22908020019531 44.69517135620117
			vertex 7.248113632202148 85.3082504272461 44.69517135620117
			vertex 12.595453262329102 85.22908020019531 44.69517135620117
		endloop
	endfacet
	facet normal 0 0 -1
		outer loop
			vertex 7.0741400718688965 85.16951751708984 44.69517135620117
			vertex 12.595453262329102 85.22908020019531 44.69517135620117
			vertex 12.690256118774414 85.16951751708984 44.69517135620117
		endloop
	endfacet
	facet normal 0 0 -1
		outer loop
			vertex 7.0741400718688965 85.16951751708984 44.69517135620117
			vertex 7.168942928314209 85.22908020019531 44.69517135620117
			vertex 12.595453262329102 85.22908020019531 44.69517135620117
		endloop
	endfacet
	facet normal 0 0 -1
		outer loop
			vertex 6.968458652496338 85.13253784179688 44.69517135620117
			vertex 12.690256118774414 85.16951751708984 44.69517135620117
			vertex 12.795937538146973 85.13253784179688 44.69517135620117
		endloop
	endfacet
	facet normal 0 0 -1
		outer loop
			vertex 6.968458652496338 85.13253784179688 44.69517135620117
			vertex 7.0741400718688965 85.16951751708984 44.69517135620117
			vertex 12.690256118774414 85.16951751708984 44.69517135620117
		endloop
	endfacet
	facet normal 0 0 -1
		outer loop
			vertex 6.968458652496338 85.13253784179688 44.69517135620117
			vertex 12.795937538146973 85.13253784179688 44.69517135620117
			vertex 30 72 44.69517135620117
		endloop
	endfacet
	facet normal 0 0 -1
		outer loop
			vertex 6.8571977615356445 85.1199951171875 44.69517135620117
			vertex 6.968458652496338 85.13253784179688 44.69517135620117
			vertex 30 72 44.69517135620117
		endloop
	endfacet
	facet normal 0 0 -1
		outer loop
			vertex -11.881056785583496 99.01091003417969 44.69517135620117
			vertex -6.454546928405762 99.01091003417969 44.69517135620117
			vertex -6.533717632293701 98.9317398071289 44.69517135620117
		endloop
	endfacet
	facet normal 0 0 -1
		outer loop
			vertex -11.801886558532715 98.9317398071289 44.69517135620117
			vertex -11.881056785583496 99.01091003417969 44.69517135620117
			vertex -6.533717632293701 98.9317398071289 44.69517135620117
		endloop
	endfacet
	facet normal 0 0 -1
		outer loop
			vertex -11.975860595703125 99.07048034667969 44.69517135620117
			vertex -6.359744071960449 99.07048034667969 44.69517135620117
			vertex -6.454546928405762 99.01091003417969 44.69517135620117
		endloop
	endfacet
	facet normal 0 0 -1
		outer loop
			vertex -11.975860595703125 99.07048034667969 44.69517135620117
			vertex -11.98305892944336 110.16951751708984 44.69517135620117
			vertex -6.359744071960449 99.07048034667969 44.69517135620117
		endloop
	endfacet
	facet normal 0 0 -1
		outer loop
			vertex -11.975860595703125 99.07048034667969 44.69517135620117
			vertex -6.454546928405762 99.01091003417969 44.69517135620117
			vertex -11.881056785583496 99.01091003417969 44.69517135620117
		endloop
	endfacet
	facet normal 0 0 -1
		outer loop
			vertex -11.742317199707031 98.8369369506836 44.69517135620117
			vertex -6.533717632293701 98.9317398071289 44.69517135620117
			vertex -6.593286514282227 98.8369369506836 44.69517135620117
		endloop
	endfacet
	facet normal 0 0 -1
		outer loop
			vertex -11.742317199707031 98.8369369506836 44.69517135620117
			vertex -11.801886558532715 98.9317398071289 44.69517135620117
			vertex -6.533717632293701 98.9317398071289 44.69517135620117
		endloop
	endfacet
	facet normal 0 0 -1
		outer loop
			vertex -11.705338478088379 98.73125457763672 44.69517135620117
			vertex -6.593286514282227 98.8369369506836 44.69517135620117
			vertex -6.630266189575195 98.73125457763672 44.69517135620117
		endloop
	endfacet
	facet normal 0 0 -1
		outer loop
			vertex -11.705338478088379 98.73125457763672 44.69517135620117
			vertex -11.742317199707031 98.8369369506836 44.69517135620117
			vertex -6.593286514282227 98.8369369506836 44.69517135620117
		endloop
	endfacet
	facet normal 0 0 -1
		outer loop
			vertex -12.081542015075684 99.10746002197266 44.69517135620117
			vertex -12.088740348815918 110.13253784179688 44.69517135620117
			vertex -11.98305892944336 110.16951751708984 44.69517135620117
		endloop
	endfacet
	facet normal 0 0 -1
		outer loop
			vertex -12.081542015075684 99.10746002197266 44.69517135620117
			vertex -11.98305892944336 110.16951751708984 44.69517135620117
			vertex -11.975860595703125 99.07048034667969 44.69517135620117
		endloop
	endfacet
	facet normal 0 0 -1
		outer loop
			vertex -11.692802429199219 98.6199951171875 44.69517135620117
			vertex -11.705338478088379 98.73125457763672 44.69517135620117
			vertex -6.630266189575195 98.73125457763672 44.69517135620117
		endloop
	endfacet
	facet normal 0 0 -1
		outer loop
			vertex -11.692802429199219 98.6199951171875 44.69517135620117
			vertex -6.630266189575195 98.73125457763672 44.69517135620117
			vertex -6.6428022384643555 98.6199951171875 44.69517135620117
		endloop
	endfacet
	facet normal 0 0 -1
		outer loop
			vertex -12.192802429199219 99.1199951171875 44.69517135620117
			vertex -12.200000762939453 110.1199951171875 44.69517135620117
			vertex -12.088740348815918 110.13253784179688 44.69517135620117
		endloop
	endfacet
	facet normal 0 0 -1
		outer loop
			vertex -12.192802429199219 99.1199951171875 44.69517135620117
			vertex -12.088740348815918 110.13253784179688 44.69517135620117
			vertex -12.081542015075684 99.10746002197266 44.69517135620117
		endloop
	endfacet
	facet normal 0 0 -1
		outer loop
			vertex -25.69280242919922 110.6199951171875 44.69517135620117
			vertex -30 130 44.69517135620117
			vertex -25.69280242919922 123.6199951171875 44.69517135620117
		endloop
	endfacet
	facet normal 0 0 -1
		outer loop
			vertex -11.692802429199219 85.6199951171875 44.69517135620117
			vertex -11.692802429199219 98.6199951171875 44.69517135620117
			vertex -6.6428022384643555 98.6199951171875 44.69517135620117
		endloop
	endfacet
	facet normal 0 0 -1
		outer loop
			vertex -11.692802429199219 85.6199951171875 44.69517135620117
			vertex -6.6428022384643555 98.6199951171875 44.69517135620117
			vertex -6.6428022384643555 85.6199951171875 44.69517135620117
		endloop
	endfacet
	facet normal 0 0 -1
		outer loop
			vertex -25.200000762939453 99.1199951171875 44.69517135620117
			vertex -12.200000762939453 110.1199951171875 44.69517135620117
			vertex -12.192802429199219 99.1199951171875 44.69517135620117
		endloop
	endfacet
	facet normal 0 0 -1
		outer loop
			vertex -25.200000762939453 99.1199951171875 44.69517135620117
			vertex -25.19280242919922 110.1199951171875 44.69517135620117
			vertex -12.200000762939453 110.1199951171875 44.69517135620117
		endloop
	endfacet
	facet normal 0 0 -1
		outer loop
			vertex -25.200000762939453 99.1199951171875 44.69517135620117
			vertex -25.304061889648438 110.13253784179688 44.69517135620117
			vertex -25.19280242919922 110.1199951171875 44.69517135620117
		endloop
	endfacet
	facet normal 0 0 -1
		outer loop
			vertex -11.705338478088379 85.50873565673828 44.69517135620117
			vertex -6.6428022384643555 85.6199951171875 44.69517135620117
			vertex -6.630266189575195 85.50873565673828 44.69517135620117
		endloop
	endfacet
	facet normal 0 0 -1
		outer loop
			vertex -11.705338478088379 85.50873565673828 44.69517135620117
			vertex -6.630266189575195 85.50873565673828 44.69517135620117
			vertex -6.593286514282227 85.4030532836914 44.69517135620117
		endloop
	endfacet
	facet normal 0 0 -1
		outer loop
			vertex -11.705338478088379 85.50873565673828 44.69517135620117
			vertex -11.692802429199219 85.6199951171875 44.69517135620117
			vertex -6.6428022384643555 85.6199951171875 44.69517135620117
		endloop
	endfacet
	facet normal 0 0 -1
		outer loop
			vertex -25.311260223388672 99.10746002197266 44.69517135620117
			vertex -25.304061889648438 110.13253784179688 44.69517135620117
			vertex -25.200000762939453 99.1199951171875 44.69517135620117
		endloop
	endfacet
	facet normal 0 0 -1
		outer loop
			vertex -25.311260223388672 99.10746002197266 44.69517135620117
			vertex -25.409744262695312 110.16951751708984 44.69517135620117
			vertex -25.304061889648438 110.13253784179688 44.69517135620117
		endloop
	endfacet
	facet normal 0 0 -1
		outer loop
			vertex -11.742317199707031 85.4030532836914 44.69517135620117
			vertex -11.705338478088379 85.50873565673828 44.69517135620117
			vertex -6.593286514282227 85.4030532836914 44.69517135620117
		endloop
	endfacet
	facet normal 0 0 -1
		outer loop
			vertex -25.416942596435547 99.07048034667969 44.69517135620117
			vertex -25.409744262695312 110.16951751708984 44.69517135620117
			vertex -25.311260223388672 99.10746002197266 44.69517135620117
		endloop
	endfacet
	facet normal 0 0 -1
		outer loop
			vertex -25.416942596435547 99.07048034667969 44.69517135620117
			vertex -25.504547119140625 110.22908020019531 44.69517135620117
			vertex -25.409744262695312 110.16951751708984 44.69517135620117
		endloop
	endfacet
	facet normal 0 0 -1
		outer loop
			vertex -11.801886558532715 85.3082504272461 44.69517135620117
			vertex -6.593286514282227 85.4030532836914 44.69517135620117
			vertex -6.533717632293701 85.3082504272461 44.69517135620117
		endloop
	endfacet
	facet normal 0 0 -1
		outer loop
			vertex -11.801886558532715 85.3082504272461 44.69517135620117
			vertex -11.742317199707031 85.4030532836914 44.69517135620117
			vertex -6.593286514282227 85.4030532836914 44.69517135620117
		endloop
	endfacet
	facet normal 0 0 -1
		outer loop
			vertex -25.51174545288086 99.01091003417969 44.69517135620117
			vertex -25.504547119140625 110.22908020019531 44.69517135620117
			vertex -25.416942596435547 99.07048034667969 44.69517135620117
		endloop
	endfacet
	facet normal 0 0 -1
		outer loop
			vertex -25.51174545288086 99.01091003417969 44.69517135620117
			vertex -25.583717346191406 110.3082504272461 44.69517135620117
			vertex -25.504547119140625 110.22908020019531 44.69517135620117
		endloop
	endfacet
	facet normal 0 0 -1
		outer loop
			vertex -11.881056785583496 85.22908020019531 44.69517135620117
			vertex -6.533717632293701 85.3082504272461 44.69517135620117
			vertex -6.454546928405762 85.22908020019531 44.69517135620117
		endloop
	endfacet
	facet normal 0 0 -1
		outer loop
			vertex -11.881056785583496 85.22908020019531 44.69517135620117
			vertex -11.801886558532715 85.3082504272461 44.69517135620117
			vertex -6.533717632293701 85.3082504272461 44.69517135620117
		endloop
	endfacet
	facet normal 0 0 -1
		outer loop
			vertex -25.59091567993164 98.9317398071289 44.69517135620117
			vertex -25.583717346191406 110.3082504272461 44.69517135620117
			vertex -25.51174545288086 99.01091003417969 44.69517135620117
		endloop
	endfacet
	facet normal 0 0 -1
		outer loop
			vertex -25.59091567993164 98.9317398071289 44.69517135620117
			vertex -25.643285751342773 110.4030532836914 44.69517135620117
			vertex -25.583717346191406 110.3082504272461 44.69517135620117
		endloop
	endfacet
	facet normal 0 0 -1
		outer loop
			vertex -11.975860595703125 85.16951751708984 44.69517135620117
			vertex -6.454546928405762 85.22908020019531 44.69517135620117
			vertex -6.359744071960449 85.16951751708984 44.69517135620117
		endloop
	endfacet
	facet normal 0 0 -1
		outer loop
			vertex -11.975860595703125 85.16951751708984 44.69517135620117
			vertex -11.881056785583496 85.22908020019531 44.69517135620117
			vertex -6.454546928405762 85.22908020019531 44.69517135620117
		endloop
	endfacet
	facet normal 0 0 -1
		outer loop
			vertex -25.650484085083008 98.8369369506836 44.69517135620117
			vertex -25.680265426635742 110.50873565673828 44.69517135620117
			vertex -25.643285751342773 110.4030532836914 44.69517135620117
		endloop
	endfacet
	facet normal 0 0 -1
		outer loop
			vertex -25.650484085083008 98.8369369506836 44.69517135620117
			vertex -25.643285751342773 110.4030532836914 44.69517135620117
			vertex -25.59091567993164 98.9317398071289 44.69517135620117
		endloop
	endfacet
	facet normal 0 0 -1
		outer loop
			vertex -12.081542015075684 85.13253784179688 44.69517135620117
			vertex -6.359744071960449 85.16951751708984 44.69517135620117
			vertex -6.254062652587891 85.13253784179688 44.69517135620117
		endloop
	endfacet
	facet normal 0 0 -1
		outer loop
			vertex -12.081542015075684 85.13253784179688 44.69517135620117
			vertex -11.975860595703125 85.16951751708984 44.69517135620117
			vertex -6.359744071960449 85.16951751708984 44.69517135620117
		endloop
	endfacet
	facet normal 0 0 -1
		outer loop
			vertex -25.687463760375977 98.73125457763672 44.69517135620117
			vertex -25.69280242919922 110.6199951171875 44.69517135620117
			vertex -25.680265426635742 110.50873565673828 44.69517135620117
		endloop
	endfacet
	facet normal 0 0 -1
		outer loop
			vertex -25.687463760375977 98.73125457763672 44.69517135620117
			vertex -25.680265426635742 110.50873565673828 44.69517135620117
			vertex -25.650484085083008 98.8369369506836 44.69517135620117
		endloop
	endfacet
	facet normal 0 0 -1
		outer loop
			vertex -25.700000762939453 98.6199951171875 44.69517135620117
			vertex -25.69280242919922 110.6199951171875 44.69517135620117
			vertex -25.687463760375977 98.73125457763672 44.69517135620117
		endloop
	endfacet
	facet normal 0 0 -1
		outer loop
			vertex -25.700000762939453 98.6199951171875 44.69517135620117
			vertex -30 130 44.69517135620117
			vertex -25.69280242919922 110.6199951171875 44.69517135620117
		endloop
	endfacet
	facet normal 0 0 -1
		outer loop
			vertex -30 72 44.69517135620117
			vertex -12.192802429199219 85.1199951171875 44.69517135620117
			vertex -12.081542015075684 85.13253784179688 44.69517135620117
		endloop
	endfacet
	facet normal 0 0 -1
		outer loop
			vertex -30 72 44.69517135620117
			vertex -6.254062652587891 85.13253784179688 44.69517135620117
			vertex -6.1428022384643555 85.1199951171875 44.69517135620117
		endloop
	endfacet
	facet normal 0 0 -1
		outer loop
			vertex -30 72 44.69517135620117
			vertex -25.200000762939453 85.1199951171875 44.69517135620117
			vertex -12.192802429199219 85.1199951171875 44.69517135620117
		endloop
	endfacet
	facet normal 0 0 -1
		outer loop
			vertex -30 72 44.69517135620117
			vertex -25.700000762939453 85.6199951171875 44.69517135620117
			vertex -25.687463760375977 85.50873565673828 44.69517135620117
		endloop
	endfacet
	facet normal 0 0 -1
		outer loop
			vertex -30 72 44.69517135620117
			vertex -25.687463760375977 85.50873565673828 44.69517135620117
			vertex -25.650484085083008 85.4030532836914 44.69517135620117
		endloop
	endfacet
	facet normal 0 0 -1
		outer loop
			vertex -30 72 44.69517135620117
			vertex -25.650484085083008 85.4030532836914 44.69517135620117
			vertex -25.59091567993164 85.3082504272461 44.69517135620117
		endloop
	endfacet
	facet normal 0 0 -1
		outer loop
			vertex -30 72 44.69517135620117
			vertex -25.59091567993164 85.3082504272461 44.69517135620117
			vertex -25.51174545288086 85.22908020019531 44.69517135620117
		endloop
	endfacet
	facet normal 0 0 -1
		outer loop
			vertex -30 72 44.69517135620117
			vertex -25.51174545288086 85.22908020019531 44.69517135620117
			vertex -25.416942596435547 85.16951751708984 44.69517135620117
		endloop
	endfacet
	facet normal 0 0 -1
		outer loop
			vertex -30 72 44.69517135620117
			vertex -25.416942596435547 85.16951751708984 44.69517135620117
			vertex -25.311260223388672 85.13253784179688 44.69517135620117
		endloop
	endfacet
	facet normal 0 0 -1
		outer loop
			vertex -30 72 44.69517135620117
			vertex -25.311260223388672 85.13253784179688 44.69517135620117
			vertex -25.200000762939453 85.1199951171875 44.69517135620117
		endloop
	endfacet
	facet normal 0 0 -1
		outer loop
			vertex -30 72 44.69517135620117
			vertex -25.700000762939453 98.6199951171875 44.69517135620117
			vertex -25.700000762939453 85.6199951171875 44.69517135620117
		endloop
	endfacet
	facet normal 0 0 -1
		outer loop
			vertex -30 72 44.69517135620117
			vertex -12.081542015075684 85.13253784179688 44.69517135620117
			vertex -6.254062652587891 85.13253784179688 44.69517135620117
		endloop
	endfacet
	facet normal 0 0 -1
		outer loop
			vertex -30 130 44.69517135620117
			vertex -25.700000762939453 98.6199951171875 44.69517135620117
			vertex -30 72 44.69517135620117
		endloop
	endfacet
	facet normal 0 0 -1
		outer loop
			vertex -30 72 44.69517135620117
			vertex 6.8571977615356445 85.1199951171875 44.69517135620117
			vertex 30 72 44.69517135620117
		endloop
	endfacet
	facet normal 0 0 -1
		outer loop
			vertex -30 72 44.69517135620117
			vertex -6.1428022384643555 85.1199951171875 44.69517135620117
			vertex 6.8571977615356445 85.1199951171875 44.69517135620117
		endloop
	endfacet
	facet normal 0 0 -1
		outer loop
			vertex 30 72 44.69517135620117
			vertex 26.399999618530273 98.6199951171875 44.69517135620117
			vertex 30 130 44.69517135620117
		endloop
	endfacet
	facet normal 0 -1 0
		outer loop
			vertex 18 87.43000030517578 8.695170402526855
			vertex -19 87.43000030517578 4.6951704025268555
			vertex 18 87.43000030517578 4.6951704025268555
		endloop
	endfacet
	facet normal 0 -1 0
		outer loop
			vertex 18 87.43000030517578 8.695170402526855
			vertex -19 87.43000030517578 8.695170402526855
			vertex -19 87.43000030517578 4.6951704025268555
		endloop
	endfacet
	facet normal -1 0 0
		outer loop
			vertex -19 87.43000030517578 8.695170402526855
			vertex -19 95 4.6951704025268555
			vertex -19 87.43000030517578 4.6951704025268555
		endloop
	endfacet
	facet normal -1 0 0
		outer loop
			vertex -19 87.43000030517578 8.695170402526855
			vertex -19 95 8.695170402526855
			vertex -19 95 4.6951704025268555
		endloop
	endfacet
	facet normal 0 1 0
		outer loop
			vertex -19 95 8.695170402526855
			vertex 18 95 4.6951704025268555
			vertex -19 95 4.6951704025268555
		endloop
	endfacet
	facet normal 0 1 0
		outer loop
			vertex -19 95 8.695170402526855
			vertex 18 95 8.695170402526855
			vertex 18 95 4.6951704025268555
		endloop
	endfacet
	facet normal 1 0 0
		outer loop
			vertex 18 95 8.695170402526855
			vertex 18 87.43000030517578 4.6951704025268555
			vertex 18 95 4.6951704025268555
		endloop
	endfacet
	facet normal 1 0 0
		outer loop
			vertex 18 95 8.695170402526855
			vertex 18 87.43000030517578 8.695170402526855
			vertex 18 87.43000030517578 4.6951704025268555
		endloop
	endfacet
	facet normal 0 0 1
		outer loop
			vertex 18 95 8.695170402526855
			vertex -19 95 8.695170402526855
			vertex -19 87.43000030517578 8.695170402526855
		endloop
	endfacet
	facet normal 0 0 1
		outer loop
			vertex 18 95 8.695170402526855
			vertex -19 87.43000030517578 8.695170402526855
			vertex 18 87.43000030517578 8.695170402526855
		endloop
	endfacet
	facet normal 0.11196289037121163 -0.9937123885610586 0
		outer loop
			vertex 30 70 44.69517135620117
			vertex 30 70 -0.304829478263855
			vertex 31.11260414123535 70.12535858154297 -0.304829478263855
		endloop
	endfacet
	facet normal 0.33028023386034194 -0.9438829202401947 0
		outer loop
			vertex 31.11260414123535 70.12535858154297 44.69517135620117
			vertex 31.11260414123535 70.12535858154297 -0.304829478263855
			vertex 32.16941833496094 70.49515533447266 -0.304829478263855
		endloop
	endfacet
	facet normal 0.11196289037121163 -0.9937123885610586 0
		outer loop
			vertex 31.11260414123535 70.12535858154297 44.69517135620117
			vertex 30 70 44.69517135620117
			vertex 31.11260414123535 70.12535858154297 -0.304829478263855
		endloop
	endfacet
	facet normal 0.5320318467873486 -0.8467243435759026 0
		outer loop
			vertex 32.16941833496094 70.49515533447266 44.69517135620117
			vertex 32.16941833496094 70.49515533447266 -0.304829478263855
			vertex 33.11745071411133 71.0908432006836 -0.304829478263855
		endloop
	endfacet
	facet normal 0.33028023386034194 -0.9438829202401947 0
		outer loop
			vertex 32.16941833496094 70.49515533447266 44.69517135620117
			vertex 31.11260414123535 70.12535858154297 44.69517135620117
			vertex 32.16941833496094 70.49515533447266 -0.304829478263855
		endloop
	endfacet
	facet normal 0.7071084847155512 -0.7071050776534399 0
		outer loop
			vertex 33.11745071411133 71.0908432006836 44.69517135620117
			vertex 33.11745071411133 71.0908432006836 -0.304829478263855
			vertex 33.909156799316406 71.88255310058594 -0.304829478263855
		endloop
	endfacet
	facet normal 0.5320318467873486 -0.8467243435759026 0
		outer loop
			vertex 33.11745071411133 71.0908432006836 44.69517135620117
			vertex 32.16941833496094 70.49515533447266 44.69517135620117
			vertex 33.11745071411133 71.0908432006836 -0.304829478263855
		endloop
	endfacet
	facet normal 0.8467233791783675 -0.5320333816150697 0
		outer loop
			vertex 33.909156799316406 71.88255310058594 44.69517135620117
			vertex 33.909156799316406 71.88255310058594 -0.304829478263855
			vertex 34.504844665527344 72.83058166503906 -0.304829478263855
		endloop
	endfacet
	facet normal 0.7071084847155512 -0.7071050776534399 0
		outer loop
			vertex 33.909156799316406 71.88255310058594 44.69517135620117
			vertex 33.11745071411133 71.0908432006836 44.69517135620117
			vertex 33.909156799316406 71.88255310058594 -0.304829478263855
		endloop
	endfacet
	facet normal 0.9438831060692813 -0.33027970279296026 0
		outer loop
			vertex 34.504844665527344 72.83058166503906 44.69517135620117
			vertex 34.504844665527344 72.83058166503906 -0.304829478263855
			vertex 34.87464141845703 73.88739776611328 -0.304829478263855
		endloop
	endfacet
	facet normal 0.8467233791783675 -0.5320333816150697 0
		outer loop
			vertex 34.504844665527344 72.83058166503906 44.69517135620117
			vertex 33.909156799316406 71.88255310058594 44.69517135620117
			vertex 34.504844665527344 72.83058166503906 -0.304829478263855
		endloop
	endfacet
	facet normal 0.9937123672060661 -0.11196307990456675 0
		outer loop
			vertex 34.87464141845703 73.88739776611328 44.69517135620117
			vertex 34.87464141845703 73.88739776611328 -0.304829478263855
			vertex 35 75 -0.304829478263855
		endloop
	endfacet
	facet normal 0.9438831060692813 -0.33027970279296026 0
		outer loop
			vertex 34.87464141845703 73.88739776611328 44.69517135620117
			vertex 34.504844665527344 72.83058166503906 44.69517135620117
			vertex 34.87464141845703 73.88739776611328 -0.304829478263855
		endloop
	endfacet
	facet normal 0.9937123672060661 -0.11196307990456675 0
		outer loop
			vertex 35 75 44.69517135620117
			vertex 34.87464141845703 73.88739776611328 44.69517135620117
			vertex 35 75 -0.304829478263855
		endloop
	endfacet
	facet normal 0 -1 0
		outer loop
			vertex 21.75 70 5.6951704025268555
			vertex 30 70 -0.304829478263855
			vertex 30 70 44.69517135620117
		endloop
	endfacet
	facet normal 0 -1 0
		outer loop
			vertex 21.75 70 5.6951704025268555
			vertex 30 70 44.69517135620117
			vertex 21.75 70 43.69517135620117
		endloop
	endfacet
	facet normal 0 -1 0
		outer loop
			vertex -30 70 44.69517135620117
			vertex -21.75 70 43.69517135620117
			vertex 21.75 70 43.69517135620117
		endloop
	endfacet
	facet normal 0 -1 0
		outer loop
			vertex -30 70 44.69517135620117
			vertex 21.75 70 43.69517135620117
			vertex 30 70 44.69517135620117
		endloop
	endfacet
	facet normal 0 -1 0
		outer loop
			vertex -21.75 70 5.6951704025268555
			vertex -21.75 70 43.69517135620117
			vertex -30 70 44.69517135620117
		endloop
	endfacet
	facet normal 0 -1 0
		outer loop
			vertex -30 70 -0.304829478263855
			vertex -21.75 70 5.6951704025268555
			vertex -30 70 44.69517135620117
		endloop
	endfacet
	facet normal 0 -1 0
		outer loop
			vertex -30 70 -0.304829478263855
			vertex 30 70 -0.304829478263855
			vertex 21.75 70 5.6951704025268555
		endloop
	endfacet
	facet normal 0 -1 0
		outer loop
			vertex -30 70 -0.304829478263855
			vertex 21.75 70 5.6951704025268555
			vertex -21.75 70 5.6951704025268555
		endloop
	endfacet
	facet normal 0 0 -1
		outer loop
			vertex -34.504844665527344 72.83058166503906 -0.304829478263855
			vertex -34.87464141845703 73.88739776611328 -0.304829478263855
			vertex -35 75 -0.304829478263855
		endloop
	endfacet
	facet normal 0 0 -1
		outer loop
			vertex -33.909156799316406 71.88255310058594 -0.304829478263855
			vertex -34.504844665527344 72.83058166503906 -0.304829478263855
			vertex -35 75 -0.304829478263855
		endloop
	endfacet
	facet normal 0 0 -1
		outer loop
			vertex -33.11745071411133 71.0908432006836 -0.304829478263855
			vertex -33.909156799316406 71.88255310058594 -0.304829478263855
			vertex -35 75 -0.304829478263855
		endloop
	endfacet
	facet normal 0 0 -1
		outer loop
			vertex -31.11260414123535 70.12535858154297 -0.304829478263855
			vertex -32.16941833496094 70.49515533447266 -0.304829478263855
			vertex -33.11745071411133 71.0908432006836 -0.304829478263855
		endloop
	endfacet
	facet normal 0 0 -1
		outer loop
			vertex -31.11260414123535 70.12535858154297 -0.304829478263855
			vertex -33.11745071411133 71.0908432006836 -0.304829478263855
			vertex -35 75 -0.304829478263855
		endloop
	endfacet
	facet normal 0 0 -1
		outer loop
			vertex -30 70 -0.304829478263855
			vertex -35 75 -0.304829478263855
			vertex -35 130 -0.304829478263855
		endloop
	endfacet
	facet normal 0 0 -1
		outer loop
			vertex -30 70 -0.304829478263855
			vertex -31.11260414123535 70.12535858154297 -0.304829478263855
			vertex -35 75 -0.304829478263855
		endloop
	endfacet
	facet normal 0 0 -1
		outer loop
			vertex 30 70 -0.304829478263855
			vertex -35 130 -0.304829478263855
			vertex 35 130 -0.304829478263855
		endloop
	endfacet
	facet normal 0 0 -1
		outer loop
			vertex 30 70 -0.304829478263855
			vertex 35 130 -0.304829478263855
			vertex 35 75 -0.304829478263855
		endloop
	endfacet
	facet normal 0 0 -1
		outer loop
			vertex 30 70 -0.304829478263855
			vertex -30 70 -0.304829478263855
			vertex -35 130 -0.304829478263855
		endloop
	endfacet
	facet normal 0 0 -1
		outer loop
			vertex 31.11260414123535 70.12535858154297 -0.304829478263855
			vertex 30 70 -0.304829478263855
			vertex 35 75 -0.304829478263855
		endloop
	endfacet
	facet normal 0 0 -1
		outer loop
			vertex 33.11745071411133 71.0908432006836 -0.304829478263855
			vertex 32.16941833496094 70.49515533447266 -0.304829478263855
			vertex 31.11260414123535 70.12535858154297 -0.304829478263855
		endloop
	endfacet
	facet normal 0 0 -1
		outer loop
			vertex 33.11745071411133 71.0908432006836 -0.304829478263855
			vertex 35 75 -0.304829478263855
			vertex 34.87464141845703 73.88739776611328 -0.304829478263855
		endloop
	endfacet
	facet normal 0 0 -1
		outer loop
			vertex 33.11745071411133 71.0908432006836 -0.304829478263855
			vertex 31.11260414123535 70.12535858154297 -0.304829478263855
			vertex 35 75 -0.304829478263855
		endloop
	endfacet
	facet normal 0 0 -1
		outer loop
			vertex 33.909156799316406 71.88255310058594 -0.304829478263855
			vertex 34.87464141845703 73.88739776611328 -0.304829478263855
			vertex 34.504844665527344 72.83058166503906 -0.304829478263855
		endloop
	endfacet
	facet normal 0 0 -1
		outer loop
			vertex 33.909156799316406 71.88255310058594 -0.304829478263855
			vertex 33.11745071411133 71.0908432006836 -0.304829478263855
			vertex 34.87464141845703 73.88739776611328 -0.304829478263855
		endloop
	endfacet
	facet normal 0 0 1
		outer loop
			vertex 21.75 72 5.6951704025268555
			vertex -21.75 72 5.6951704025268555
			vertex -21.75 70 5.6951704025268555
		endloop
	endfacet
	facet normal 0 0 1
		outer loop
			vertex 21.75 70 5.6951704025268555
			vertex 21.75 72 5.6951704025268555
			vertex -21.75 70 5.6951704025268555
		endloop
	endfacet
	facet normal -1 0 0
		outer loop
			vertex 21.75 70 43.69517135620117
			vertex 21.75 72 5.6951704025268555
			vertex 21.75 70 5.6951704025268555
		endloop
	endfacet
	facet normal -1 0 0
		outer loop
			vertex 21.75 70 43.69517135620117
			vertex 21.75 72 43.69517135620117
			vertex 21.75 72 5.6951704025268555
		endloop
	endfacet
	facet normal 0 0 -1
		outer loop
			vertex -21.75 70 43.69517135620117
			vertex 21.75 72 43.69517135620117
			vertex 21.75 70 43.69517135620117
		endloop
	endfacet
	facet normal 0 0 -1
		outer loop
			vertex -21.75 70 43.69517135620117
			vertex -21.75 72 43.69517135620117
			vertex 21.75 72 43.69517135620117
		endloop
	endfacet
	facet normal 1 0 0
		outer loop
			vertex -21.75 70 5.6951704025268555
			vertex -21.75 72 43.69517135620117
			vertex -21.75 70 43.69517135620117
		endloop
	endfacet
	facet normal 1 0 0
		outer loop
			vertex -21.75 70 5.6951704025268555
			vertex -21.75 72 5.6951704025268555
			vertex -21.75 72 43.69517135620117
		endloop
	endfacet
	facet normal -1 0 0
		outer loop
			vertex 30 104.39334869384766 21.2128963470459
			vertex 30 105.07002258300781 21.812376022338867
			vertex 30 130 4.6951704025268555
		endloop
	endfacet
	facet normal -1 0 0
		outer loop
			vertex 30 105.58356475830078 22.556373596191406
			vertex 30 130 4.6951704025268555
			vertex 30 105.07002258300781 21.812376022338867
		endloop
	endfacet
	facet normal -1 0 0
		outer loop
			vertex 30 103.59288024902344 20.792774200439453
			vertex 30 104.39334869384766 21.2128963470459
			vertex 30 130 4.6951704025268555
		endloop
	endfacet
	facet normal -1 0 0
		outer loop
			vertex 30 105.90413665771484 23.40165138244629
			vertex 30 130 4.6951704025268555
			vertex 30 105.58356475830078 22.556373596191406
		endloop
	endfacet
	facet normal -1 0 0
		outer loop
			vertex 30 102.71511840820312 20.576427459716797
			vertex 30 103.59288024902344 20.792774200439453
			vertex 30 130 4.6951704025268555
		endloop
	endfacet
	facet normal -1 0 0
		outer loop
			vertex 30 106.01310729980469 24.29908561706543
			vertex 30 130 44.69517135620117
			vertex 30 130 4.6951704025268555
		endloop
	endfacet
	facet normal -1 0 0
		outer loop
			vertex 30 106.01310729980469 24.29908561706543
			vertex 30 130 4.6951704025268555
			vertex 30 105.90413665771484 23.40165138244629
		endloop
	endfacet
	facet normal -1 0 0
		outer loop
			vertex 30 101.81109619140625 20.576427459716797
			vertex 30 102.71511840820312 20.576427459716797
			vertex 30 130 4.6951704025268555
		endloop
	endfacet
	facet normal -1 0 0
		outer loop
			vertex 30 105.90413665771484 25.19651985168457
			vertex 30 130 44.69517135620117
			vertex 30 106.01310729980469 24.29908561706543
		endloop
	endfacet
	facet normal -1 0 0
		outer loop
			vertex 30 105.58356475830078 26.041797637939453
			vertex 30 130 44.69517135620117
			vertex 30 105.90413665771484 25.19651985168457
		endloop
	endfacet
	facet normal -1 0 0
		outer loop
			vertex 30 105.07002258300781 26.785795211791992
			vertex 30 130 44.69517135620117
			vertex 30 105.58356475830078 26.041797637939453
		endloop
	endfacet
	facet normal -1 0 0
		outer loop
			vertex 30 104.39334869384766 27.38527488708496
			vertex 30 130 44.69517135620117
			vertex 30 105.07002258300781 26.785795211791992
		endloop
	endfacet
	facet normal -1 0 0
		outer loop
			vertex 30 103.59288024902344 27.805397033691406
			vertex 30 130 44.69517135620117
			vertex 30 104.39334869384766 27.38527488708496
		endloop
	endfacet
	facet normal -1 0 0
		outer loop
			vertex 30 102.71511840820312 28.021743774414062
			vertex 30 130 44.69517135620117
			vertex 30 103.59288024902344 27.805397033691406
		endloop
	endfacet
	facet normal -1 0 0
		outer loop
			vertex 30 101.81109619140625 28.021743774414062
			vertex 30 130 44.69517135620117
			vertex 30 102.71511840820312 28.021743774414062
		endloop
	endfacet
	facet normal -1 0 0
		outer loop
			vertex 30 72 4.6951704025268555
			vertex 30 98.51310729980469 24.29908561706543
			vertex 30 98.62207794189453 23.40165138244629
		endloop
	endfacet
	facet normal -1 0 0
		outer loop
			vertex 30 72 4.6951704025268555
			vertex 30 98.62207794189453 23.40165138244629
			vertex 30 98.9426498413086 22.556373596191406
		endloop
	endfacet
	facet normal -1 0 0
		outer loop
			vertex 30 72 4.6951704025268555
			vertex 30 98.9426498413086 22.556373596191406
			vertex 30 99.45619201660156 21.812376022338867
		endloop
	endfacet
	facet normal -1 0 0
		outer loop
			vertex 30 72 4.6951704025268555
			vertex 30 99.45619201660156 21.812376022338867
			vertex 30 100.13286590576172 21.2128963470459
		endloop
	endfacet
	facet normal -1 0 0
		outer loop
			vertex 30 72 4.6951704025268555
			vertex 30 100.13286590576172 21.2128963470459
			vertex 30 100.93334197998047 20.792774200439453
		endloop
	endfacet
	facet normal -1 0 0
		outer loop
			vertex 30 72 4.6951704025268555
			vertex 30 100.93334197998047 20.792774200439453
			vertex 30 101.81109619140625 20.576427459716797
		endloop
	endfacet
	facet normal -1 0 0
		outer loop
			vertex 30 72 4.6951704025268555
			vertex 30 101.81109619140625 20.576427459716797
			vertex 30 130 4.6951704025268555
		endloop
	endfacet
	facet normal -1 0 0
		outer loop
			vertex 30 72 44.69517135620117
			vertex 30 101.81109619140625 28.021743774414062
			vertex 30 100.93334197998047 27.805397033691406
		endloop
	endfacet
	facet normal -1 0 0
		outer loop
			vertex 30 72 44.69517135620117
			vertex 30 100.93334197998047 27.805397033691406
			vertex 30 100.13286590576172 27.38527488708496
		endloop
	endfacet
	facet normal -1 0 0
		outer loop
			vertex 30 72 44.69517135620117
			vertex 30 100.13286590576172 27.38527488708496
			vertex 30 99.45619201660156 26.785795211791992
		endloop
	endfacet
	facet normal -1 0 0
		outer loop
			vertex 30 72 44.69517135620117
			vertex 30 99.45619201660156 26.785795211791992
			vertex 30 98.9426498413086 26.041797637939453
		endloop
	endfacet
	facet normal -1 0 0
		outer loop
			vertex 30 72 44.69517135620117
			vertex 30 98.9426498413086 26.041797637939453
			vertex 30 98.62207794189453 25.19651985168457
		endloop
	endfacet
	facet normal -1 0 0
		outer loop
			vertex 30 72 44.69517135620117
			vertex 30 98.62207794189453 25.19651985168457
			vertex 30 98.51310729980469 24.29908561706543
		endloop
	endfacet
	facet normal -1 0 0
		outer loop
			vertex 30 72 44.69517135620117
			vertex 30 98.51310729980469 24.29908561706543
			vertex 30 72 4.6951704025268555
		endloop
	endfacet
	facet normal -1 0 0
		outer loop
			vertex 30 72 44.69517135620117
			vertex 30 130 44.69517135620117
			vertex 30 101.81109619140625 28.021743774414062
		endloop
	endfacet
	facet normal 0 0 1
		outer loop
			vertex -30 72 4.6951704025268555
			vertex -19 87.43000030517578 4.6951704025268555
			vertex -19 95 4.6951704025268555
		endloop
	endfacet
	facet normal 0 0 1
		outer loop
			vertex -30 72 4.6951704025268555
			vertex -19 95 4.6951704025268555
			vertex -30 130 4.6951704025268555
		endloop
	endfacet
	facet normal 0 0 1
		outer loop
			vertex 18 95 4.6951704025268555
			vertex 30 130 4.6951704025268555
			vertex -30 130 4.6951704025268555
		endloop
	endfacet
	facet normal 0 0 1
		outer loop
			vertex 18 95 4.6951704025268555
			vertex -30 130 4.6951704025268555
			vertex -19 95 4.6951704025268555
		endloop
	endfacet
	facet normal 0 0 1
		outer loop
			vertex 18 87.43000030517578 4.6951704025268555
			vertex -19 87.43000030517578 4.6951704025268555
			vertex -30 72 4.6951704025268555
		endloop
	endfacet
	facet normal 0 0 1
		outer loop
			vertex 30 72 4.6951704025268555
			vertex 18 95 4.6951704025268555
			vertex 18 87.43000030517578 4.6951704025268555
		endloop
	endfacet
	facet normal 0 0 1
		outer loop
			vertex 30 72 4.6951704025268555
			vertex 30 130 4.6951704025268555
			vertex 18 95 4.6951704025268555
		endloop
	endfacet
	facet normal 0 0 1
		outer loop
			vertex 30 72 4.6951704025268555
			vertex 18 87.43000030517578 4.6951704025268555
			vertex -30 72 4.6951704025268555
		endloop
	endfacet
	facet normal 1 0 0
		outer loop
			vertex -30 72 44.69517135620117
			vertex -30 130 4.6951704025268555
			vertex -30 130 44.69517135620117
		endloop
	endfacet
	facet normal 1 0 0
		outer loop
			vertex -30 72 4.6951704025268555
			vertex -30 130 4.6951704025268555
			vertex -30 72 44.69517135620117
		endloop
	endfacet
	facet normal 0 1 0
		outer loop
			vertex 30 72 4.6951704025268555
			vertex 21.75 72 43.69517135620117
			vertex 30 72 44.69517135620117
		endloop
	endfacet
	facet normal 0 1 0
		outer loop
			vertex 21.75 72 5.6951704025268555
			vertex 21.75 72 43.69517135620117
			vertex 30 72 4.6951704025268555
		endloop
	endfacet
	facet normal 0 1 0
		outer loop
			vertex -21.75 72 43.69517135620117
			vertex 30 72 44.69517135620117
			vertex 21.75 72 43.69517135620117
		endloop
	endfacet
	facet normal 0 1 0
		outer loop
			vertex -30 72 44.69517135620117
			vertex 30 72 44.69517135620117
			vertex -21.75 72 43.69517135620117
		endloop
	endfacet
	facet normal 0 1 0
		outer loop
			vertex -30 72 4.6951704025268555
			vertex -21.75 72 43.69517135620117
			vertex -21.75 72 5.6951704025268555
		endloop
	endfacet
	facet normal 0 1 0
		outer loop
			vertex -30 72 4.6951704025268555
			vertex -30 72 44.69517135620117
			vertex -21.75 72 43.69517135620117
		endloop
	endfacet
	facet normal 0 1 0
		outer loop
			vertex -30 72 4.6951704025268555
			vertex 21.75 72 5.6951704025268555
			vertex 30 72 4.6951704025268555
		endloop
	endfacet
	facet normal 0 1 0
		outer loop
			vertex -30 72 4.6951704025268555
			vertex -21.75 72 5.6951704025268555
			vertex 21.75 72 5.6951704025268555
		endloop
	endfacet
	facet normal 1 0 0
		outer loop
			vertex 35 104.39334869384766 21.2128963470459
			vertex 35 130 -0.304829478263855
			vertex 35 105.07002258300781 21.812376022338867
		endloop
	endfacet
	facet normal 1 0 0
		outer loop
			vertex 35 105.58356475830078 22.556373596191406
			vertex 35 105.07002258300781 21.812376022338867
			vertex 35 130 -0.304829478263855
		endloop
	endfacet
	facet normal 1 0 0
		outer loop
			vertex 35 103.59288024902344 20.792774200439453
			vertex 35 130 -0.304829478263855
			vertex 35 104.39334869384766 21.2128963470459
		endloop
	endfacet
	facet normal 1 0 0
		outer loop
			vertex 35 105.90413665771484 23.40165138244629
			vertex 35 105.58356475830078 22.556373596191406
			vertex 35 130 -0.304829478263855
		endloop
	endfacet
	facet normal 1 0 0
		outer loop
			vertex 35 102.71511840820312 20.576427459716797
			vertex 35 130 -0.304829478263855
			vertex 35 103.59288024902344 20.792774200439453
		endloop
	endfacet
	facet normal 1 0 0
		outer loop
			vertex 35 106.01310729980469 24.29908561706543
			vertex 35 130 -0.304829478263855
			vertex 35 130 44.69517135620117
		endloop
	endfacet
	facet normal 1 0 0
		outer loop
			vertex 35 106.01310729980469 24.29908561706543
			vertex 35 105.90413665771484 23.40165138244629
			vertex 35 130 -0.304829478263855
		endloop
	endfacet
	facet normal 1 0 0
		outer loop
			vertex 35 105.90413665771484 25.19651985168457
			vertex 35 106.01310729980469 24.29908561706543
			vertex 35 130 44.69517135620117
		endloop
	endfacet
	facet normal 1 0 0
		outer loop
			vertex 35 105.58356475830078 26.041797637939453
			vertex 35 105.90413665771484 25.19651985168457
			vertex 35 130 44.69517135620117
		endloop
	endfacet
	facet normal 1 0 0
		outer loop
			vertex 35 105.07002258300781 26.785795211791992
			vertex 35 105.58356475830078 26.041797637939453
			vertex 35 130 44.69517135620117
		endloop
	endfacet
	facet normal 1 0 0
		outer loop
			vertex 35 104.39334869384766 27.38527488708496
			vertex 35 105.07002258300781 26.785795211791992
			vertex 35 130 44.69517135620117
		endloop
	endfacet
	facet normal 1 0 0
		outer loop
			vertex 35 103.59288024902344 27.805397033691406
			vertex 35 104.39334869384766 27.38527488708496
			vertex 35 130 44.69517135620117
		endloop
	endfacet
	facet normal 1 0 0
		outer loop
			vertex 35 75 -0.304829478263855
			vertex 35 102.71511840820312 20.576427459716797
			vertex 35 101.81109619140625 20.576427459716797
		endloop
	endfacet
	facet normal 1 0 0
		outer loop
			vertex 35 75 -0.304829478263855
			vertex 35 101.81109619140625 20.576427459716797
			vertex 35 100.93334197998047 20.792774200439453
		endloop
	endfacet
	facet normal 1 0 0
		outer loop
			vertex 35 75 -0.304829478263855
			vertex 35 100.93334197998047 20.792774200439453
			vertex 35 100.13286590576172 21.2128963470459
		endloop
	endfacet
	facet normal 1 0 0
		outer loop
			vertex 35 75 -0.304829478263855
			vertex 35 100.13286590576172 21.2128963470459
			vertex 35 99.45619201660156 21.812376022338867
		endloop
	endfacet
	facet normal 1 0 0
		outer loop
			vertex 35 75 -0.304829478263855
			vertex 35 99.45619201660156 21.812376022338867
			vertex 35 98.9426498413086 22.556373596191406
		endloop
	endfacet
	facet normal 1 0 0
		outer loop
			vertex 35 75 -0.304829478263855
			vertex 35 130 -0.304829478263855
			vertex 35 102.71511840820312 20.576427459716797
		endloop
	endfacet
	facet normal 1 0 0
		outer loop
			vertex 35 98.62207794189453 23.40165138244629
			vertex 35 75 -0.304829478263855
			vertex 35 98.9426498413086 22.556373596191406
		endloop
	endfacet
	facet normal 1 0 0
		outer loop
			vertex 35 102.71511840820312 28.021743774414062
			vertex 35 103.59288024902344 27.805397033691406
			vertex 35 130 44.69517135620117
		endloop
	endfacet
	facet normal 1 0 0
		outer loop
			vertex 35 98.51310729980469 24.29908561706543
			vertex 35 75 -0.304829478263855
			vertex 35 98.62207794189453 23.40165138244629
		endloop
	endfacet
	facet normal 1 0 0
		outer loop
			vertex 35 75 44.69517135620117
			vertex 35 98.51310729980469 24.29908561706543
			vertex 35 98.62207794189453 25.19651985168457
		endloop
	endfacet
	facet normal 1 0 0
		outer loop
			vertex 35 75 44.69517135620117
			vertex 35 98.62207794189453 25.19651985168457
			vertex 35 98.9426498413086 26.041797637939453
		endloop
	endfacet
	facet normal 1 0 0
		outer loop
			vertex 35 75 44.69517135620117
			vertex 35 98.9426498413086 26.041797637939453
			vertex 35 99.45619201660156 26.785795211791992
		endloop
	endfacet
	facet normal 1 0 0
		outer loop
			vertex 35 75 44.69517135620117
			vertex 35 99.45619201660156 26.785795211791992
			vertex 35 100.13286590576172 27.38527488708496
		endloop
	endfacet
	facet normal 1 0 0
		outer loop
			vertex 35 75 44.69517135620117
			vertex 35 100.13286590576172 27.38527488708496
			vertex 35 100.93334197998047 27.805397033691406
		endloop
	endfacet
	facet normal 1 0 0
		outer loop
			vertex 35 75 44.69517135620117
			vertex 35 100.93334197998047 27.805397033691406
			vertex 35 101.81109619140625 28.021743774414062
		endloop
	endfacet
	facet normal 1 0 0
		outer loop
			vertex 35 75 44.69517135620117
			vertex 35 101.81109619140625 28.021743774414062
			vertex 35 102.71511840820312 28.021743774414062
		endloop
	endfacet
	facet normal 1 0 0
		outer loop
			vertex 35 75 44.69517135620117
			vertex 35 102.71511840820312 28.021743774414062
			vertex 35 130 44.69517135620117
		endloop
	endfacet
	facet normal 1 0 0
		outer loop
			vertex 35 75 44.69517135620117
			vertex 35 75 -0.304829478263855
			vertex 35 98.51310729980469 24.29908561706543
		endloop
	endfacet
	facet normal 1 0 0
		outer loop
			vertex 18 130 4.6951704025268555
			vertex 18 95 8.695170402526855
			vertex 18 95 4.6951704025268555
		endloop
	endfacet
	facet normal 1 0 0
		outer loop
			vertex 18 130 8.695170402526855
			vertex 18 95 8.695170402526855
			vertex 18 130 4.6951704025268555
		endloop
	endfacet
	facet normal 0 -1 0
		outer loop
			vertex 18 95 8.695170402526855
			vertex 13 95 4.6951704025268555
			vertex 18 95 4.6951704025268555
		endloop
	endfacet
	facet normal 0 -1 0
		outer loop
			vertex 18 95 8.695170402526855
			vertex 13 95 8.695170402526855
			vertex 13 95 4.6951704025268555
		endloop
	endfacet
	facet normal -1 0 0
		outer loop
			vertex 13 95 4.6951704025268555
			vertex 13 130 8.695170402526855
			vertex 13 130 4.6951704025268555
		endloop
	endfacet
	facet normal -1 0 0
		outer loop
			vertex 13 95 8.695170402526855
			vertex 13 130 8.695170402526855
			vertex 13 95 4.6951704025268555
		endloop
	endfacet
	facet normal 0 1 0
		outer loop
			vertex 13 130 8.695170402526855
			vertex 18 130 4.6951704025268555
			vertex 13 130 4.6951704025268555
		endloop
	endfacet
	facet normal 0 1 0
		outer loop
			vertex 13 130 8.695170402526855
			vertex 18 130 8.695170402526855
			vertex 18 130 4.6951704025268555
		endloop
	endfacet
	facet normal 0 0 1
		outer loop
			vertex 18 130 8.695170402526855
			vertex 13 130 8.695170402526855
			vertex 13 95 8.695170402526855
		endloop
	endfacet
	facet normal 0 0 1
		outer loop
			vertex 18 130 8.695170402526855
			vertex 13 95 8.695170402526855
			vertex 18 95 8.695170402526855
		endloop
	endfacet
	facet normal 0 0 -1
		outer loop
			vertex 13 95 4.6951704025268555
			vertex 18 130 4.6951704025268555
			vertex 18 95 4.6951704025268555
		endloop
	endfacet
	facet normal 0 0 -1
		outer loop
			vertex 13 95 4.6951704025268555
			vertex 13 130 4.6951704025268555
			vertex 18 130 4.6951704025268555
		endloop
	endfacet
	facet normal 1 0 0
		outer loop
			vertex -14 130 4.6951704025268555
			vertex -14 95 8.695170402526855
			vertex -14 95 4.6951704025268555
		endloop
	endfacet
	facet normal 1 0 0
		outer loop
			vertex -14 130 8.695170402526855
			vertex -14 95 8.695170402526855
			vertex -14 130 4.6951704025268555
		endloop
	endfacet
	facet normal 0 -1 0
		outer loop
			vertex -14 95 8.695170402526855
			vertex -19 95 4.6951704025268555
			vertex -14 95 4.6951704025268555
		endloop
	endfacet
	facet normal 0 -1 0
		outer loop
			vertex -14 95 8.695170402526855
			vertex -19 95 8.695170402526855
			vertex -19 95 4.6951704025268555
		endloop
	endfacet
	facet normal -1 0 0
		outer loop
			vertex -19 95 4.6951704025268555
			vertex -19 130 8.695170402526855
			vertex -19 130 4.6951704025268555
		endloop
	endfacet
	facet normal -1 0 0
		outer loop
			vertex -19 95 8.695170402526855
			vertex -19 130 8.695170402526855
			vertex -19 95 4.6951704025268555
		endloop
	endfacet
	facet normal 0 1 0
		outer loop
			vertex -19 130 8.695170402526855
			vertex -14 130 4.6951704025268555
			vertex -19 130 4.6951704025268555
		endloop
	endfacet
	facet normal 0 1 0
		outer loop
			vertex -19 130 8.695170402526855
			vertex -14 130 8.695170402526855
			vertex -14 130 4.6951704025268555
		endloop
	endfacet
	facet normal 0 0 1
		outer loop
			vertex -14 130 8.695170402526855
			vertex -19 130 8.695170402526855
			vertex -19 95 8.695170402526855
		endloop
	endfacet
	facet normal 0 0 1
		outer loop
			vertex -14 130 8.695170402526855
			vertex -19 95 8.695170402526855
			vertex -14 95 8.695170402526855
		endloop
	endfacet
	facet normal 0 0 -1
		outer loop
			vertex -19 95 4.6951704025268555
			vertex -14 130 4.6951704025268555
			vertex -14 95 4.6951704025268555
		endloop
	endfacet
	facet normal 0 0 -1
		outer loop
			vertex -19 95 4.6951704025268555
			vertex -19 130 4.6951704025268555
			vertex -14 130 4.6951704025268555
		endloop
	endfacet
	facet normal -0.11199075296477173 -0.9937092488501772 0
		outer loop
			vertex -70.8856430053711 121.34999084472656 15.106833457946777
			vertex -71.10816192626953 121.37506866455078 17.106834411621094
			vertex -71.10816192626953 121.37506866455078 15.106833457946777
		endloop
	endfacet
	facet normal -0.11199075296477173 -0.9937092488501772 0
		outer loop
			vertex -70.8856430053711 121.34999084472656 15.106833457946777
			vertex -70.8856430053711 121.34999084472656 17.106834411621094
			vertex -71.10816192626953 121.37506866455078 17.106834411621094
		endloop
	endfacet
	facet normal -0.33027757853946615 -0.943883849376663 0
		outer loop
			vertex -70.67427825927734 121.27603149414062 15.106833457946777
			vertex -70.67427825927734 121.27603149414062 17.106834411621094
			vertex -70.8856430053711 121.34999084472656 17.106834411621094
		endloop
	endfacet
	facet normal -0.33027757853946615 -0.943883849376663 0
		outer loop
			vertex -70.67427825927734 121.27603149414062 15.106833457946777
			vertex -70.8856430053711 121.34999084472656 17.106834411621094
			vertex -70.8856430053711 121.34999084472656 15.106833457946777
		endloop
	endfacet
	facet normal -0.532018725406231 -0.8467325881393308 0
		outer loop
			vertex -70.48467254638672 121.15689849853516 15.106833457946777
			vertex -70.48467254638672 121.15689849853516 17.106834411621094
			vertex -70.67427825927734 121.27603149414062 17.106834411621094
		endloop
	endfacet
	facet normal -0.532018725406231 -0.8467325881393308 0
		outer loop
			vertex -70.48467254638672 121.15689849853516 15.106833457946777
			vertex -70.67427825927734 121.27603149414062 17.106834411621094
			vertex -70.67427825927734 121.27603149414062 15.106833457946777
		endloop
	endfacet
	facet normal -0.7071067811865476 -0.7071067811865476 0
		outer loop
			vertex -70.32633209228516 120.9985580444336 15.106833457946777
			vertex -70.32633209228516 120.9985580444336 17.106834411621094
			vertex -70.48467254638672 121.15689849853516 17.106834411621094
		endloop
	endfacet
	facet normal -0.7071067811865476 -0.7071067811865476 0
		outer loop
			vertex -70.32633209228516 120.9985580444336 15.106833457946777
			vertex -70.48467254638672 121.15689849853516 17.106834411621094
			vertex -70.48467254638672 121.15689849853516 15.106833457946777
		endloop
	endfacet
	facet normal -0.8467172398414097 -0.5320431521552975 0
		outer loop
			vertex -70.20719146728516 120.80895233154297 15.106833457946777
			vertex -70.20719146728516 120.80895233154297 17.106834411621094
			vertex -70.32633209228516 120.9985580444336 17.106834411621094
		endloop
	endfacet
	facet normal -0.8467172398414097 -0.5320431521552975 0
		outer loop
			vertex -70.20719146728516 120.80895233154297 15.106833457946777
			vertex -70.32633209228516 120.9985580444336 17.106834411621094
			vertex -70.32633209228516 120.9985580444336 15.106833457946777
		endloop
	endfacet
	facet normal -0.943883849376663 -0.33027757853946615 0
		outer loop
			vertex -70.13323211669922 120.59758758544922 15.106833457946777
			vertex -70.13323211669922 120.59758758544922 17.106834411621094
			vertex -70.20719146728516 120.80895233154297 17.106834411621094
		endloop
	endfacet
	facet normal -0.943883849376663 -0.33027757853946615 0
		outer loop
			vertex -70.13323211669922 120.59758758544922 15.106833457946777
			vertex -70.20719146728516 120.80895233154297 17.106834411621094
			vertex -70.20719146728516 120.80895233154297 15.106833457946777
		endloop
	endfacet
	facet normal -0.9937130399077071 -0.11195710927575689 0
		outer loop
			vertex -70.10816192626953 120.37506866455078 15.106833457946777
			vertex -70.10816192626953 120.37506866455078 17.106834411621094
			vertex -70.13323211669922 120.59758758544922 17.106834411621094
		endloop
	endfacet
	facet normal -0.9937130399077071 -0.11195710927575689 0
		outer loop
			vertex -70.10816192626953 120.37506866455078 15.106833457946777
			vertex -70.13323211669922 120.59758758544922 17.106834411621094
			vertex -70.13323211669922 120.59758758544922 15.106833457946777
		endloop
	endfacet
	facet normal 0 -1 0
		outer loop
			vertex -78.28408813476562 121.37506866455078 15.106833457946777
			vertex -71.10816192626953 121.37506866455078 15.106833457946777
			vertex -71.10816192626953 121.37506866455078 17.106834411621094
		endloop
	endfacet
	facet normal 0 -1 0
		outer loop
			vertex -78.28408813476562 121.37506866455078 15.106833457946777
			vertex -71.10816192626953 121.37506866455078 17.106834411621094
			vertex -78.28408813476562 121.37506866455078 17.106834411621094
		endloop
	endfacet
	facet normal 0.9937130399077071 -0.11195710927575689 0
		outer loop
			vertex -79.28408813476562 120.37506866455078 15.106833457946777
			vertex -79.25901794433594 120.59758758544922 17.106834411621094
			vertex -79.28408813476562 120.37506866455078 17.106834411621094
		endloop
	endfacet
	facet normal 0.943883849376663 -0.33027757853946615 0
		outer loop
			vertex -79.25901794433594 120.59758758544922 15.106833457946777
			vertex -79.18505859375 120.80895233154297 17.106834411621094
			vertex -79.25901794433594 120.59758758544922 17.106834411621094
		endloop
	endfacet
	facet normal 0.9937130399077071 -0.11195710927575689 0
		outer loop
			vertex -79.25901794433594 120.59758758544922 15.106833457946777
			vertex -79.25901794433594 120.59758758544922 17.106834411621094
			vertex -79.28408813476562 120.37506866455078 15.106833457946777
		endloop
	endfacet
	facet normal 0.8467172398414097 -0.5320431521552975 0
		outer loop
			vertex -79.18505859375 120.80895233154297 15.106833457946777
			vertex -79.06591796875 120.9985580444336 17.106834411621094
			vertex -79.18505859375 120.80895233154297 17.106834411621094
		endloop
	endfacet
	facet normal 0.943883849376663 -0.33027757853946615 0
		outer loop
			vertex -79.18505859375 120.80895233154297 15.106833457946777
			vertex -79.18505859375 120.80895233154297 17.106834411621094
			vertex -79.25901794433594 120.59758758544922 15.106833457946777
		endloop
	endfacet
	facet normal 0.7071067811865476 -0.7071067811865476 0
		outer loop
			vertex -79.06591796875 120.9985580444336 15.106833457946777
			vertex -78.90757751464844 121.15689849853516 17.106834411621094
			vertex -79.06591796875 120.9985580444336 17.106834411621094
		endloop
	endfacet
	facet normal 0.8467172398414097 -0.5320431521552975 0
		outer loop
			vertex -79.06591796875 120.9985580444336 15.106833457946777
			vertex -79.06591796875 120.9985580444336 17.106834411621094
			vertex -79.18505859375 120.80895233154297 15.106833457946777
		endloop
	endfacet
	facet normal 0.532018725406231 -0.8467325881393308 0
		outer loop
			vertex -78.90757751464844 121.15689849853516 15.106833457946777
			vertex -78.71797180175781 121.27603149414062 17.106834411621094
			vertex -78.90757751464844 121.15689849853516 17.106834411621094
		endloop
	endfacet
	facet normal 0.7071067811865476 -0.7071067811865476 0
		outer loop
			vertex -78.90757751464844 121.15689849853516 15.106833457946777
			vertex -78.90757751464844 121.15689849853516 17.106834411621094
			vertex -79.06591796875 120.9985580444336 15.106833457946777
		endloop
	endfacet
	facet normal 0.33027757853946615 -0.943883849376663 0
		outer loop
			vertex -78.71797180175781 121.27603149414062 15.106833457946777
			vertex -78.50660705566406 121.34999084472656 17.106834411621094
			vertex -78.71797180175781 121.27603149414062 17.106834411621094
		endloop
	endfacet
	facet normal 0.532018725406231 -0.8467325881393308 0
		outer loop
			vertex -78.71797180175781 121.27603149414062 15.106833457946777
			vertex -78.71797180175781 121.27603149414062 17.106834411621094
			vertex -78.90757751464844 121.15689849853516 15.106833457946777
		endloop
	endfacet
	facet normal 0.11199075296477173 -0.9937092488501772 0
		outer loop
			vertex -78.50660705566406 121.34999084472656 15.106833457946777
			vertex -78.28408813476562 121.37506866455078 17.106834411621094
			vertex -78.50660705566406 121.34999084472656 17.106834411621094
		endloop
	endfacet
	facet normal 0.33027757853946615 -0.943883849376663 0
		outer loop
			vertex -78.50660705566406 121.34999084472656 15.106833457946777
			vertex -78.50660705566406 121.34999084472656 17.106834411621094
			vertex -78.71797180175781 121.27603149414062 15.106833457946777
		endloop
	endfacet
	facet normal 0.11199075296477173 -0.9937092488501772 0
		outer loop
			vertex -78.28408813476562 121.37506866455078 15.106833457946777
			vertex -78.28408813476562 121.37506866455078 17.106834411621094
			vertex -78.50660705566406 121.34999084472656 15.106833457946777
		endloop
	endfacet
	facet normal 1 0 0
		outer loop
			vertex -79.28408813476562 119.02006530761719 15.106833457946777
			vertex -79.28408813476562 120.37506866455078 15.106833457946777
			vertex -79.28408813476562 120.37506866455078 17.106834411621094
		endloop
	endfacet
	facet normal 1 0 0
		outer loop
			vertex -79.28408813476562 119.02006530761719 15.106833457946777
			vertex -79.28408813476562 120.37506866455078 17.106834411621094
			vertex -79.28408813476562 119.02006530761719 17.106834411621094
		endloop
	endfacet
	facet normal -1 0 0
		outer loop
			vertex -70.10816192626953 120.37506866455078 15.106833457946777
			vertex -70.10816192626953 119.02006530761719 15.106833457946777
			vertex -70.10816192626953 119.02006530761719 17.106834411621094
		endloop
	endfacet
	facet normal -1 0 0
		outer loop
			vertex -70.10816192626953 120.37506866455078 15.106833457946777
			vertex -70.10816192626953 119.02006530761719 17.106834411621094
			vertex -70.10816192626953 120.37506866455078 17.106834411621094
		endloop
	endfacet
	facet normal -0.11194897513520358 0.9937139563104553 0
		outer loop
			vertex -71.0411376953125 117.85015106201172 17.106834411621094
			vertex -71.30816650390625 117.820068359375 15.106833457946777
			vertex -71.30816650390625 117.820068359375 17.106834411621094
		endloop
	endfacet
	facet normal -0.11194897513520358 0.9937139563104553 0
		outer loop
			vertex -71.0411376953125 117.85015106201172 17.106834411621094
			vertex -71.0411376953125 117.85015106201172 15.106833457946777
			vertex -71.30816650390625 117.820068359375 15.106833457946777
		endloop
	endfacet
	facet normal -0.3302897185199191 0.9438796013475622 0
		outer loop
			vertex -70.78750610351562 117.93890380859375 17.106834411621094
			vertex -70.78750610351562 117.93890380859375 15.106833457946777
			vertex -71.0411376953125 117.85015106201172 15.106833457946777
		endloop
	endfacet
	facet normal -0.3302897185199191 0.9438796013475622 0
		outer loop
			vertex -70.78750610351562 117.93890380859375 17.106834411621094
			vertex -71.0411376953125 117.85015106201172 15.106833457946777
			vertex -71.0411376953125 117.85015106201172 17.106834411621094
		endloop
	endfacet
	facet normal -0.5320314070378694 0.8467246198884882 0
		outer loop
			vertex -70.55997467041016 118.08187103271484 17.106834411621094
			vertex -70.55997467041016 118.08187103271484 15.106833457946777
			vertex -70.78750610351562 117.93890380859375 15.106833457946777
		endloop
	endfacet
	facet normal -0.5320314070378694 0.8467246198884882 0
		outer loop
			vertex -70.55997467041016 118.08187103271484 17.106834411621094
			vertex -70.78750610351562 117.93890380859375 15.106833457946777
			vertex -70.78750610351562 117.93890380859375 17.106834411621094
		endloop
	endfacet
	facet normal -0.7071067811865476 0.7071067811865476 0
		outer loop
			vertex -70.36996459960938 118.27188110351562 17.106834411621094
			vertex -70.36996459960938 118.27188110351562 15.106833457946777
			vertex -70.55997467041016 118.08187103271484 15.106833457946777
		endloop
	endfacet
	facet normal -0.7071067811865476 0.7071067811865476 0
		outer loop
			vertex -70.36996459960938 118.27188110351562 17.106834411621094
			vertex -70.55997467041016 118.08187103271484 15.106833457946777
			vertex -70.55997467041016 118.08187103271484 17.106834411621094
		endloop
	endfacet
	facet normal -0.8467165831273473 0.5320441972779613 0
		outer loop
			vertex -70.22699737548828 118.49940490722656 17.106834411621094
			vertex -70.22699737548828 118.49940490722656 15.106833457946777
			vertex -70.36996459960938 118.27188110351562 15.106833457946777
		endloop
	endfacet
	facet normal -0.8467165831273473 0.5320441972779613 0
		outer loop
			vertex -70.22699737548828 118.49940490722656 17.106834411621094
			vertex -70.36996459960938 118.27188110351562 15.106833457946777
			vertex -70.36996459960938 118.27188110351562 17.106834411621094
		endloop
	endfacet
	facet normal -0.9438915493556936 0.33025557232983693 0
		outer loop
			vertex -70.13825225830078 118.75304412841797 17.106834411621094
			vertex -70.13825225830078 118.75304412841797 15.106833457946777
			vertex -70.22699737548828 118.49940490722656 15.106833457946777
		endloop
	endfacet
	facet normal -0.9438915493556936 0.33025557232983693 0
		outer loop
			vertex -70.13825225830078 118.75304412841797 17.106834411621094
			vertex -70.22699737548828 118.49940490722656 15.106833457946777
			vertex -70.22699737548828 118.49940490722656 17.106834411621094
		endloop
	endfacet
	facet normal -0.9937104414539926 0.11198017032185338 0
		outer loop
			vertex -70.10816192626953 119.02006530761719 17.106834411621094
			vertex -70.10816192626953 119.02006530761719 15.106833457946777
			vertex -70.13825225830078 118.75304412841797 15.106833457946777
		endloop
	endfacet
	facet normal -0.9937104414539926 0.11198017032185338 0
		outer loop
			vertex -70.10816192626953 119.02006530761719 17.106834411621094
			vertex -70.13825225830078 118.75304412841797 15.106833457946777
			vertex -70.13825225830078 118.75304412841797 17.106834411621094
		endloop
	endfacet
	facet normal 0 1 0
		outer loop
			vertex -71.30816650390625 117.820068359375 15.106833457946777
			vertex -78.08409118652344 117.820068359375 15.106833457946777
			vertex -78.08409118652344 117.820068359375 17.106834411621094
		endloop
	endfacet
	facet normal 0 1 0
		outer loop
			vertex -71.30816650390625 117.820068359375 15.106833457946777
			vertex -78.08409118652344 117.820068359375 17.106834411621094
			vertex -71.30816650390625 117.820068359375 17.106834411621094
		endloop
	endfacet
	facet normal 0.11195213367993488 0.9937136004727469 0
		outer loop
			vertex -78.35111236572266 117.85015106201172 15.106833457946777
			vertex -78.08409118652344 117.820068359375 17.106834411621094
			vertex -78.08409118652344 117.820068359375 15.106833457946777
		endloop
	endfacet
	facet normal 0.11195213367993488 0.9937136004727469 0
		outer loop
			vertex -78.35111236572266 117.85015106201172 15.106833457946777
			vertex -78.35111236572266 117.85015106201172 17.106834411621094
			vertex -78.08409118652344 117.820068359375 17.106834411621094
		endloop
	endfacet
	facet normal 0.33028086728115436 0.9438826985955452 0
		outer loop
			vertex -78.60475158691406 117.93890380859375 15.106833457946777
			vertex -78.60475158691406 117.93890380859375 17.106834411621094
			vertex -78.35111236572266 117.85015106201172 17.106834411621094
		endloop
	endfacet
	facet normal 0.33028086728115436 0.9438826985955452 0
		outer loop
			vertex -78.60475158691406 117.93890380859375 15.106833457946777
			vertex -78.35111236572266 117.85015106201172 17.106834411621094
			vertex -78.35111236572266 117.85015106201172 15.106833457946777
		endloop
	endfacet
	facet normal 0.5320441972779613 0.8467165831273473 0
		outer loop
			vertex -78.832275390625 118.08187103271484 15.106833457946777
			vertex -78.832275390625 118.08187103271484 17.106834411621094
			vertex -78.60475158691406 117.93890380859375 17.106834411621094
		endloop
	endfacet
	facet normal 0.5320441972779613 0.8467165831273473 0
		outer loop
			vertex -78.832275390625 118.08187103271484 15.106833457946777
			vertex -78.60475158691406 117.93890380859375 17.106834411621094
			vertex -78.60475158691406 117.93890380859375 15.106833457946777
		endloop
	endfacet
	facet normal 0.7071067811865476 0.7071067811865476 0
		outer loop
			vertex -79.02228546142578 118.27188110351562 15.106833457946777
			vertex -79.02228546142578 118.27188110351562 17.106834411621094
			vertex -78.832275390625 118.08187103271484 17.106834411621094
		endloop
	endfacet
	facet normal 0.7071067811865476 0.7071067811865476 0
		outer loop
			vertex -79.02228546142578 118.27188110351562 15.106833457946777
			vertex -78.832275390625 118.08187103271484 17.106834411621094
			vertex -78.832275390625 118.08187103271484 15.106833457946777
		endloop
	endfacet
	facet normal 0.8467165831273473 0.5320441972779613 0
		outer loop
			vertex -79.16525268554688 118.49940490722656 15.106833457946777
			vertex -79.16525268554688 118.49940490722656 17.106834411621094
			vertex -79.02228546142578 118.27188110351562 17.106834411621094
		endloop
	endfacet
	facet normal 0.8467165831273473 0.5320441972779613 0
		outer loop
			vertex -79.16525268554688 118.49940490722656 15.106833457946777
			vertex -79.02228546142578 118.27188110351562 17.106834411621094
			vertex -79.02228546142578 118.27188110351562 15.106833457946777
		endloop
	endfacet
	facet normal 0.9438826985955452 0.33028086728115436 0
		outer loop
			vertex -79.2540054321289 118.75304412841797 15.106833457946777
			vertex -79.2540054321289 118.75304412841797 17.106834411621094
			vertex -79.16525268554688 118.49940490722656 17.106834411621094
		endloop
	endfacet
	facet normal 0.9438826985955452 0.33028086728115436 0
		outer loop
			vertex -79.2540054321289 118.75304412841797 15.106833457946777
			vertex -79.16525268554688 118.49940490722656 17.106834411621094
			vertex -79.16525268554688 118.49940490722656 15.106833457946777
		endloop
	endfacet
	facet normal 0.9937136004727469 0.11195213367993488 0
		outer loop
			vertex -79.28408813476562 119.02006530761719 15.106833457946777
			vertex -79.28408813476562 119.02006530761719 17.106834411621094
			vertex -79.2540054321289 118.75304412841797 17.106834411621094
		endloop
	endfacet
	facet normal 0.9937136004727469 0.11195213367993488 0
		outer loop
			vertex -79.28408813476562 119.02006530761719 15.106833457946777
			vertex -79.2540054321289 118.75304412841797 17.106834411621094
			vertex -79.2540054321289 118.75304412841797 15.106833457946777
		endloop
	endfacet
	facet normal 0.7252397949998158 0 0.6884963614636065
		outer loop
			vertex -40.38035202026367 81.37006378173828 15.945592880249023
			vertex -39.58408737182617 126.37006378173828 15.106833457946777
			vertex -40.38035202026367 126.37006378173828 15.945592880249023
		endloop
	endfacet
	facet normal 0.7252397949998158 0 0.6884963614636065
		outer loop
			vertex -40.38035202026367 81.37006378173828 15.945592880249023
			vertex -39.58408737182617 81.37006378173828 15.106833457946777
			vertex -39.58408737182617 126.37006378173828 15.106833457946777
		endloop
	endfacet
	facet normal 0.5476548083584438 0 0.8367043748432754
		outer loop
			vertex -41.3480224609375 81.37006378173828 16.578969955444336
			vertex -40.38035202026367 126.37006378173828 15.945592880249023
			vertex -41.3480224609375 126.37006378173828 16.578969955444336
		endloop
	endfacet
	facet normal 0.3407705346663045 0 0.9401465006599987
		outer loop
			vertex -41.3480224609375 81.37006378173828 16.578969955444336
			vertex -41.3480224609375 126.37006378173828 16.578969955444336
			vertex -42.435325622558594 126.37006378173828 16.973079681396484
		endloop
	endfacet
	facet normal 0.5476548083584438 0 0.8367043748432754
		outer loop
			vertex -41.3480224609375 81.37006378173828 16.578969955444336
			vertex -40.38035202026367 81.37006378173828 15.945592880249023
			vertex -40.38035202026367 126.37006378173828 15.945592880249023
		endloop
	endfacet
	facet normal 0.11565252786096623 0 0.9932897325550932
		outer loop
			vertex -42.435325622558594 81.37006378173828 16.973079681396484
			vertex -42.435325622558594 126.37006378173828 16.973079681396484
			vertex -43.58408737182617 126.37006378173828 17.106834411621094
		endloop
	endfacet
	facet normal 0.3407705346663045 0 0.9401465006599987
		outer loop
			vertex -42.435325622558594 81.37006378173828 16.973079681396484
			vertex -41.3480224609375 81.37006378173828 16.578969955444336
			vertex -42.435325622558594 126.37006378173828 16.973079681396484
		endloop
	endfacet
	facet normal 0.11565252786096623 0 0.9932897325550932
		outer loop
			vertex -43.58408737182617 81.37006378173828 17.106834411621094
			vertex -42.435325622558594 81.37006378173828 16.973079681396484
			vertex -43.58408737182617 126.37006378173828 17.106834411621094
		endloop
	endfacet
	facet normal 0.7201077459412716 -0.25197454783748413 0.6464933576437399
		outer loop
			vertex -40.06249237060547 80.3727798461914 15.545022010803223
			vertex -40.07924270629883 79.20064544677734 15.106833457946777
			vertex -39.709449768066406 80.25746154785156 15.106833457946777
		endloop
	endfacet
	facet normal 0.7646101834111975 -0.08615241086408987 0.6387088769746356
		outer loop
			vertex -40.06249237060547 80.3727798461914 15.545022010803223
			vertex -39.709449768066406 80.25746154785156 15.106833457946777
			vertex -39.58408737182617 81.37006378173828 15.106833457946777
		endloop
	endfacet
	facet normal 0.7244938458090744 -0.045343715686898683 0.6877882049239307
		outer loop
			vertex -40.06249237060547 80.3727798461914 15.545022010803223
			vertex -39.58408737182617 81.37006378173828 15.106833457946777
			vertex -40.38035202026367 81.37006378173828 15.945592880249023
		endloop
	endfacet
	facet normal 0.604982638230889 -0.12314717788196933 0.7866579816024878
		outer loop
			vertex -40.70606231689453 79.72682189941406 15.938840866088867
			vertex -40.06249237060547 80.3727798461914 15.545022010803223
			vertex -40.38035202026367 81.37006378173828 15.945592880249023
		endloop
	endfacet
	facet normal 0.6824432283745494 -0.26448875131492516 0.6814080572414699
		outer loop
			vertex -40.70606231689453 79.72682189941406 15.938840866088867
			vertex -40.07924270629883 79.20064544677734 15.106833457946777
			vertex -40.06249237060547 80.3727798461914 15.545022010803223
		endloop
	endfacet
	facet normal 0.547345601787663 -0.0335988639330063 0.8362319705357554
		outer loop
			vertex -41.11626052856445 80.49734497070312 16.392208099365234
			vertex -40.38035202026367 81.37006378173828 15.945592880249023
			vertex -41.3480224609375 81.37006378173828 16.578969955444336
		endloop
	endfacet
	facet normal 0.6196001321810641 -0.12599556703719605 0.7747391775870015
		outer loop
			vertex -41.11626052856445 80.49734497070312 16.392208099365234
			vertex -40.70606231689453 79.72682189941406 15.938840866088867
			vertex -40.38035202026367 81.37006378173828 15.945592880249023
		endloop
	endfacet
	facet normal 0.6476725659939854 -0.4069610382076162 0.6441296147824178
		outer loop
			vertex -40.95990753173828 78.69992065429688 15.675984382629395
			vertex -40.674930572509766 78.25261688232422 15.106833457946777
			vertex -40.07924270629883 79.20064544677734 15.106833457946777
		endloop
	endfacet
	facet normal 0.6383819906965904 -0.3351705221008308 0.6929135264005999
		outer loop
			vertex -40.95990753173828 78.69992065429688 15.675984382629395
			vertex -40.07924270629883 79.20064544677734 15.106833457946777
			vertex -40.70606231689453 79.72682189941406 15.938840866088867
		endloop
	endfacet
	facet normal 0.5921833767189044 -0.15052347326298768 0.7916195628802026
		outer loop
			vertex -41.10676193237305 79.99342346191406 16.289283752441406
			vertex -40.70606231689453 79.72682189941406 15.938840866088867
			vertex -41.11626052856445 80.49734497070312 16.392208099365234
		endloop
	endfacet
	facet normal 0.5150231175217368 -0.2874323149734301 0.8075480497946894
		outer loop
			vertex -41.14289093017578 78.93460845947266 15.93545913696289
			vertex -40.70606231689453 79.72682189941406 15.938840866088867
			vertex -41.10676193237305 79.99342346191406 16.289283752441406
		endloop
	endfacet
	facet normal 0.6007897586091407 -0.3343766593239168 0.7261156351778605
		outer loop
			vertex -41.14289093017578 78.93460845947266 15.93545913696289
			vertex -40.95990753173828 78.69992065429688 15.675984382629395
			vertex -40.70606231689453 79.72682189941406 15.938840866088867
		endloop
	endfacet
	facet normal 0.5466583421354015 -0.5466583421354015 0.6342943433040756
		outer loop
			vertex -41.40098190307617 78.18695831298828 15.675984382629395
			vertex -41.46664047241211 77.46090698242188 15.106833457946777
			vertex -40.674930572509766 78.25261688232422 15.106833457946777
		endloop
	endfacet
	facet normal 0.5658250242165586 -0.4865287307580842 0.6656814824803665
		outer loop
			vertex -41.40098190307617 78.18695831298828 15.675984382629395
			vertex -40.674930572509766 78.25261688232422 15.106833457946777
			vertex -40.95990753173828 78.69992065429688 15.675984382629395
		endloop
	endfacet
	facet normal 0.5222360415418065 -0.41593855850999195 0.7444895113158913
		outer loop
			vertex -41.44045639038086 78.56099700927734 15.93545913696289
			vertex -40.95990753173828 78.69992065429688 15.675984382629395
			vertex -41.14289093017578 78.93460845947266 15.93545913696289
		endloop
	endfacet
	facet normal 0.5215692432956085 -0.4484750781293577 0.7258344361801203
		outer loop
			vertex -41.44045639038086 78.56099700927734 15.93545913696289
			vertex -41.40098190307617 78.18695831298828 15.675984382629395
			vertex -40.95990753173828 78.69992065429688 15.675984382629395
		endloop
	endfacet
	facet normal 0.34077052421352017 0.0002476851513610183 0.9401464718219754
		outer loop
			vertex -41.78853225708008 80.6665267944336 16.73882484436035
			vertex -41.3480224609375 81.37006378173828 16.578969955444336
			vertex -42.435325622558594 81.37006378173828 16.973079681396484
		endloop
	endfacet
	facet normal 0.4422735772262537 -0.07382944317596518 0.8938362804271374
		outer loop
			vertex -41.78853225708008 80.6665267944336 16.73882484436035
			vertex -41.11626052856445 80.49734497070312 16.392208099365234
			vertex -41.3480224609375 81.37006378173828 16.578969955444336
		endloop
	endfacet
	facet normal 0.4694204571536088 -0.16819435215540282 0.866807414774886
		outer loop
			vertex -41.57522964477539 80.17888641357422 16.578969955444336
			vertex -41.10676193237305 79.99342346191406 16.289283752441406
			vertex -41.11626052856445 80.49734497070312 16.392208099365234
		endloop
	endfacet
	facet normal 0.43527755948433894 -0.10280042306299651 0.8944079154543674
		outer loop
			vertex -41.57522964477539 80.17888641357422 16.578969955444336
			vertex -41.11626052856445 80.49734497070312 16.392208099365234
			vertex -41.78853225708008 80.6665267944336 16.73882484436035
		endloop
	endfacet
	facet normal 0.4069599002819968 -0.6476707550019328 0.6441321546683519
		outer loop
			vertex -41.913944244384766 77.74588775634766 15.675984382629395
			vertex -42.414669036865234 76.86521911621094 15.106833457946777
			vertex -41.46664047241211 77.46090698242188 15.106833457946777
		endloop
	endfacet
	facet normal 0.4865253617499714 -0.565825999745024 0.6656831155937514
		outer loop
			vertex -41.913944244384766 77.74588775634766 15.675984382629395
			vertex -41.46664047241211 77.46090698242188 15.106833457946777
			vertex -41.40098190307617 78.18695831298828 15.675984382629395
		endloop
	endfacet
	facet normal 0.3900324534108772 -0.3900280062653262 0.8341180010136375
		outer loop
			vertex -41.77501678466797 78.22643280029297 15.93545913696289
			vertex -41.44045639038086 78.56099700927734 15.93545913696289
			vertex -42.29584503173828 79.08181762695312 16.578969955444336
		endloop
	endfacet
	facet normal 0.4693408095889117 -0.469335458170395 0.7479595123791197
		outer loop
			vertex -41.77501678466797 78.22643280029297 15.93545913696289
			vertex -41.40098190307617 78.18695831298828 15.675984382629395
			vertex -41.44045639038086 78.56099700927734 15.93545913696289
		endloop
	endfacet
	facet normal 0.4484759458249502 -0.5215747633283838 0.7258299334385133
		outer loop
			vertex -41.77501678466797 78.22643280029297 15.93545913696289
			vertex -41.913944244384766 77.74588775634766 15.675984382629395
			vertex -41.40098190307617 78.18695831298828 15.675984382629395
		endloop
	endfacet
	facet normal 0.415943907111078 -0.5222413943333345 0.7444827682236477
		outer loop
			vertex -42.14863204956055 77.92886352539062 15.93545913696289
			vertex -41.913944244384766 77.74588775634766 15.675984382629395
			vertex -41.77501678466797 78.22643280029297 15.93545913696289
		endloop
	endfacet
	facet normal 0.36888218114169635 -0.1398691587072557 0.9188920256910871
		outer loop
			vertex -42.0717887878418 80.37547302246094 16.8082332611084
			vertex -41.57522964477539 80.17888641357422 16.578969955444336
			vertex -41.78853225708008 80.6665267944336 16.73882484436035
		endloop
	endfacet
	facet normal 0.045346481240129 -0.7244937547672502 0.6877881184946351
		outer loop
			vertex -43.5868034362793 76.84847259521484 15.545022010803223
			vertex -44.58408737182617 77.16632843017578 15.945592880249023
			vertex -44.58408737182617 76.37006378173828 15.106833457946777
		endloop
	endfacet
	facet normal 0.08615497500315912 -0.764609673788078 0.638709141183915
		outer loop
			vertex -43.5868034362793 76.84847259521484 15.545022010803223
			vertex -44.58408737182617 76.37006378173828 15.106833457946777
			vertex -43.47148513793945 76.49542999267578 15.106833457946777
		endloop
	endfacet
	facet normal 0.25197222499065053 -0.7201085360432427 0.6464933829134827
		outer loop
			vertex -43.5868034362793 76.84847259521484 15.545022010803223
			vertex -43.47148513793945 76.49542999267578 15.106833457946777
			vertex -42.414669036865234 76.86521911621094 15.106833457946777
		endloop
	endfacet
	facet normal 0.33517161424535635 -0.6383804326885393 0.6929144335086083
		outer loop
			vertex -42.94084167480469 77.4920425415039 15.938840866088867
			vertex -42.414669036865234 76.86521911621094 15.106833457946777
			vertex -41.913944244384766 77.74588775634766 15.675984382629395
		endloop
	endfacet
	facet normal 0.12314855863536474 -0.6049839870333983 0.7866567281471665
		outer loop
			vertex -42.94084167480469 77.4920425415039 15.938840866088867
			vertex -44.58408737182617 77.16632843017578 15.945592880249023
			vertex -43.5868034362793 76.84847259521484 15.545022010803223
		endloop
	endfacet
	facet normal 0.33437809501089444 -0.6008000062649522 0.7261064949777813
		outer loop
			vertex -42.94084167480469 77.4920425415039 15.938840866088867
			vertex -41.913944244384766 77.74588775634766 15.675984382629395
			vertex -42.14863204956055 77.92886352539062 15.93545913696289
		endloop
	endfacet
	facet normal 0.26448679790150065 -0.6824432724150278 0.6814087713489453
		outer loop
			vertex -42.94084167480469 77.4920425415039 15.938840866088867
			vertex -43.5868034362793 76.84847259521484 15.545022010803223
			vertex -42.414669036865234 76.86521911621094 15.106833457946777
		endloop
	endfacet
	facet normal 0.28331871373625184 -0.058266659320216775 0.9572541474752134
		outer loop
			vertex -42.615047454833984 80.53572082519531 16.975486755371094
			vertex -41.78853225708008 80.6665267944336 16.73882484436035
			vertex -42.435325622558594 81.37006378173828 16.973079681396484
		endloop
	endfacet
	facet normal 0.2816430200443148 -0.04553643739804362 0.958438126395967
		outer loop
			vertex -42.615047454833984 80.53572082519531 16.975486755371094
			vertex -42.0717887878418 80.37547302246094 16.8082332611084
			vertex -41.78853225708008 80.6665267944336 16.73882484436035
		endloop
	endfacet
	facet normal 0.11522270103457342 0.08613512699729078 0.9895981351353984
		outer loop
			vertex -43.04860305786133 81.03140258789062 17.073963165283203
			vertex -42.435325622558594 81.37006378173828 16.973079681396484
			vertex -43.58408737182617 81.37006378173828 17.106834411621094
		endloop
	endfacet
	facet normal 0.057207330927676305 -0.00644626939223096 0.9983415081519221
		outer loop
			vertex -43.04860305786133 81.03140258789062 17.073963165283203
			vertex -43.58408737182617 81.37006378173828 17.106834411621094
			vertex -43.609161376953125 81.14754486083984 17.106834411621094
		endloop
	endfacet
	facet normal 0.054584732056912444 -0.01909992753969496 0.9983264495115081
		outer loop
			vertex -43.04860305786133 81.03140258789062 17.073963165283203
			vertex -43.609161376953125 81.14754486083984 17.106834411621094
			vertex -43.68312072753906 80.9361801147461 17.106834411621094
		endloop
	endfacet
	facet normal 0.07131304929815677 -0.13399164160924792 0.988413217727615
		outer loop
			vertex -43.04860305786133 81.03140258789062 17.073963165283203
			vertex -43.68312072753906 80.9361801147461 17.106834411621094
			vertex -42.615047454833984 80.53572082519531 16.975486755371094
		endloop
	endfacet
	facet normal 0.18169790229246296 -0.036303640500113026 0.982684037719631
		outer loop
			vertex -43.04860305786133 81.03140258789062 17.073963165283203
			vertex -42.615047454833984 80.53572082519531 16.975486755371094
			vertex -42.435325622558594 81.37006378173828 16.973079681396484
		endloop
	endfacet
	facet normal 0.287430224513185 -0.5150258190284317 0.8075470709317156
		outer loop
			vertex -43.20744705200195 77.89273834228516 16.289283752441406
			vertex -42.94084167480469 77.4920425415039 15.938840866088867
			vertex -42.14863204956055 77.92886352539062 15.93545913696289
		endloop
	endfacet
	facet normal 0.27091119335051533 -0.21327497189365935 0.9386804097674345
		outer loop
			vertex -42.84269332885742 80.13761901855469 16.976680755615234
			vertex -42.29584503173828 79.08181762695312 16.578969955444336
			vertex -42.0717887878418 80.37547302246094 16.8082332611084
		endloop
	endfacet
	facet normal 0.2528509439732342 -0.1417168461412783 0.9570698697856983
		outer loop
			vertex -42.84269332885742 80.13761901855469 16.976680755615234
			vertex -42.0717887878418 80.37547302246094 16.8082332611084
			vertex -42.615047454833984 80.53572082519531 16.975486755371094
		endloop
	endfacet
	facet normal 0.2690949766700269 -0.214322567876047 0.9389641795244241
		outer loop
			vertex -42.9932746887207 79.94855499267578 16.976680755615234
			vertex -42.29584503173828 79.08181762695312 16.578969955444336
			vertex -42.84269332885742 80.13761901855469 16.976680755615234
		endloop
	endfacet
	facet normal 0.16454662451053487 -0.09114672023015555 0.9821490130084513
		outer loop
			vertex -43.17167282104492 80.32946014404297 17.04960060119629
			vertex -42.84269332885742 80.13761901855469 16.976680755615234
			vertex -42.615047454833984 80.53572082519531 16.975486755371094
		endloop
	endfacet
	facet normal 0.0639319836829237 -0.040171008015479445 0.9971454214794284
		outer loop
			vertex -43.17167282104492 80.32946014404297 17.04960060119629
			vertex -43.68312072753906 80.9361801147461 17.106834411621094
			vertex -43.8022575378418 80.74657440185547 17.106834411621094
		endloop
	endfacet
	facet normal 0.1486010236995987 -0.11835432003385578 0.9817891783294186
		outer loop
			vertex -43.17167282104492 80.32946014404297 17.04960060119629
			vertex -42.9932746887207 79.94855499267578 16.976680755615234
			vertex -42.84269332885742 80.13761901855469 16.976680755615234
		endloop
	endfacet
	facet normal 0.12704255407205872 0.013533215858045722 0.9918049412678824
		outer loop
			vertex -43.17167282104492 80.32946014404297 17.04960060119629
			vertex -42.615047454833984 80.53572082519531 16.975486755371094
			vertex -43.68312072753906 80.9361801147461 17.106834411621094
		endloop
	endfacet
	facet normal 0.15052301526446174 -0.5921861487182699 0.7916175763220002
		outer loop
			vertex -43.711368560791016 77.90223693847656 16.392208099365234
			vertex -42.94084167480469 77.4920425415039 15.938840866088867
			vertex -43.20744705200195 77.89273834228516 16.289283752441406
		endloop
	endfacet
	facet normal 0.03360064166800164 -0.5473470796213138 0.8362309318062314
		outer loop
			vertex -43.711368560791016 77.90223693847656 16.392208099365234
			vertex -44.58408737182617 78.13399505615234 16.578969955444336
			vertex -44.58408737182617 77.16632843017578 15.945592880249023
		endloop
	endfacet
	facet normal 0.16819435215540282 -0.4694204571536088 0.866807414774886
		outer loop
			vertex -43.711368560791016 77.90223693847656 16.392208099365234
			vertex -43.20744705200195 77.89273834228516 16.289283752441406
			vertex -43.39291000366211 78.3612060546875 16.578969955444336
		endloop
	endfacet
	facet normal 0.12599690256780846 -0.6196011097197205 0.7747381785980405
		outer loop
			vertex -43.711368560791016 77.90223693847656 16.392208099365234
			vertex -44.58408737182617 77.16632843017578 15.945592880249023
			vertex -42.94084167480469 77.4920425415039 15.938840866088867
		endloop
	endfacet
	facet normal 0.23926523237680383 -0.23926523237680383 0.9410123788512819
		outer loop
			vertex -43.16257858276367 79.77925109863281 16.976680755615234
			vertex -42.29584503173828 79.08181762695312 16.578969955444336
			vertex -42.9932746887207 79.94855499267578 16.976680755615234
		endloop
	endfacet
	facet normal 0.05768876616685143 -0.04960335633790964 0.9971015561607358
		outer loop
			vertex -43.34356689453125 80.12954711914062 17.04960060119629
			vertex -43.17167282104492 80.32946014404297 17.04960060119629
			vertex -43.8022575378418 80.74657440185547 17.106834411621094
		endloop
	endfacet
	facet normal 0.14159838671454317 -0.12175256466328341 0.9824083722555257
		outer loop
			vertex -43.34356689453125 80.12954711914062 17.04960060119629
			vertex -42.9932746887207 79.94855499267578 16.976680755615234
			vertex -43.17167282104492 80.32946014404297 17.04960060119629
		endloop
	endfacet
	facet normal 0.13473728659443546 -0.13473728659443546 0.9816780160532975
		outer loop
			vertex -43.34356689453125 80.12954711914062 17.04960060119629
			vertex -43.16257858276367 79.77925109863281 16.976680755615234
			vertex -42.9932746887207 79.94855499267578 16.976680755615234
		endloop
	endfacet
	facet normal 0.05305524483029092 -0.05305524483029092 0.9971811680893277
		outer loop
			vertex -43.34356689453125 80.12954711914062 17.04960060119629
			vertex -43.8022575378418 80.74657440185547 17.106834411621094
			vertex -43.96059799194336 80.5882339477539 17.106834411621094
		endloop
	endfacet
	facet normal 0.21432246215261247 -0.26909484392784566 0.9389642416984207
		outer loop
			vertex -43.35164260864258 79.62866973876953 16.976680755615234
			vertex -42.29584503173828 79.08181762695312 16.578969955444336
			vertex -43.16257858276367 79.77925109863281 16.976680755615234
		endloop
	endfacet
	facet normal 0.21327530615349322 -0.2709102820014381 0.9386805968438015
		outer loop
			vertex -43.58949279785156 78.8577651977539 16.8082332611084
			vertex -42.29584503173828 79.08181762695312 16.578969955444336
			vertex -43.35164260864258 79.62866973876953 16.976680755615234
		endloop
	endfacet
	facet normal 0.11835503948846374 -0.1486019270184739 0.9817889548747636
		outer loop
			vertex -43.543479919433594 79.95764923095703 17.04960060119629
			vertex -43.35164260864258 79.62866973876953 16.976680755615234
			vertex -43.16257858276367 79.77925109863281 16.976680755615234
		endloop
	endfacet
	facet normal 0.121754300221892 -0.14159726282518467 0.9824083191514072
		outer loop
			vertex -43.543479919433594 79.95764923095703 17.04960060119629
			vertex -43.16257858276367 79.77925109863281 16.976680755615234
			vertex -43.34356689453125 80.12954711914062 17.04960060119629
		endloop
	endfacet
	facet normal 0.040169992076645365 -0.06393241390258025 0.997145434823402
		outer loop
			vertex -43.543479919433594 79.95764923095703 17.04960060119629
			vertex -43.96059799194336 80.5882339477539 17.106834411621094
			vertex -44.150203704833984 80.46910095214844 17.106834411621094
		endloop
	endfacet
	facet normal 0.04960389411282481 -0.05768811137714031 0.9971015672912075
		outer loop
			vertex -43.543479919433594 79.95764923095703 17.04960060119629
			vertex -43.34356689453125 80.12954711914062 17.04960060119629
			vertex -43.96059799194336 80.5882339477539 17.106834411621094
		endloop
	endfacet
	facet normal -0.0002458387686816666 -0.340770524368781 0.9401464722503222
		outer loop
			vertex -43.88055419921875 78.57450866699219 16.73882484436035
			vertex -44.58408737182617 79.22129821777344 16.973079681396484
			vertex -44.58408737182617 78.13399505615234 16.578969955444336
		endloop
	endfacet
	facet normal 0.1398672098826677 -0.36888385406033347 0.9188916507473731
		outer loop
			vertex -43.88055419921875 78.57450866699219 16.73882484436035
			vertex -43.39291000366211 78.3612060546875 16.578969955444336
			vertex -43.58949279785156 78.8577651977539 16.8082332611084
		endloop
	endfacet
	facet normal 0.07383165378678996 -0.44227272518865635 0.8938365194224877
		outer loop
			vertex -43.88055419921875 78.57450866699219 16.73882484436035
			vertex -44.58408737182617 78.13399505615234 16.578969955444336
			vertex -43.711368560791016 77.90223693847656 16.392208099365234
		endloop
	endfacet
	facet normal 0.1027998318012335 -0.4352772401292248 0.8944081388309943
		outer loop
			vertex -43.88055419921875 78.57450866699219 16.73882484436035
			vertex -43.711368560791016 77.90223693847656 16.392208099365234
			vertex -43.39291000366211 78.3612060546875 16.578969955444336
		endloop
	endfacet
	facet normal 0.05826782854061355 -0.28331936137394886 0.9572538846240424
		outer loop
			vertex -43.74974060058594 79.4010238647461 16.975486755371094
			vertex -44.58408737182617 79.22129821777344 16.973079681396484
			vertex -43.88055419921875 78.57450866699219 16.73882484436035
		endloop
	endfacet
	facet normal 0.09114781308854618 -0.16454700742935716 0.9821488474336355
		outer loop
			vertex -43.74974060058594 79.4010238647461 16.975486755371094
			vertex -43.35164260864258 79.62866973876953 16.976680755615234
			vertex -43.543479919433594 79.95764923095703 17.04960060119629
		endloop
	endfacet
	facet normal 0.14171799706235938 -0.2528505814951706 0.9570697951279141
		outer loop
			vertex -43.74974060058594 79.4010238647461 16.975486755371094
			vertex -43.58949279785156 78.8577651977539 16.8082332611084
			vertex -43.35164260864258 79.62866973876953 16.976680755615234
		endloop
	endfacet
	facet normal -0.013533759912030634 -0.1270423548786088 0.9918049593592186
		outer loop
			vertex -43.74974060058594 79.4010238647461 16.975486755371094
			vertex -43.543479919433594 79.95764923095703 17.04960060119629
			vertex -44.150203704833984 80.46910095214844 17.106834411621094
		endloop
	endfacet
	facet normal 0.04553550841945773 -0.2816432837965788 0.9584380930270151
		outer loop
			vertex -43.74974060058594 79.4010238647461 16.975486755371094
			vertex -43.88055419921875 78.57450866699219 16.73882484436035
			vertex -43.58949279785156 78.8577651977539 16.8082332611084
		endloop
	endfacet
	facet normal -0.08613356727854485 -0.11522233912839569 0.9895983130309254
		outer loop
			vertex -44.24542236328125 79.83457946777344 17.073963165283203
			vertex -44.58408737182617 80.37006378173828 17.106834411621094
			vertex -44.58408737182617 79.22129821777344 16.973079681396484
		endloop
	endfacet
	facet normal 0.01909976448940165 -0.05458426608359638 0.9983264781085218
		outer loop
			vertex -44.24542236328125 79.83457946777344 17.073963165283203
			vertex -44.150203704833984 80.46910095214844 17.106834411621094
			vertex -44.361568450927734 80.3951416015625 17.106834411621094
		endloop
	endfacet
	facet normal 0.006447180220815567 -0.057206710775876725 0.9983415378062789
		outer loop
			vertex -44.24542236328125 79.83457946777344 17.073963165283203
			vertex -44.361568450927734 80.3951416015625 17.106834411621094
			vertex -44.58408737182617 80.37006378173828 17.106834411621094
		endloop
	endfacet
	facet normal 0.036304177211895335 -0.18169730908241266 0.9826841275756812
		outer loop
			vertex -44.24542236328125 79.83457946777344 17.073963165283203
			vertex -44.58408737182617 79.22129821777344 16.973079681396484
			vertex -43.74974060058594 79.4010238647461 16.975486755371094
		endloop
	endfacet
	facet normal 0.13399258922041507 -0.071311954659741 0.9884131682432282
		outer loop
			vertex -44.24542236328125 79.83457946777344 17.073963165283203
			vertex -43.74974060058594 79.4010238647461 16.975486755371094
			vertex -44.150203704833984 80.46910095214844 17.106834411621094
		endloop
	endfacet
	facet normal 0.5025779124733649 -0.28938449533773564 0.8146606997714073
		outer loop
			vertex -41.660953521728516 79.458984375 16.441329956054688
			vertex -41.14289093017578 78.93460845947266 15.93545913696289
			vertex -41.10676193237305 79.99342346191406 16.289283752441406
		endloop
	endfacet
	facet normal 0.40247438580005707 -0.37229774020004563 0.8363066192592321
		outer loop
			vertex -41.660953521728516 79.458984375 16.441329956054688
			vertex -42.29584503173828 79.08181762695312 16.578969955444336
			vertex -41.44045639038086 78.56099700927734 15.93545913696289
		endloop
	endfacet
	facet normal 0.44474296489562776 -0.35421865404005964 0.8226377333346042
		outer loop
			vertex -41.660953521728516 79.458984375 16.441329956054688
			vertex -41.44045639038086 78.56099700927734 15.93545913696289
			vertex -41.14289093017578 78.93460845947266 15.93545913696289
		endloop
	endfacet
	facet normal 0.44894842009622377 -0.2190864834084824 0.8662831112752974
		outer loop
			vertex -41.660953521728516 79.458984375 16.441329956054688
			vertex -41.10676193237305 79.99342346191406 16.289283752441406
			vertex -41.57522964477539 80.17888641357422 16.578969955444336
		endloop
	endfacet
	facet normal 0.3296326712047429 -0.2198094595971951 0.9181645296710254
		outer loop
			vertex -41.660953521728516 79.458984375 16.441329956054688
			vertex -42.0717887878418 80.37547302246094 16.8082332611084
			vertex -42.29584503173828 79.08181762695312 16.578969955444336
		endloop
	endfacet
	facet normal 0.3377611467797771 -0.2154005448818229 0.9162532471924034
		outer loop
			vertex -41.660953521728516 79.458984375 16.441329956054688
			vertex -41.57522964477539 80.17888641357422 16.578969955444336
			vertex -42.0717887878418 80.37547302246094 16.8082332611084
		endloop
	endfacet
	facet normal 0.2153995385329448 -0.3377629946667371 0.9162528025788256
		outer loop
			vertex -42.673004150390625 78.44692993164062 16.441329956054688
			vertex -43.58949279785156 78.8577651977539 16.8082332611084
			vertex -43.39291000366211 78.3612060546875 16.578969955444336
		endloop
	endfacet
	facet normal 0.21908538480175696 -0.4489488795840338 0.8662831509884669
		outer loop
			vertex -42.673004150390625 78.44692993164062 16.441329956054688
			vertex -43.39291000366211 78.3612060546875 16.578969955444336
			vertex -43.20744705200195 77.89273834228516 16.289283752441406
		endloop
	endfacet
	facet normal 0.21980972004805538 -0.3296321890858736 0.9181646404054399
		outer loop
			vertex -42.673004150390625 78.44692993164062 16.441329956054688
			vertex -42.29584503173828 79.08181762695312 16.578969955444336
			vertex -43.58949279785156 78.8577651977539 16.8082332611084
		endloop
	endfacet
	facet normal 0.3722983884446566 -0.40247281644552496 0.8363070859342988
		outer loop
			vertex -42.673004150390625 78.44692993164062 16.441329956054688
			vertex -41.77501678466797 78.22643280029297 15.93545913696289
			vertex -42.29584503173828 79.08181762695312 16.578969955444336
		endloop
	endfacet
	facet normal 0.3542189842519903 -0.4447422190167959 0.8226379943933448
		outer loop
			vertex -42.673004150390625 78.44692993164062 16.441329956054688
			vertex -42.14863204956055 77.92886352539062 15.93545913696289
			vertex -41.77501678466797 78.22643280029297 15.93545913696289
		endloop
	endfacet
	facet normal 0.28938280726630533 -0.5025783644991894 0.8146610205453508
		outer loop
			vertex -42.673004150390625 78.44692993164062 16.441329956054688
			vertex -43.20744705200195 77.89273834228516 16.289283752441406
			vertex -42.14863204956055 77.92886352539062 15.93545913696289
		endloop
	endfacet
	facet normal 0 -0.725239794999816 0.6884963614636065
		outer loop
			vertex -104.58409118652344 77.16632843017578 15.945592880249023
			vertex -104.58409118652344 76.37006378173828 15.106833457946777
			vertex -44.58408737182617 76.37006378173828 15.106833457946777
		endloop
	endfacet
	facet normal 0 -0.725239794999816 0.6884963614636065
		outer loop
			vertex -104.58409118652344 77.16632843017578 15.945592880249023
			vertex -44.58408737182617 76.37006378173828 15.106833457946777
			vertex -44.58408737182617 77.16632843017578 15.945592880249023
		endloop
	endfacet
	facet normal 0 -0.5476563197762333 0.8367033855609479
		outer loop
			vertex -104.58409118652344 78.13399505615234 16.578969955444336
			vertex -44.58408737182617 77.16632843017578 15.945592880249023
			vertex -44.58408737182617 78.13399505615234 16.578969955444336
		endloop
	endfacet
	facet normal 0 -0.5476563197762333 0.8367033855609479
		outer loop
			vertex -104.58409118652344 78.13399505615234 16.578969955444336
			vertex -104.58409118652344 77.16632843017578 15.945592880249023
			vertex -44.58408737182617 77.16632843017578 15.945592880249023
		endloop
	endfacet
	facet normal 0 -0.3407705346663045 0.9401465006599988
		outer loop
			vertex -104.58409118652344 79.22129821777344 16.973079681396484
			vertex -44.58408737182617 78.13399505615234 16.578969955444336
			vertex -44.58408737182617 79.22129821777344 16.973079681396484
		endloop
	endfacet
	facet normal 0 -0.3407705346663045 0.9401465006599988
		outer loop
			vertex -104.58409118652344 79.22129821777344 16.973079681396484
			vertex -104.58409118652344 78.13399505615234 16.578969955444336
			vertex -44.58408737182617 78.13399505615234 16.578969955444336
		endloop
	endfacet
	facet normal 0 -0.11565214895126832 0.9932897766729272
		outer loop
			vertex -104.58409118652344 80.37006378173828 17.106834411621094
			vertex -44.58408737182617 79.22129821777344 16.973079681396484
			vertex -44.58408737182617 80.37006378173828 17.106834411621094
		endloop
	endfacet
	facet normal 0 -0.11565214895126832 0.9932897766729272
		outer loop
			vertex -104.58409118652344 80.37006378173828 17.106834411621094
			vertex -104.58409118652344 79.22129821777344 16.973079681396484
			vertex -44.58408737182617 79.22129821777344 16.973079681396484
		endloop
	endfacet
	facet normal -0.25197222499065053 -0.7201085360432427 0.6464933829134827
		outer loop
			vertex -105.58137512207031 76.84847259521484 15.545022010803223
			vertex -106.75350952148438 76.86521911621094 15.106833457946777
			vertex -105.69669342041016 76.49542999267578 15.106833457946777
		endloop
	endfacet
	facet normal -0.08615497500315912 -0.764609673788078 0.638709141183915
		outer loop
			vertex -105.58137512207031 76.84847259521484 15.545022010803223
			vertex -105.69669342041016 76.49542999267578 15.106833457946777
			vertex -104.58409118652344 76.37006378173828 15.106833457946777
		endloop
	endfacet
	facet normal -0.045346481240129 -0.7244937547672502 0.6877881184946351
		outer loop
			vertex -105.58137512207031 76.84847259521484 15.545022010803223
			vertex -104.58409118652344 76.37006378173828 15.106833457946777
			vertex -104.58409118652344 77.16632843017578 15.945592880249023
		endloop
	endfacet
	facet normal -0.12314877342846431 -0.6049836232810734 0.7866569742681809
		outer loop
			vertex -106.22733306884766 77.4920425415039 15.938840866088867
			vertex -105.58137512207031 76.84847259521484 15.545022010803223
			vertex -104.58409118652344 77.16632843017578 15.945592880249023
		endloop
	endfacet
	facet normal -0.2644870638529369 -0.6824424267420984 0.6814095150765128
		outer loop
			vertex -106.22733306884766 77.4920425415039 15.938840866088867
			vertex -106.75350952148438 76.86521911621094 15.106833457946777
			vertex -105.58137512207031 76.84847259521484 15.545022010803223
		endloop
	endfacet
	facet normal -0.03360064166800164 -0.5473470796213138 0.8362309318062314
		outer loop
			vertex -105.4568099975586 77.90223693847656 16.392208099365234
			vertex -104.58409118652344 77.16632843017578 15.945592880249023
			vertex -104.58409118652344 78.13399505615234 16.578969955444336
		endloop
	endfacet
	facet normal -0.12599724347457955 -0.6196013592453563 0.774737923596176
		outer loop
			vertex -105.4568099975586 77.90223693847656 16.392208099365234
			vertex -106.22733306884766 77.4920425415039 15.938840866088867
			vertex -104.58409118652344 77.16632843017578 15.945592880249023
		endloop
	endfacet
	facet normal -0.4069599002819968 -0.6476707550019328 0.6441321546683519
		outer loop
			vertex -107.25423431396484 77.74588775634766 15.675984382629395
			vertex -107.7015380859375 77.46090698242188 15.106833457946777
			vertex -106.75350952148438 76.86521911621094 15.106833457946777
		endloop
	endfacet
	facet normal -0.3351705045367002 -0.6383802546488979 0.6929151343151788
		outer loop
			vertex -107.25423431396484 77.74588775634766 15.675984382629395
			vertex -106.75350952148438 76.86521911621094 15.106833457946777
			vertex -106.22733306884766 77.4920425415039 15.938840866088867
		endloop
	endfacet
	facet normal -0.15052285917280178 -0.592187093446463 0.7916168992775957
		outer loop
			vertex -105.96073150634766 77.89273834228516 16.289283752441406
			vertex -106.22733306884766 77.4920425415039 15.938840866088867
			vertex -105.4568099975586 77.90223693847656 16.392208099365234
		endloop
	endfacet
	facet normal -0.2874299121730301 -0.5150277714395534 0.8075459369188922
		outer loop
			vertex -107.01954650878906 77.92886352539062 15.93545913696289
			vertex -106.22733306884766 77.4920425415039 15.938840866088867
			vertex -105.96073150634766 77.89273834228516 16.289283752441406
		endloop
	endfacet
	facet normal -0.334377014331492 -0.600800968747699 0.7261061962540906
		outer loop
			vertex -107.01954650878906 77.92886352539062 15.93545913696289
			vertex -107.25423431396484 77.74588775634766 15.675984382629395
			vertex -106.22733306884766 77.4920425415039 15.938840866088867
		endloop
	endfacet
	facet normal -0.5466583421354015 -0.5466583421354015 0.6342943433040756
		outer loop
			vertex -107.76719665527344 78.18695831298828 15.675984382629395
			vertex -108.49324798583984 78.25261688232422 15.106833457946777
			vertex -107.7015380859375 77.46090698242188 15.106833457946777
		endloop
	endfacet
	facet normal -0.4865253617499714 -0.565825999745024 0.6656831155937514
		outer loop
			vertex -107.76719665527344 78.18695831298828 15.675984382629395
			vertex -107.7015380859375 77.46090698242188 15.106833457946777
			vertex -107.25423431396484 77.74588775634766 15.675984382629395
		endloop
	endfacet
	facet normal -0.4159462297794643 -0.522238978342701 0.744483165311225
		outer loop
			vertex -107.39315795898438 78.22643280029297 15.93545913696289
			vertex -107.25423431396484 77.74588775634766 15.675984382629395
			vertex -107.01954650878906 77.92886352539062 15.93545913696289
		endloop
	endfacet
	facet normal -0.4484737995912636 -0.5215722672718226 0.7258330531831034
		outer loop
			vertex -107.39315795898438 78.22643280029297 15.93545913696289
			vertex -107.76719665527344 78.18695831298828 15.675984382629395
			vertex -107.25423431396484 77.74588775634766 15.675984382629395
		endloop
	endfacet
	facet normal 0.00024583743570210916 -0.3407705243688927 0.9401464722506303
		outer loop
			vertex -105.28762817382812 78.57450866699219 16.73882484436035
			vertex -104.58409118652344 78.13399505615234 16.578969955444336
			vertex -104.58409118652344 79.22129821777344 16.973079681396484
		endloop
	endfacet
	facet normal -0.07383152055453775 -0.4422730902137803 0.8938363498120662
		outer loop
			vertex -105.28762817382812 78.57450866699219 16.73882484436035
			vertex -105.4568099975586 77.90223693847656 16.392208099365234
			vertex -104.58409118652344 78.13399505615234 16.578969955444336
		endloop
	endfacet
	facet normal -0.16819435215540282 -0.4694204571536088 0.866807414774886
		outer loop
			vertex -105.7752685546875 78.3612060546875 16.578969955444336
			vertex -105.96073150634766 77.89273834228516 16.289283752441406
			vertex -105.4568099975586 77.90223693847656 16.392208099365234
		endloop
	endfacet
	facet normal -0.10280042306299651 -0.43527755948433894 0.8944079154543674
		outer loop
			vertex -105.7752685546875 78.3612060546875 16.578969955444336
			vertex -105.4568099975586 77.90223693847656 16.392208099365234
			vertex -105.28762817382812 78.57450866699219 16.73882484436035
		endloop
	endfacet
	facet normal -0.6476707550019328 -0.4069599002819968 0.6441321546683519
		outer loop
			vertex -108.20826721191406 78.69992065429688 15.675984382629395
			vertex -109.08893585205078 79.20064544677734 15.106833457946777
			vertex -108.49324798583984 78.25261688232422 15.106833457946777
		endloop
	endfacet
	facet normal -0.565825999745024 -0.4865253617499714 0.6656831155937514
		outer loop
			vertex -108.20826721191406 78.69992065429688 15.675984382629395
			vertex -108.49324798583984 78.25261688232422 15.106833457946777
			vertex -107.76719665527344 78.18695831298828 15.675984382629395
		endloop
	endfacet
	facet normal -0.46933692276477684 -0.46933692276477684 0.7479610323134355
		outer loop
			vertex -107.72772216796875 78.56099700927734 15.93545913696289
			vertex -107.76719665527344 78.18695831298828 15.675984382629395
			vertex -107.39315795898438 78.22643280029297 15.93545913696289
		endloop
	endfacet
	facet normal -0.39003135813583606 -0.39003135813583606 0.8341169458423863
		outer loop
			vertex -107.72772216796875 78.56099700927734 15.93545913696289
			vertex -107.39315795898438 78.22643280029297 15.93545913696289
			vertex -106.8723373413086 79.08181762695312 16.578969955444336
		endloop
	endfacet
	facet normal -0.5215722672718226 -0.4484737995912636 0.7258330531831034
		outer loop
			vertex -107.72772216796875 78.56099700927734 15.93545913696289
			vertex -108.20826721191406 78.69992065429688 15.675984382629395
			vertex -107.76719665527344 78.18695831298828 15.675984382629395
		endloop
	endfacet
	facet normal -0.522238978342701 -0.4159462297794643 0.744483165311225
		outer loop
			vertex -108.0252914428711 78.93460845947266 15.93545913696289
			vertex -108.20826721191406 78.69992065429688 15.675984382629395
			vertex -107.72772216796875 78.56099700927734 15.93545913696289
		endloop
	endfacet
	facet normal -0.1398691587072557 -0.36888218114169635 0.9188920256910871
		outer loop
			vertex -105.57868194580078 78.8577651977539 16.8082332611084
			vertex -105.7752685546875 78.3612060546875 16.578969955444336
			vertex -105.28762817382812 78.57450866699219 16.73882484436035
		endloop
	endfacet
	facet normal -0.7244937547672502 -0.045346481240129 0.6877881184946351
		outer loop
			vertex -109.10568237304688 80.3727798461914 15.545022010803223
			vertex -108.78782653808594 81.37006378173828 15.945592880249023
			vertex -109.58409118652344 81.37006378173828 15.106833457946777
		endloop
	endfacet
	facet normal -0.764609673788078 -0.08615497500315912 0.638709141183915
		outer loop
			vertex -109.10568237304688 80.3727798461914 15.545022010803223
			vertex -109.58409118652344 81.37006378173828 15.106833457946777
			vertex -109.45872497558594 80.25746154785156 15.106833457946777
		endloop
	endfacet
	facet normal -0.7201085360432427 -0.25197222499065053 0.6464933829134827
		outer loop
			vertex -109.10568237304688 80.3727798461914 15.545022010803223
			vertex -109.45872497558594 80.25746154785156 15.106833457946777
			vertex -109.08893585205078 79.20064544677734 15.106833457946777
		endloop
	endfacet
	facet normal -0.6383802546488979 -0.3351705045367002 0.6929151343151788
		outer loop
			vertex -108.46211242675781 79.72682189941406 15.938840866088867
			vertex -109.08893585205078 79.20064544677734 15.106833457946777
			vertex -108.20826721191406 78.69992065429688 15.675984382629395
		endloop
	endfacet
	facet normal -0.6049836232810734 -0.12314877342846431 0.7866569742681809
		outer loop
			vertex -108.46211242675781 79.72682189941406 15.938840866088867
			vertex -108.78782653808594 81.37006378173828 15.945592880249023
			vertex -109.10568237304688 80.3727798461914 15.545022010803223
		endloop
	endfacet
	facet normal -0.600800968747699 -0.334377014331492 0.7261061962540906
		outer loop
			vertex -108.46211242675781 79.72682189941406 15.938840866088867
			vertex -108.20826721191406 78.69992065429688 15.675984382629395
			vertex -108.0252914428711 78.93460845947266 15.93545913696289
		endloop
	endfacet
	facet normal -0.6824424267420984 -0.2644870638529369 0.6814095150765128
		outer loop
			vertex -108.46211242675781 79.72682189941406 15.938840866088867
			vertex -109.10568237304688 80.3727798461914 15.545022010803223
			vertex -109.08893585205078 79.20064544677734 15.106833457946777
		endloop
	endfacet
	facet normal -0.05826799234307193 -0.28331888680281936 0.957254015112561
		outer loop
			vertex -105.4184341430664 79.4010238647461 16.975486755371094
			vertex -105.28762817382812 78.57450866699219 16.73882484436035
			vertex -104.58409118652344 79.22129821777344 16.973079681396484
		endloop
	endfacet
	facet normal -0.04553643739804362 -0.2816430200443148 0.958438126395967
		outer loop
			vertex -105.4184341430664 79.4010238647461 16.975486755371094
			vertex -105.57868194580078 78.8577651977539 16.8082332611084
			vertex -105.28762817382812 78.57450866699219 16.73882484436035
		endloop
	endfacet
	facet normal 0.08613453029339499 -0.11522232949945325 0.9895982303318128
		outer loop
			vertex -104.9227523803711 79.83457946777344 17.073963165283203
			vertex -104.58409118652344 79.22129821777344 16.973079681396484
			vertex -104.58409118652344 80.37006378173828 17.106834411621094
		endloop
	endfacet
	facet normal -0.006447185036555138 -0.05720675350659177 0.9983415353266339
		outer loop
			vertex -104.9227523803711 79.83457946777344 17.073963165283203
			vertex -104.58409118652344 80.37006378173828 17.106834411621094
			vertex -104.80661010742188 80.3951416015625 17.106834411621094
		endloop
	endfacet
	facet normal -0.019099806753682214 -0.05458438686857975 0.998326470695911
		outer loop
			vertex -104.9227523803711 79.83457946777344 17.073963165283203
			vertex -104.80661010742188 80.3951416015625 17.106834411621094
			vertex -105.01797485351562 80.46910095214844 17.106834411621094
		endloop
	endfacet
	facet normal -0.13399197076264532 -0.07131266907479618 0.9884132005394157
		outer loop
			vertex -104.9227523803711 79.83457946777344 17.073963165283203
			vertex -105.01797485351562 80.46910095214844 17.106834411621094
			vertex -105.4184341430664 79.4010238647461 16.975486755371094
		endloop
	endfacet
	facet normal -0.03630431122647617 -0.1816971609604394 0.9826841500122446
		outer loop
			vertex -104.9227523803711 79.83457946777344 17.073963165283203
			vertex -105.4184341430664 79.4010238647461 16.975486755371094
			vertex -104.58409118652344 79.22129821777344 16.973079681396484
		endloop
	endfacet
	facet normal -0.5150277714395534 -0.2874299121730301 0.8075459369188922
		outer loop
			vertex -108.06141662597656 79.99342346191406 16.289283752441406
			vertex -108.46211242675781 79.72682189941406 15.938840866088867
			vertex -108.0252914428711 78.93460845947266 15.93545913696289
		endloop
	endfacet
	facet normal -0.21327418137266552 -0.27091100083116676 0.9386806449418647
		outer loop
			vertex -105.81653594970703 79.62866973876953 16.976680755615234
			vertex -106.8723373413086 79.08181762695312 16.578969955444336
			vertex -105.57868194580078 78.8577651977539 16.8082332611084
		endloop
	endfacet
	facet normal -0.1417168461412783 -0.2528509439732342 0.9570698697856983
		outer loop
			vertex -105.81653594970703 79.62866973876953 16.976680755615234
			vertex -105.57868194580078 78.8577651977539 16.8082332611084
			vertex -105.4184341430664 79.4010238647461 16.975486755371094
		endloop
	endfacet
	facet normal -0.21432204846135378 -0.2690943245133915 0.9389644849822654
		outer loop
			vertex -106.00559997558594 79.77925109863281 16.976680755615234
			vertex -106.8723373413086 79.08181762695312 16.578969955444336
			vertex -105.81653594970703 79.62866973876953 16.976680755615234
		endloop
	endfacet
	facet normal -0.09114672023015555 -0.16454662451053487 0.9821490130084513
		outer loop
			vertex -105.62469482421875 79.95764923095703 17.04960060119629
			vertex -105.81653594970703 79.62866973876953 16.976680755615234
			vertex -105.4184341430664 79.4010238647461 16.975486755371094
		endloop
	endfacet
	facet normal -0.040170099320044554 -0.06393258458544651 0.9971454195596762
		outer loop
			vertex -105.62469482421875 79.95764923095703 17.04960060119629
			vertex -105.01797485351562 80.46910095214844 17.106834411621094
			vertex -105.20758056640625 80.5882339477539 17.106834411621094
		endloop
	endfacet
	facet normal 0.01353382478009686 -0.12704233112858423 0.9918049615162434
		outer loop
			vertex -105.62469482421875 79.95764923095703 17.04960060119629
			vertex -105.4184341430664 79.4010238647461 16.975486755371094
			vertex -105.01797485351562 80.46910095214844 17.106834411621094
		endloop
	endfacet
	facet normal -0.11835432003385578 -0.1486010236995987 0.9817891783294186
		outer loop
			vertex -105.62469482421875 79.95764923095703 17.04960060119629
			vertex -106.00559997558594 79.77925109863281 16.976680755615234
			vertex -105.81653594970703 79.62866973876953 16.976680755615234
		endloop
	endfacet
	facet normal -0.592187093446463 -0.15052285917280178 0.7916168992775957
		outer loop
			vertex -108.05191802978516 80.49734497070312 16.392208099365234
			vertex -108.46211242675781 79.72682189941406 15.938840866088867
			vertex -108.06141662597656 79.99342346191406 16.289283752441406
		endloop
	endfacet
	facet normal -0.5473470796213138 -0.03360064166800164 0.8362309318062314
		outer loop
			vertex -108.05191802978516 80.49734497070312 16.392208099365234
			vertex -107.82015991210938 81.37006378173828 16.578969955444336
			vertex -108.78782653808594 81.37006378173828 15.945592880249023
		endloop
	endfacet
	facet normal -0.4694204571536088 -0.16819435215540282 0.866807414774886
		outer loop
			vertex -108.05191802978516 80.49734497070312 16.392208099365234
			vertex -108.06141662597656 79.99342346191406 16.289283752441406
			vertex -107.59294891357422 80.17888641357422 16.578969955444336
		endloop
	endfacet
	facet normal -0.6196013592453563 -0.12599724347457955 0.774737923596176
		outer loop
			vertex -108.05191802978516 80.49734497070312 16.392208099365234
			vertex -108.78782653808594 81.37006378173828 15.945592880249023
			vertex -108.46211242675781 79.72682189941406 15.938840866088867
		endloop
	endfacet
	facet normal -0.23926471566742524 -0.23926471566742524 0.9410126416117758
		outer loop
			vertex -106.1749038696289 79.94855499267578 16.976680755615234
			vertex -106.8723373413086 79.08181762695312 16.578969955444336
			vertex -106.00559997558594 79.77925109863281 16.976680755615234
		endloop
	endfacet
	facet normal -0.0496040576361792 -0.05768830155078796 0.9971015481535529
		outer loop
			vertex -105.8246078491211 80.12954711914062 17.04960060119629
			vertex -105.62469482421875 79.95764923095703 17.04960060119629
			vertex -105.20758056640625 80.5882339477539 17.106834411621094
		endloop
	endfacet
	facet normal -0.12175353836689808 -0.14159637680652568 0.9824085412751686
		outer loop
			vertex -105.8246078491211 80.12954711914062 17.04960060119629
			vertex -106.00559997558594 79.77925109863281 16.976680755615234
			vertex -105.62469482421875 79.95764923095703 17.04960060119629
		endloop
	endfacet
	facet normal -0.13473635429365272 -0.13473635429365272 0.9816782719727022
		outer loop
			vertex -105.8246078491211 80.12954711914062 17.04960060119629
			vertex -106.1749038696289 79.94855499267578 16.976680755615234
			vertex -106.00559997558594 79.77925109863281 16.976680755615234
		endloop
	endfacet
	facet normal -0.053055431915588314 -0.053055431915588314 0.997181148181463
		outer loop
			vertex -105.8246078491211 80.12954711914062 17.04960060119629
			vertex -105.20758056640625 80.5882339477539 17.106834411621094
			vertex -105.36592102050781 80.74657440185547 17.106834411621094
		endloop
	endfacet
	facet normal -0.2690943245133915 -0.21432204846135378 0.9389644849822654
		outer loop
			vertex -106.32548522949219 80.13761901855469 16.976680755615234
			vertex -106.8723373413086 79.08181762695312 16.578969955444336
			vertex -106.1749038696289 79.94855499267578 16.976680755615234
		endloop
	endfacet
	facet normal -0.27091100083116676 -0.21327418137266552 0.9386806449418647
		outer loop
			vertex -107.09638977050781 80.37547302246094 16.8082332611084
			vertex -106.8723373413086 79.08181762695312 16.578969955444336
			vertex -106.32548522949219 80.13761901855469 16.976680755615234
		endloop
	endfacet
	facet normal -0.1486010236995987 -0.11835432003385578 0.9817891783294186
		outer loop
			vertex -105.99650573730469 80.32946014404297 17.04960060119629
			vertex -106.32548522949219 80.13761901855469 16.976680755615234
			vertex -106.1749038696289 79.94855499267578 16.976680755615234
		endloop
	endfacet
	facet normal -0.14159637680652568 -0.12175353836689808 0.9824085412751686
		outer loop
			vertex -105.99650573730469 80.32946014404297 17.04960060119629
			vertex -106.1749038696289 79.94855499267578 16.976680755615234
			vertex -105.8246078491211 80.12954711914062 17.04960060119629
		endloop
	endfacet
	facet normal -0.06393258458544651 -0.040170099320044554 0.9971454195596762
		outer loop
			vertex -105.99650573730469 80.32946014404297 17.04960060119629
			vertex -105.36592102050781 80.74657440185547 17.106834411621094
			vertex -105.48505401611328 80.9361801147461 17.106834411621094
		endloop
	endfacet
	facet normal -0.05768830155078796 -0.0496040576361792 0.9971015481535529
		outer loop
			vertex -105.99650573730469 80.32946014404297 17.04960060119629
			vertex -105.8246078491211 80.12954711914062 17.04960060119629
			vertex -105.36592102050781 80.74657440185547 17.106834411621094
		endloop
	endfacet
	facet normal -0.3407705243688927 0.00024583743570210916 0.9401464722506303
		outer loop
			vertex -107.37964630126953 80.6665267944336 16.73882484436035
			vertex -106.73285675048828 81.37006378173828 16.973079681396484
			vertex -107.82015991210938 81.37006378173828 16.578969955444336
		endloop
	endfacet
	facet normal -0.36888218114169635 -0.1398691587072557 0.9188920256910871
		outer loop
			vertex -107.37964630126953 80.6665267944336 16.73882484436035
			vertex -107.59294891357422 80.17888641357422 16.578969955444336
			vertex -107.09638977050781 80.37547302246094 16.8082332611084
		endloop
	endfacet
	facet normal -0.4422730902137803 -0.07383152055453775 0.8938363498120662
		outer loop
			vertex -107.37964630126953 80.6665267944336 16.73882484436035
			vertex -107.82015991210938 81.37006378173828 16.578969955444336
			vertex -108.05191802978516 80.49734497070312 16.392208099365234
		endloop
	endfacet
	facet normal -0.43527755948433894 -0.10280042306299651 0.8944079154543674
		outer loop
			vertex -107.37964630126953 80.6665267944336 16.73882484436035
			vertex -108.05191802978516 80.49734497070312 16.392208099365234
			vertex -107.59294891357422 80.17888641357422 16.578969955444336
		endloop
	endfacet
	facet normal -0.28331888680281936 -0.05826799234307193 0.957254015112561
		outer loop
			vertex -106.55313110351562 80.53572082519531 16.975486755371094
			vertex -106.73285675048828 81.37006378173828 16.973079681396484
			vertex -107.37964630126953 80.6665267944336 16.73882484436035
		endloop
	endfacet
	facet normal -0.16454662451053487 -0.09114672023015555 0.9821490130084513
		outer loop
			vertex -106.55313110351562 80.53572082519531 16.975486755371094
			vertex -106.32548522949219 80.13761901855469 16.976680755615234
			vertex -105.99650573730469 80.32946014404297 17.04960060119629
		endloop
	endfacet
	facet normal -0.2528509439732342 -0.1417168461412783 0.9570698697856983
		outer loop
			vertex -106.55313110351562 80.53572082519531 16.975486755371094
			vertex -107.09638977050781 80.37547302246094 16.8082332611084
			vertex -106.32548522949219 80.13761901855469 16.976680755615234
		endloop
	endfacet
	facet normal -0.12704233112858423 0.01353382478009686 0.9918049615162434
		outer loop
			vertex -106.55313110351562 80.53572082519531 16.975486755371094
			vertex -105.99650573730469 80.32946014404297 17.04960060119629
			vertex -105.48505401611328 80.9361801147461 17.106834411621094
		endloop
	endfacet
	facet normal -0.2816430200443148 -0.04553643739804362 0.958438126395967
		outer loop
			vertex -106.55313110351562 80.53572082519531 16.975486755371094
			vertex -107.37964630126953 80.6665267944336 16.73882484436035
			vertex -107.09638977050781 80.37547302246094 16.8082332611084
		endloop
	endfacet
	facet normal -0.11522232949945325 0.08613453029339499 0.9895982303318128
		outer loop
			vertex -106.11957550048828 81.03140258789062 17.073963165283203
			vertex -105.58409118652344 81.37006378173828 17.106834411621094
			vertex -106.73285675048828 81.37006378173828 16.973079681396484
		endloop
	endfacet
	facet normal -0.05458438686857975 -0.019099806753682214 0.998326470695911
		outer loop
			vertex -106.11957550048828 81.03140258789062 17.073963165283203
			vertex -105.48505401611328 80.9361801147461 17.106834411621094
			vertex -105.55901336669922 81.14754486083984 17.106834411621094
		endloop
	endfacet
	facet normal -0.05720675350659177 -0.006447185036555138 0.9983415353266339
		outer loop
			vertex -106.11957550048828 81.03140258789062 17.073963165283203
			vertex -105.55901336669922 81.14754486083984 17.106834411621094
			vertex -105.58409118652344 81.37006378173828 17.106834411621094
		endloop
	endfacet
	facet normal -0.1816971609604394 -0.03630431122647617 0.9826841500122446
		outer loop
			vertex -106.11957550048828 81.03140258789062 17.073963165283203
			vertex -106.73285675048828 81.37006378173828 16.973079681396484
			vertex -106.55313110351562 80.53572082519531 16.975486755371094
		endloop
	endfacet
	facet normal -0.07131266907479618 -0.13399197076264532 0.9884132005394157
		outer loop
			vertex -106.11957550048828 81.03140258789062 17.073963165283203
			vertex -106.55313110351562 80.53572082519531 16.975486755371094
			vertex -105.48505401611328 80.9361801147461 17.106834411621094
		endloop
	endfacet
	facet normal -0.2893830424340737 -0.5025768352714526 0.8146618804142799
		outer loop
			vertex -106.49517059326172 78.44692993164062 16.441329956054688
			vertex -107.01954650878906 77.92886352539062 15.93545913696289
			vertex -105.96073150634766 77.89273834228516 16.289283752441406
		endloop
	endfacet
	facet normal -0.37229697760056635 -0.402476231994493 0.8363060702571748
		outer loop
			vertex -106.49517059326172 78.44692993164062 16.441329956054688
			vertex -106.8723373413086 79.08181762695312 16.578969955444336
			vertex -107.39315795898438 78.22643280029297 15.93545913696289
		endloop
	endfacet
	facet normal -0.2190864834084824 -0.44894842009622377 0.8662831112752974
		outer loop
			vertex -106.49517059326172 78.44692993164062 16.441329956054688
			vertex -105.96073150634766 77.89273834228516 16.289283752441406
			vertex -105.7752685546875 78.3612060546875 16.578969955444336
		endloop
	endfacet
	facet normal -0.35422027636384557 -0.4447393004009312 0.8226390159064979
		outer loop
			vertex -106.49517059326172 78.44692993164062 16.441329956054688
			vertex -107.39315795898438 78.22643280029297 15.93545913696289
			vertex -107.01954650878906 77.92886352539062 15.93545913696289
		endloop
	endfacet
	facet normal -0.2198086790200502 -0.32963411612456794 0.9181641977959256
		outer loop
			vertex -106.49517059326172 78.44692993164062 16.441329956054688
			vertex -105.57868194580078 78.8577651977539 16.8082332611084
			vertex -106.8723373413086 79.08181762695312 16.578969955444336
		endloop
	endfacet
	facet normal -0.2154005448818229 -0.3377611467797771 0.9162532471924034
		outer loop
			vertex -106.49517059326172 78.44692993164062 16.441329956054688
			vertex -105.7752685546875 78.3612060546875 16.578969955444336
			vertex -105.57868194580078 78.8577651977539 16.8082332611084
		endloop
	endfacet
	facet normal -0.3377611467797771 -0.2154005448818229 0.9162532471924034
		outer loop
			vertex -107.5072250366211 79.458984375 16.441329956054688
			vertex -107.09638977050781 80.37547302246094 16.8082332611084
			vertex -107.59294891357422 80.17888641357422 16.578969955444336
		endloop
	endfacet
	facet normal -0.44894842009622377 -0.2190864834084824 0.8662831112752974
		outer loop
			vertex -107.5072250366211 79.458984375 16.441329956054688
			vertex -107.59294891357422 80.17888641357422 16.578969955444336
			vertex -108.06141662597656 79.99342346191406 16.289283752441406
		endloop
	endfacet
	facet normal -0.32963411612456794 -0.2198086790200502 0.9181641977959256
		outer loop
			vertex -107.5072250366211 79.458984375 16.441329956054688
			vertex -106.8723373413086 79.08181762695312 16.578969955444336
			vertex -107.09638977050781 80.37547302246094 16.8082332611084
		endloop
	endfacet
	facet normal -0.402476231994493 -0.37229697760056635 0.8363060702571748
		outer loop
			vertex -107.5072250366211 79.458984375 16.441329956054688
			vertex -107.72772216796875 78.56099700927734 15.93545913696289
			vertex -106.8723373413086 79.08181762695312 16.578969955444336
		endloop
	endfacet
	facet normal -0.4447393004009312 -0.35422027636384557 0.8226390159064979
		outer loop
			vertex -107.5072250366211 79.458984375 16.441329956054688
			vertex -108.0252914428711 78.93460845947266 15.93545913696289
			vertex -107.72772216796875 78.56099700927734 15.93545913696289
		endloop
	endfacet
	facet normal -0.5025768352714526 -0.2893830424340737 0.8146618804142799
		outer loop
			vertex -107.5072250366211 79.458984375 16.441329956054688
			vertex -108.06141662597656 79.99342346191406 16.289283752441406
			vertex -108.0252914428711 78.93460845947266 15.93545913696289
		endloop
	endfacet
	facet normal -0.7252397949998158 0 0.6884963614636065
		outer loop
			vertex -109.58409118652344 126.37006378173828 15.106833457946777
			vertex -109.58409118652344 81.37006378173828 15.106833457946777
			vertex -108.78782653808594 81.37006378173828 15.945592880249023
		endloop
	endfacet
	facet normal -0.5476563197762333 0 0.8367033855609479
		outer loop
			vertex -108.78782653808594 126.37006378173828 15.945592880249023
			vertex -108.78782653808594 81.37006378173828 15.945592880249023
			vertex -107.82015991210938 81.37006378173828 16.578969955444336
		endloop
	endfacet
	facet normal -0.7252397949998158 0 0.6884963614636065
		outer loop
			vertex -108.78782653808594 126.37006378173828 15.945592880249023
			vertex -109.58409118652344 126.37006378173828 15.106833457946777
			vertex -108.78782653808594 81.37006378173828 15.945592880249023
		endloop
	endfacet
	facet normal -0.3407705346663045 0 0.9401465006599987
		outer loop
			vertex -107.82015991210938 126.37006378173828 16.578969955444336
			vertex -107.82015991210938 81.37006378173828 16.578969955444336
			vertex -106.73285675048828 81.37006378173828 16.973079681396484
		endloop
	endfacet
	facet normal -0.5476563197762333 0 0.8367033855609479
		outer loop
			vertex -107.82015991210938 126.37006378173828 16.578969955444336
			vertex -108.78782653808594 126.37006378173828 15.945592880249023
			vertex -107.82015991210938 81.37006378173828 16.578969955444336
		endloop
	endfacet
	facet normal -0.11565214895126835 0 0.9932897766729274
		outer loop
			vertex -106.73285675048828 126.37006378173828 16.973079681396484
			vertex -106.73285675048828 81.37006378173828 16.973079681396484
			vertex -105.58409118652344 81.37006378173828 17.106834411621094
		endloop
	endfacet
	facet normal -0.3407705346663045 0 0.9401465006599987
		outer loop
			vertex -106.73285675048828 126.37006378173828 16.973079681396484
			vertex -107.82015991210938 126.37006378173828 16.578969955444336
			vertex -106.73285675048828 81.37006378173828 16.973079681396484
		endloop
	endfacet
	facet normal -0.11565214895126835 0 0.9932897766729274
		outer loop
			vertex -105.58409118652344 126.37006378173828 17.106834411621094
			vertex -106.73285675048828 126.37006378173828 16.973079681396484
			vertex -105.58409118652344 81.37006378173828 17.106834411621094
		endloop
	endfacet
	facet normal 0 0 1
		outer loop
			vertex -44.361568450927734 80.3951416015625 17.106834411621094
			vertex -43.96059799194336 80.5882339477539 17.106834411621094
			vertex -43.8022575378418 80.74657440185547 17.106834411621094
		endloop
	endfacet
	facet normal 0 0 1
		outer loop
			vertex -44.361568450927734 80.3951416015625 17.106834411621094
			vertex -44.150203704833984 80.46910095214844 17.106834411621094
			vertex -43.96059799194336 80.5882339477539 17.106834411621094
		endloop
	endfacet
	facet normal 0 0 1
		outer loop
			vertex -43.609161376953125 81.14754486083984 17.106834411621094
			vertex -43.8022575378418 80.74657440185547 17.106834411621094
			vertex -43.68312072753906 80.9361801147461 17.106834411621094
		endloop
	endfacet
	facet normal 0 0 1
		outer loop
			vertex -43.58408737182617 81.37006378173828 17.106834411621094
			vertex -43.8022575378418 80.74657440185547 17.106834411621094
			vertex -43.609161376953125 81.14754486083984 17.106834411621094
		endloop
	endfacet
	facet normal 0 0 1
		outer loop
			vertex -44.58408737182617 80.37006378173828 17.106834411621094
			vertex -44.361568450927734 80.3951416015625 17.106834411621094
			vertex -43.8022575378418 80.74657440185547 17.106834411621094
		endloop
	endfacet
	facet normal 0 0 1
		outer loop
			vertex -44.58408737182617 80.37006378173828 17.106834411621094
			vertex -43.8022575378418 80.74657440185547 17.106834411621094
			vertex -43.58408737182617 81.37006378173828 17.106834411621094
		endloop
	endfacet
	facet normal 0 0 1
		outer loop
			vertex -46.58408737182617 83.6700668334961 17.106834411621094
			vertex -44.58408737182617 80.37006378173828 17.106834411621094
			vertex -43.58408737182617 81.37006378173828 17.106834411621094
		endloop
	endfacet
	facet normal 0 0 1
		outer loop
			vertex -46.58408737182617 121.67506408691406 17.106834411621094
			vertex -46.58408737182617 83.6700668334961 17.106834411621094
			vertex -43.58408737182617 81.37006378173828 17.106834411621094
		endloop
	endfacet
	facet normal 0 0 1
		outer loop
			vertex -43.58408737182617 126.37006378173828 17.106834411621094
			vertex -46.58408737182617 121.67506408691406 17.106834411621094
			vertex -43.58408737182617 81.37006378173828 17.106834411621094
		endloop
	endfacet
	facet normal 0 0 1
		outer loop
			vertex -50.83409118652344 121.67506408691406 17.106834411621094
			vertex -46.58408737182617 121.67506408691406 17.106834411621094
			vertex -43.58408737182617 126.37006378173828 17.106834411621094
		endloop
	endfacet
	facet normal 0 0 1
		outer loop
			vertex -105.01797485351562 80.46910095214844 17.106834411621094
			vertex -104.80661010742188 80.3951416015625 17.106834411621094
			vertex -104.58409118652344 80.37006378173828 17.106834411621094
		endloop
	endfacet
	facet normal 0 0 1
		outer loop
			vertex -105.20758056640625 80.5882339477539 17.106834411621094
			vertex -105.01797485351562 80.46910095214844 17.106834411621094
			vertex -104.58409118652344 80.37006378173828 17.106834411621094
		endloop
	endfacet
	facet normal 0 0 1
		outer loop
			vertex -105.36592102050781 80.74657440185547 17.106834411621094
			vertex -105.20758056640625 80.5882339477539 17.106834411621094
			vertex -104.58409118652344 80.37006378173828 17.106834411621094
		endloop
	endfacet
	facet normal 0 0 1
		outer loop
			vertex -105.55901336669922 81.14754486083984 17.106834411621094
			vertex -105.48505401611328 80.9361801147461 17.106834411621094
			vertex -105.36592102050781 80.74657440185547 17.106834411621094
		endloop
	endfacet
	facet normal 0 0 1
		outer loop
			vertex -105.55901336669922 81.14754486083984 17.106834411621094
			vertex -105.36592102050781 80.74657440185547 17.106834411621094
			vertex -104.58409118652344 80.37006378173828 17.106834411621094
		endloop
	endfacet
	facet normal 0 0 1
		outer loop
			vertex -105.58409118652344 81.37006378173828 17.106834411621094
			vertex -105.55901336669922 81.14754486083984 17.106834411621094
			vertex -104.58409118652344 80.37006378173828 17.106834411621094
		endloop
	endfacet
	facet normal 0 0 1
		outer loop
			vertex -105.58409118652344 81.37006378173828 17.106834411621094
			vertex -104.58409118652344 80.37006378173828 17.106834411621094
			vertex -101.58409118652344 83.6700668334961 17.106834411621094
		endloop
	endfacet
	facet normal 0 0 1
		outer loop
			vertex -70.55997467041016 118.08187103271484 17.106834411621094
			vertex -50.83409118652344 84.6700668334961 17.106834411621094
			vertex -50.83409118652344 121.67506408691406 17.106834411621094
		endloop
	endfacet
	facet normal 0 0 1
		outer loop
			vertex -70.55997467041016 118.08187103271484 17.106834411621094
			vertex -50.83409118652344 121.67506408691406 17.106834411621094
			vertex -70.36996459960938 118.27188110351562 17.106834411621094
		endloop
	endfacet
	facet normal 0 0 1
		outer loop
			vertex -70.78750610351562 117.93890380859375 17.106834411621094
			vertex -50.83409118652344 84.6700668334961 17.106834411621094
			vertex -70.55997467041016 118.08187103271484 17.106834411621094
		endloop
	endfacet
	facet normal 0 0 1
		outer loop
			vertex -70.22699737548828 118.49940490722656 17.106834411621094
			vertex -70.36996459960938 118.27188110351562 17.106834411621094
			vertex -50.83409118652344 121.67506408691406 17.106834411621094
		endloop
	endfacet
	facet normal 0 0 1
		outer loop
			vertex -70.13825225830078 118.75304412841797 17.106834411621094
			vertex -70.22699737548828 118.49940490722656 17.106834411621094
			vertex -50.83409118652344 121.67506408691406 17.106834411621094
		endloop
	endfacet
	facet normal 0 0 1
		outer loop
			vertex -71.0411376953125 117.85015106201172 17.106834411621094
			vertex -50.83409118652344 84.6700668334961 17.106834411621094
			vertex -70.78750610351562 117.93890380859375 17.106834411621094
		endloop
	endfacet
	facet normal 0 0 1
		outer loop
			vertex -70.10816192626953 119.02006530761719 17.106834411621094
			vertex -70.13825225830078 118.75304412841797 17.106834411621094
			vertex -50.83409118652344 121.67506408691406 17.106834411621094
		endloop
	endfacet
	facet normal 0 0 1
		outer loop
			vertex -71.30816650390625 117.820068359375 17.106834411621094
			vertex -50.83409118652344 84.6700668334961 17.106834411621094
			vertex -71.0411376953125 117.85015106201172 17.106834411621094
		endloop
	endfacet
	facet normal 0 0 1
		outer loop
			vertex -71.30816650390625 117.820068359375 17.106834411621094
			vertex -98.33409118652344 84.6700668334961 17.106834411621094
			vertex -50.83409118652344 84.6700668334961 17.106834411621094
		endloop
	endfacet
	facet normal 0 0 1
		outer loop
			vertex -70.10816192626953 120.37506866455078 17.106834411621094
			vertex -70.10816192626953 119.02006530761719 17.106834411621094
			vertex -50.83409118652344 121.67506408691406 17.106834411621094
		endloop
	endfacet
	facet normal 0 0 1
		outer loop
			vertex -70.13323211669922 120.59758758544922 17.106834411621094
			vertex -70.10816192626953 120.37506866455078 17.106834411621094
			vertex -50.83409118652344 121.67506408691406 17.106834411621094
		endloop
	endfacet
	facet normal 0 0 1
		outer loop
			vertex -70.20719146728516 120.80895233154297 17.106834411621094
			vertex -70.13323211669922 120.59758758544922 17.106834411621094
			vertex -50.83409118652344 121.67506408691406 17.106834411621094
		endloop
	endfacet
	facet normal 0 0 1
		outer loop
			vertex -70.32633209228516 120.9985580444336 17.106834411621094
			vertex -70.20719146728516 120.80895233154297 17.106834411621094
			vertex -50.83409118652344 121.67506408691406 17.106834411621094
		endloop
	endfacet
	facet normal 0 0 1
		outer loop
			vertex -70.48467254638672 121.15689849853516 17.106834411621094
			vertex -70.32633209228516 120.9985580444336 17.106834411621094
			vertex -50.83409118652344 121.67506408691406 17.106834411621094
		endloop
	endfacet
	facet normal 0 0 1
		outer loop
			vertex -70.67427825927734 121.27603149414062 17.106834411621094
			vertex -70.48467254638672 121.15689849853516 17.106834411621094
			vertex -50.83409118652344 121.67506408691406 17.106834411621094
		endloop
	endfacet
	facet normal 0 0 1
		outer loop
			vertex -70.67427825927734 121.27603149414062 17.106834411621094
			vertex -50.83409118652344 121.67506408691406 17.106834411621094
			vertex -43.58408737182617 126.37006378173828 17.106834411621094
		endloop
	endfacet
	facet normal 0 0 1
		outer loop
			vertex -70.8856430053711 121.34999084472656 17.106834411621094
			vertex -70.67427825927734 121.27603149414062 17.106834411621094
			vertex -43.58408737182617 126.37006378173828 17.106834411621094
		endloop
	endfacet
	facet normal 0 0 1
		outer loop
			vertex -78.08409118652344 117.820068359375 17.106834411621094
			vertex -98.33409118652344 84.6700668334961 17.106834411621094
			vertex -71.30816650390625 117.820068359375 17.106834411621094
		endloop
	endfacet
	facet normal 0 0 1
		outer loop
			vertex -78.35111236572266 117.85015106201172 17.106834411621094
			vertex -98.33409118652344 84.6700668334961 17.106834411621094
			vertex -78.08409118652344 117.820068359375 17.106834411621094
		endloop
	endfacet
	facet normal 0 0 1
		outer loop
			vertex -78.60475158691406 117.93890380859375 17.106834411621094
			vertex -98.33409118652344 84.6700668334961 17.106834411621094
			vertex -78.35111236572266 117.85015106201172 17.106834411621094
		endloop
	endfacet
	facet normal 0 0 1
		outer loop
			vertex -78.832275390625 118.08187103271484 17.106834411621094
			vertex -98.33409118652344 84.6700668334961 17.106834411621094
			vertex -78.60475158691406 117.93890380859375 17.106834411621094
		endloop
	endfacet
	facet normal 0 0 1
		outer loop
			vertex -98.33409118652344 121.67506408691406 17.106834411621094
			vertex -78.90757751464844 121.15689849853516 17.106834411621094
			vertex -78.71797180175781 121.27603149414062 17.106834411621094
		endloop
	endfacet
	facet normal 0 0 1
		outer loop
			vertex -98.33409118652344 121.67506408691406 17.106834411621094
			vertex -79.06591796875 120.9985580444336 17.106834411621094
			vertex -78.90757751464844 121.15689849853516 17.106834411621094
		endloop
	endfacet
	facet normal 0 0 1
		outer loop
			vertex -98.33409118652344 121.67506408691406 17.106834411621094
			vertex -79.18505859375 120.80895233154297 17.106834411621094
			vertex -79.06591796875 120.9985580444336 17.106834411621094
		endloop
	endfacet
	facet normal 0 0 1
		outer loop
			vertex -98.33409118652344 121.67506408691406 17.106834411621094
			vertex -79.25901794433594 120.59758758544922 17.106834411621094
			vertex -79.18505859375 120.80895233154297 17.106834411621094
		endloop
	endfacet
	facet normal 0 0 1
		outer loop
			vertex -98.33409118652344 121.67506408691406 17.106834411621094
			vertex -79.28408813476562 120.37506866455078 17.106834411621094
			vertex -79.25901794433594 120.59758758544922 17.106834411621094
		endloop
	endfacet
	facet normal 0 0 1
		outer loop
			vertex -98.33409118652344 121.67506408691406 17.106834411621094
			vertex -79.28408813476562 119.02006530761719 17.106834411621094
			vertex -79.28408813476562 120.37506866455078 17.106834411621094
		endloop
	endfacet
	facet normal 0 0 1
		outer loop
			vertex -98.33409118652344 121.67506408691406 17.106834411621094
			vertex -79.2540054321289 118.75304412841797 17.106834411621094
			vertex -79.28408813476562 119.02006530761719 17.106834411621094
		endloop
	endfacet
	facet normal 0 0 1
		outer loop
			vertex -98.33409118652344 121.67506408691406 17.106834411621094
			vertex -79.16525268554688 118.49940490722656 17.106834411621094
			vertex -79.2540054321289 118.75304412841797 17.106834411621094
		endloop
	endfacet
	facet normal 0 0 1
		outer loop
			vertex -98.33409118652344 121.67506408691406 17.106834411621094
			vertex -79.02228546142578 118.27188110351562 17.106834411621094
			vertex -79.16525268554688 118.49940490722656 17.106834411621094
		endloop
	endfacet
	facet normal 0 0 1
		outer loop
			vertex -98.33409118652344 121.67506408691406 17.106834411621094
			vertex -78.832275390625 118.08187103271484 17.106834411621094
			vertex -79.02228546142578 118.27188110351562 17.106834411621094
		endloop
	endfacet
	facet normal 0 0 1
		outer loop
			vertex -98.33409118652344 121.67506408691406 17.106834411621094
			vertex -98.33409118652344 84.6700668334961 17.106834411621094
			vertex -78.832275390625 118.08187103271484 17.106834411621094
		endloop
	endfacet
	facet normal 0 0 1
		outer loop
			vertex -101.58409118652344 121.67506408691406 17.106834411621094
			vertex -105.58409118652344 81.37006378173828 17.106834411621094
			vertex -101.58409118652344 83.6700668334961 17.106834411621094
		endloop
	endfacet
	facet normal 0 0 1
		outer loop
			vertex -105.58409118652344 126.37006378173828 17.106834411621094
			vertex -78.71797180175781 121.27603149414062 17.106834411621094
			vertex -78.50660705566406 121.34999084472656 17.106834411621094
		endloop
	endfacet
	facet normal 0 0 1
		outer loop
			vertex -105.58409118652344 126.37006378173828 17.106834411621094
			vertex -101.58409118652344 121.67506408691406 17.106834411621094
			vertex -98.33409118652344 121.67506408691406 17.106834411621094
		endloop
	endfacet
	facet normal 0 0 1
		outer loop
			vertex -105.58409118652344 126.37006378173828 17.106834411621094
			vertex -105.58409118652344 81.37006378173828 17.106834411621094
			vertex -101.58409118652344 121.67506408691406 17.106834411621094
		endloop
	endfacet
	facet normal 0 0 1
		outer loop
			vertex -105.58409118652344 126.37006378173828 17.106834411621094
			vertex -98.33409118652344 121.67506408691406 17.106834411621094
			vertex -78.71797180175781 121.27603149414062 17.106834411621094
		endloop
	endfacet
	facet normal 0 0 1
		outer loop
			vertex -105.58409118652344 126.37006378173828 17.106834411621094
			vertex -78.28408813476562 121.37506866455078 17.106834411621094
			vertex -43.58408737182617 126.37006378173828 17.106834411621094
		endloop
	endfacet
	facet normal 0 0 1
		outer loop
			vertex -78.28408813476562 121.37506866455078 17.106834411621094
			vertex -71.10816192626953 121.37506866455078 17.106834411621094
			vertex -43.58408737182617 126.37006378173828 17.106834411621094
		endloop
	endfacet
	facet normal 0 0 1
		outer loop
			vertex -71.10816192626953 121.37506866455078 17.106834411621094
			vertex -70.8856430053711 121.34999084472656 17.106834411621094
			vertex -43.58408737182617 126.37006378173828 17.106834411621094
		endloop
	endfacet
	facet normal 0 0 1
		outer loop
			vertex -105.58409118652344 126.37006378173828 17.106834411621094
			vertex -78.50660705566406 121.34999084472656 17.106834411621094
			vertex -78.28408813476562 121.37506866455078 17.106834411621094
		endloop
	endfacet
	facet normal 0 0 1
		outer loop
			vertex -101.58409118652344 83.6700668334961 17.106834411621094
			vertex -44.58408737182617 80.37006378173828 17.106834411621094
			vertex -46.58408737182617 83.6700668334961 17.106834411621094
		endloop
	endfacet
	facet normal 0 0 1
		outer loop
			vertex -101.58409118652344 83.6700668334961 17.106834411621094
			vertex -104.58409118652344 80.37006378173828 17.106834411621094
			vertex -44.58408737182617 80.37006378173828 17.106834411621094
		endloop
	endfacet
	facet normal 0 1 0
		outer loop
			vertex -107.82015991210938 126.37006378173828 16.578969955444336
			vertex -109.58409118652344 126.37006378173828 15.106833457946777
			vertex -108.78782653808594 126.37006378173828 15.945592880249023
		endloop
	endfacet
	facet normal 0 1 0
		outer loop
			vertex -105.58409118652344 126.37006378173828 17.106834411621094
			vertex -107.82015991210938 126.37006378173828 16.578969955444336
			vertex -106.73285675048828 126.37006378173828 16.973079681396484
		endloop
	endfacet
	facet normal 0 1 0
		outer loop
			vertex -105.58409118652344 126.37006378173828 17.106834411621094
			vertex -109.58409118652344 126.37006378173828 15.106833457946777
			vertex -107.82015991210938 126.37006378173828 16.578969955444336
		endloop
	endfacet
	facet normal 0 1 0
		outer loop
			vertex -39.58408737182617 126.37006378173828 15.106833457946777
			vertex -41.3480224609375 126.37006378173828 16.578969955444336
			vertex -40.38035202026367 126.37006378173828 15.945592880249023
		endloop
	endfacet
	facet normal 0 1 0
		outer loop
			vertex -39.58408737182617 126.37006378173828 15.106833457946777
			vertex -42.435325622558594 126.37006378173828 16.973079681396484
			vertex -41.3480224609375 126.37006378173828 16.578969955444336
		endloop
	endfacet
	facet normal 0 1 0
		outer loop
			vertex -39.58408737182617 126.37006378173828 15.106833457946777
			vertex -43.58408737182617 126.37006378173828 17.106834411621094
			vertex -42.435325622558594 126.37006378173828 16.973079681396484
		endloop
	endfacet
	facet normal 0 1 0
		outer loop
			vertex -39.58408737182617 126.37006378173828 15.106833457946777
			vertex -109.58409118652344 126.37006378173828 15.106833457946777
			vertex -43.58408737182617 126.37006378173828 17.106834411621094
		endloop
	endfacet
	facet normal 0 1 0
		outer loop
			vertex -43.58408737182617 126.37006378173828 17.106834411621094
			vertex -109.58409118652344 126.37006378173828 15.106833457946777
			vertex -105.58409118652344 126.37006378173828 17.106834411621094
		endloop
	endfacet
	facet normal 0 0 -1
		outer loop
			vertex -39.709449768066406 80.25746154785156 15.106833457946777
			vertex -40.674930572509766 78.25261688232422 15.106833457946777
			vertex -41.46664047241211 77.46090698242188 15.106833457946777
		endloop
	endfacet
	facet normal 0 0 -1
		outer loop
			vertex -39.709449768066406 80.25746154785156 15.106833457946777
			vertex -40.07924270629883 79.20064544677734 15.106833457946777
			vertex -40.674930572509766 78.25261688232422 15.106833457946777
		endloop
	endfacet
	facet normal 0 0 -1
		outer loop
			vertex -43.47148513793945 76.49542999267578 15.106833457946777
			vertex -41.46664047241211 77.46090698242188 15.106833457946777
			vertex -42.414669036865234 76.86521911621094 15.106833457946777
		endloop
	endfacet
	facet normal 0 0 -1
		outer loop
			vertex -39.58408737182617 81.37006378173828 15.106833457946777
			vertex -43.47148513793945 76.49542999267578 15.106833457946777
			vertex -44.58408737182617 76.37006378173828 15.106833457946777
		endloop
	endfacet
	facet normal 0 0 -1
		outer loop
			vertex -39.58408737182617 81.37006378173828 15.106833457946777
			vertex -41.46664047241211 77.46090698242188 15.106833457946777
			vertex -43.47148513793945 76.49542999267578 15.106833457946777
		endloop
	endfacet
	facet normal 0 0 -1
		outer loop
			vertex -39.58408737182617 81.37006378173828 15.106833457946777
			vertex -39.709449768066406 80.25746154785156 15.106833457946777
			vertex -41.46664047241211 77.46090698242188 15.106833457946777
		endloop
	endfacet
	facet normal 0 0 -1
		outer loop
			vertex -108.49324798583984 78.25261688232422 15.106833457946777
			vertex -106.75350952148438 76.86521911621094 15.106833457946777
			vertex -107.7015380859375 77.46090698242188 15.106833457946777
		endloop
	endfacet
	facet normal 0 0 -1
		outer loop
			vertex -108.49324798583984 78.25261688232422 15.106833457946777
			vertex -105.69669342041016 76.49542999267578 15.106833457946777
			vertex -106.75350952148438 76.86521911621094 15.106833457946777
		endloop
	endfacet
	facet normal 0 0 -1
		outer loop
			vertex -108.49324798583984 78.25261688232422 15.106833457946777
			vertex -104.58409118652344 76.37006378173828 15.106833457946777
			vertex -105.69669342041016 76.49542999267578 15.106833457946777
		endloop
	endfacet
	facet normal 0 0 -1
		outer loop
			vertex -109.08893585205078 79.20064544677734 15.106833457946777
			vertex -104.58409118652344 76.37006378173828 15.106833457946777
			vertex -108.49324798583984 78.25261688232422 15.106833457946777
		endloop
	endfacet
	facet normal 0 0 -1
		outer loop
			vertex -70.36996459960938 118.27188110351562 15.106833457946777
			vertex -39.58408737182617 126.37006378173828 15.106833457946777
			vertex -39.58408737182617 81.37006378173828 15.106833457946777
		endloop
	endfacet
	facet normal 0 0 -1
		outer loop
			vertex -70.36996459960938 118.27188110351562 15.106833457946777
			vertex -39.58408737182617 81.37006378173828 15.106833457946777
			vertex -70.55997467041016 118.08187103271484 15.106833457946777
		endloop
	endfacet
	facet normal 0 0 -1
		outer loop
			vertex -70.78750610351562 117.93890380859375 15.106833457946777
			vertex -39.58408737182617 81.37006378173828 15.106833457946777
			vertex -44.58408737182617 76.37006378173828 15.106833457946777
		endloop
	endfacet
	facet normal 0 0 -1
		outer loop
			vertex -70.78750610351562 117.93890380859375 15.106833457946777
			vertex -70.55997467041016 118.08187103271484 15.106833457946777
			vertex -39.58408737182617 81.37006378173828 15.106833457946777
		endloop
	endfacet
	facet normal 0 0 -1
		outer loop
			vertex -70.22699737548828 118.49940490722656 15.106833457946777
			vertex -39.58408737182617 126.37006378173828 15.106833457946777
			vertex -70.36996459960938 118.27188110351562 15.106833457946777
		endloop
	endfacet
	facet normal 0 0 -1
		outer loop
			vertex -70.13825225830078 118.75304412841797 15.106833457946777
			vertex -39.58408737182617 126.37006378173828 15.106833457946777
			vertex -70.22699737548828 118.49940490722656 15.106833457946777
		endloop
	endfacet
	facet normal 0 0 -1
		outer loop
			vertex -71.0411376953125 117.85015106201172 15.106833457946777
			vertex -70.78750610351562 117.93890380859375 15.106833457946777
			vertex -44.58408737182617 76.37006378173828 15.106833457946777
		endloop
	endfacet
	facet normal 0 0 -1
		outer loop
			vertex -71.30816650390625 117.820068359375 15.106833457946777
			vertex -44.58408737182617 76.37006378173828 15.106833457946777
			vertex -104.58409118652344 76.37006378173828 15.106833457946777
		endloop
	endfacet
	facet normal 0 0 -1
		outer loop
			vertex -71.30816650390625 117.820068359375 15.106833457946777
			vertex -71.0411376953125 117.85015106201172 15.106833457946777
			vertex -44.58408737182617 76.37006378173828 15.106833457946777
		endloop
	endfacet
	facet normal 0 0 -1
		outer loop
			vertex -70.10816192626953 119.02006530761719 15.106833457946777
			vertex -39.58408737182617 126.37006378173828 15.106833457946777
			vertex -70.13825225830078 118.75304412841797 15.106833457946777
		endloop
	endfacet
	facet normal 0 0 -1
		outer loop
			vertex -70.10816192626953 120.37506866455078 15.106833457946777
			vertex -39.58408737182617 126.37006378173828 15.106833457946777
			vertex -70.10816192626953 119.02006530761719 15.106833457946777
		endloop
	endfacet
	facet normal 0 0 -1
		outer loop
			vertex -70.13323211669922 120.59758758544922 15.106833457946777
			vertex -39.58408737182617 126.37006378173828 15.106833457946777
			vertex -70.10816192626953 120.37506866455078 15.106833457946777
		endloop
	endfacet
	facet normal 0 0 -1
		outer loop
			vertex -109.58409118652344 81.37006378173828 15.106833457946777
			vertex -109.08893585205078 79.20064544677734 15.106833457946777
			vertex -109.45872497558594 80.25746154785156 15.106833457946777
		endloop
	endfacet
	facet normal 0 0 -1
		outer loop
			vertex -109.58409118652344 81.37006378173828 15.106833457946777
			vertex -104.58409118652344 76.37006378173828 15.106833457946777
			vertex -109.08893585205078 79.20064544677734 15.106833457946777
		endloop
	endfacet
	facet normal 0 0 -1
		outer loop
			vertex -70.20719146728516 120.80895233154297 15.106833457946777
			vertex -39.58408737182617 126.37006378173828 15.106833457946777
			vertex -70.13323211669922 120.59758758544922 15.106833457946777
		endloop
	endfacet
	facet normal 0 0 -1
		outer loop
			vertex -70.32633209228516 120.9985580444336 15.106833457946777
			vertex -39.58408737182617 126.37006378173828 15.106833457946777
			vertex -70.20719146728516 120.80895233154297 15.106833457946777
		endloop
	endfacet
	facet normal 0 0 -1
		outer loop
			vertex -70.48467254638672 121.15689849853516 15.106833457946777
			vertex -39.58408737182617 126.37006378173828 15.106833457946777
			vertex -70.32633209228516 120.9985580444336 15.106833457946777
		endloop
	endfacet
	facet normal 0 0 -1
		outer loop
			vertex -70.67427825927734 121.27603149414062 15.106833457946777
			vertex -39.58408737182617 126.37006378173828 15.106833457946777
			vertex -70.48467254638672 121.15689849853516 15.106833457946777
		endloop
	endfacet
	facet normal 0 0 -1
		outer loop
			vertex -70.8856430053711 121.34999084472656 15.106833457946777
			vertex -39.58408737182617 126.37006378173828 15.106833457946777
			vertex -70.67427825927734 121.27603149414062 15.106833457946777
		endloop
	endfacet
	facet normal 0 0 -1
		outer loop
			vertex -78.08409118652344 117.820068359375 15.106833457946777
			vertex -71.30816650390625 117.820068359375 15.106833457946777
			vertex -104.58409118652344 76.37006378173828 15.106833457946777
		endloop
	endfacet
	facet normal 0 0 -1
		outer loop
			vertex -78.35111236572266 117.85015106201172 15.106833457946777
			vertex -78.08409118652344 117.820068359375 15.106833457946777
			vertex -104.58409118652344 76.37006378173828 15.106833457946777
		endloop
	endfacet
	facet normal 0 0 -1
		outer loop
			vertex -78.60475158691406 117.93890380859375 15.106833457946777
			vertex -104.58409118652344 76.37006378173828 15.106833457946777
			vertex -109.58409118652344 81.37006378173828 15.106833457946777
		endloop
	endfacet
	facet normal 0 0 -1
		outer loop
			vertex -78.60475158691406 117.93890380859375 15.106833457946777
			vertex -78.35111236572266 117.85015106201172 15.106833457946777
			vertex -104.58409118652344 76.37006378173828 15.106833457946777
		endloop
	endfacet
	facet normal 0 0 -1
		outer loop
			vertex -78.832275390625 118.08187103271484 15.106833457946777
			vertex -78.60475158691406 117.93890380859375 15.106833457946777
			vertex -109.58409118652344 81.37006378173828 15.106833457946777
		endloop
	endfacet
	facet normal 0 0 -1
		outer loop
			vertex -79.02228546142578 118.27188110351562 15.106833457946777
			vertex -78.832275390625 118.08187103271484 15.106833457946777
			vertex -109.58409118652344 81.37006378173828 15.106833457946777
		endloop
	endfacet
	facet normal 0 0 -1
		outer loop
			vertex -109.58409118652344 126.37006378173828 15.106833457946777
			vertex -79.02228546142578 118.27188110351562 15.106833457946777
			vertex -109.58409118652344 81.37006378173828 15.106833457946777
		endloop
	endfacet
	facet normal 0 0 -1
		outer loop
			vertex -109.58409118652344 126.37006378173828 15.106833457946777
			vertex -79.25901794433594 120.59758758544922 15.106833457946777
			vertex -79.28408813476562 120.37506866455078 15.106833457946777
		endloop
	endfacet
	facet normal 0 0 -1
		outer loop
			vertex -109.58409118652344 126.37006378173828 15.106833457946777
			vertex -79.18505859375 120.80895233154297 15.106833457946777
			vertex -79.25901794433594 120.59758758544922 15.106833457946777
		endloop
	endfacet
	facet normal 0 0 -1
		outer loop
			vertex -109.58409118652344 126.37006378173828 15.106833457946777
			vertex -79.06591796875 120.9985580444336 15.106833457946777
			vertex -79.18505859375 120.80895233154297 15.106833457946777
		endloop
	endfacet
	facet normal 0 0 -1
		outer loop
			vertex -109.58409118652344 126.37006378173828 15.106833457946777
			vertex -78.90757751464844 121.15689849853516 15.106833457946777
			vertex -79.06591796875 120.9985580444336 15.106833457946777
		endloop
	endfacet
	facet normal 0 0 -1
		outer loop
			vertex -109.58409118652344 126.37006378173828 15.106833457946777
			vertex -78.71797180175781 121.27603149414062 15.106833457946777
			vertex -78.90757751464844 121.15689849853516 15.106833457946777
		endloop
	endfacet
	facet normal 0 0 -1
		outer loop
			vertex -109.58409118652344 126.37006378173828 15.106833457946777
			vertex -78.50660705566406 121.34999084472656 15.106833457946777
			vertex -78.71797180175781 121.27603149414062 15.106833457946777
		endloop
	endfacet
	facet normal 0 0 -1
		outer loop
			vertex -109.58409118652344 126.37006378173828 15.106833457946777
			vertex -79.28408813476562 120.37506866455078 15.106833457946777
			vertex -79.28408813476562 119.02006530761719 15.106833457946777
		endloop
	endfacet
	facet normal 0 0 -1
		outer loop
			vertex -109.58409118652344 126.37006378173828 15.106833457946777
			vertex -79.16525268554688 118.49940490722656 15.106833457946777
			vertex -79.02228546142578 118.27188110351562 15.106833457946777
		endloop
	endfacet
	facet normal 0 0 -1
		outer loop
			vertex -109.58409118652344 126.37006378173828 15.106833457946777
			vertex -79.2540054321289 118.75304412841797 15.106833457946777
			vertex -79.16525268554688 118.49940490722656 15.106833457946777
		endloop
	endfacet
	facet normal 0 0 -1
		outer loop
			vertex -109.58409118652344 126.37006378173828 15.106833457946777
			vertex -79.28408813476562 119.02006530761719 15.106833457946777
			vertex -79.2540054321289 118.75304412841797 15.106833457946777
		endloop
	endfacet
	facet normal 0 0 -1
		outer loop
			vertex -109.58409118652344 126.37006378173828 15.106833457946777
			vertex -39.58408737182617 126.37006378173828 15.106833457946777
			vertex -78.28408813476562 121.37506866455078 15.106833457946777
		endloop
	endfacet
	facet normal 0 0 -1
		outer loop
			vertex -78.28408813476562 121.37506866455078 15.106833457946777
			vertex -39.58408737182617 126.37006378173828 15.106833457946777
			vertex -71.10816192626953 121.37506866455078 15.106833457946777
		endloop
	endfacet
	facet normal 0 0 -1
		outer loop
			vertex -71.10816192626953 121.37506866455078 15.106833457946777
			vertex -39.58408737182617 126.37006378173828 15.106833457946777
			vertex -70.8856430053711 121.34999084472656 15.106833457946777
		endloop
	endfacet
	facet normal 0 0 -1
		outer loop
			vertex -109.58409118652344 126.37006378173828 15.106833457946777
			vertex -78.28408813476562 121.37506866455078 15.106833457946777
			vertex -78.50660705566406 121.34999084472656 15.106833457946777
		endloop
	endfacet
	facet normal 1 0 0
		outer loop
			vertex -46.58408737182617 121.67506408691406 19.106834411621094
			vertex -46.58408737182617 83.6700668334961 17.106834411621094
			vertex -46.58408737182617 121.67506408691406 17.106834411621094
		endloop
	endfacet
	facet normal 1 0 0
		outer loop
			vertex -46.58408737182617 121.67506408691406 19.106834411621094
			vertex -46.58408737182617 83.6700668334961 19.106834411621094
			vertex -46.58408737182617 83.6700668334961 17.106834411621094
		endloop
	endfacet
	facet normal -1 0 0
		outer loop
			vertex -50.83409118652344 84.6700668334961 17.106834411621094
			vertex -50.83409118652344 121.67506408691406 19.106834411621094
			vertex -50.83409118652344 121.67506408691406 17.106834411621094
		endloop
	endfacet
	facet normal -1 0 0
		outer loop
			vertex -50.83409118652344 84.6700668334961 17.106834411621094
			vertex -50.83409118652344 84.6700668334961 19.106834411621094
			vertex -50.83409118652344 121.67506408691406 19.106834411621094
		endloop
	endfacet
	facet normal 0 1 0
		outer loop
			vertex -50.83409118652344 121.67506408691406 17.106834411621094
			vertex -46.58408737182617 121.67506408691406 19.106834411621094
			vertex -46.58408737182617 121.67506408691406 17.106834411621094
		endloop
	endfacet
	facet normal 0 1 0
		outer loop
			vertex -50.83409118652344 121.67506408691406 19.106834411621094
			vertex -46.58408737182617 121.67506408691406 19.106834411621094
			vertex -50.83409118652344 121.67506408691406 17.106834411621094
		endloop
	endfacet
	facet normal 1 0 0
		outer loop
			vertex -98.33409118652344 121.67506408691406 17.106834411621094
			vertex -98.33409118652344 121.67506408691406 19.106834411621094
			vertex -98.33409118652344 84.6700668334961 19.106834411621094
		endloop
	endfacet
	facet normal 1 0 0
		outer loop
			vertex -98.33409118652344 121.67506408691406 17.106834411621094
			vertex -98.33409118652344 84.6700668334961 19.106834411621094
			vertex -98.33409118652344 84.6700668334961 17.106834411621094
		endloop
	endfacet
	facet normal 0 0 1
		outer loop
			vertex -46.58408737182617 121.67506408691406 19.106834411621094
			vertex -50.83409118652344 84.6700668334961 19.106834411621094
			vertex -46.58408737182617 83.6700668334961 19.106834411621094
		endloop
	endfacet
	facet normal 0 0 1
		outer loop
			vertex -50.83409118652344 121.67506408691406 19.106834411621094
			vertex -50.83409118652344 84.6700668334961 19.106834411621094
			vertex -46.58408737182617 121.67506408691406 19.106834411621094
		endloop
	endfacet
	facet normal 0 0 1
		outer loop
			vertex -101.58409118652344 121.67506408691406 19.106834411621094
			vertex -98.33409118652344 84.6700668334961 19.106834411621094
			vertex -98.33409118652344 121.67506408691406 19.106834411621094
		endloop
	endfacet
	facet normal 0 0 1
		outer loop
			vertex -101.58409118652344 121.67506408691406 19.106834411621094
			vertex -101.58409118652344 83.6700668334961 19.106834411621094
			vertex -98.33409118652344 84.6700668334961 19.106834411621094
		endloop
	endfacet
	facet normal 0 0 1
		outer loop
			vertex -101.58409118652344 83.6700668334961 19.106834411621094
			vertex -46.58408737182617 83.6700668334961 19.106834411621094
			vertex -50.83409118652344 84.6700668334961 19.106834411621094
		endloop
	endfacet
	facet normal 0 0 1
		outer loop
			vertex -101.58409118652344 83.6700668334961 19.106834411621094
			vertex -50.83409118652344 84.6700668334961 19.106834411621094
			vertex -98.33409118652344 84.6700668334961 19.106834411621094
		endloop
	endfacet
	facet normal 0 1 0
		outer loop
			vertex -50.83409118652344 84.6700668334961 17.106834411621094
			vertex -98.33409118652344 84.6700668334961 17.106834411621094
			vertex -98.33409118652344 84.6700668334961 19.106834411621094
		endloop
	endfacet
	facet normal 0 1 0
		outer loop
			vertex -50.83409118652344 84.6700668334961 17.106834411621094
			vertex -98.33409118652344 84.6700668334961 19.106834411621094
			vertex -50.83409118652344 84.6700668334961 19.106834411621094
		endloop
	endfacet
	facet normal -1 0 0
		outer loop
			vertex -101.58409118652344 83.6700668334961 19.106834411621094
			vertex -101.58409118652344 121.67506408691406 17.106834411621094
			vertex -101.58409118652344 83.6700668334961 17.106834411621094
		endloop
	endfacet
	facet normal -1 0 0
		outer loop
			vertex -101.58409118652344 83.6700668334961 19.106834411621094
			vertex -101.58409118652344 121.67506408691406 19.106834411621094
			vertex -101.58409118652344 121.67506408691406 17.106834411621094
		endloop
	endfacet
	facet normal 0 -1 0
		outer loop
			vertex -46.58408737182617 83.6700668334961 19.106834411621094
			vertex -101.58409118652344 83.6700668334961 19.106834411621094
			vertex -101.58409118652344 83.6700668334961 17.106834411621094
		endloop
	endfacet
	facet normal 0 -1 0
		outer loop
			vertex -46.58408737182617 83.6700668334961 19.106834411621094
			vertex -101.58409118652344 83.6700668334961 17.106834411621094
			vertex -46.58408737182617 83.6700668334961 17.106834411621094
		endloop
	endfacet
	facet normal 0 1 0
		outer loop
			vertex -101.58409118652344 121.67506408691406 19.106834411621094
			vertex -98.33409118652344 121.67506408691406 19.106834411621094
			vertex -98.33409118652344 121.67506408691406 17.106834411621094
		endloop
	endfacet
	facet normal 0 1 0
		outer loop
			vertex -101.58409118652344 121.67506408691406 19.106834411621094
			vertex -98.33409118652344 121.67506408691406 17.106834411621094
			vertex -101.58409118652344 121.67506408691406 17.106834411621094
		endloop
	endfacet
endsolid exported
